Timestamp, pos_x, pos_y, pos_z, cam_qx, cam_qy, cam_qz, cam_qw, ss_qx, ss_qy, ss_qz, ss_qw,gyro_x,gyro_y,gyro_z,acc_x,acc_y,acc_z,mag_x,mag_y,mag_z,alpha, isTracked
0.02,0.3060221,-0.3727169,1.152944,0.002292332,-0.01258077,0.01686423,0.9997761,0.00219054,0.01913935,0.000628782,-0.9998141,-0.03901359,0.0003323,-0.006646017,-0.0813667,1.0106,-0.06238632,0.05024511,-0.3230938,0.3681083,0.9885579,1
0.039999999,0.3060339,-0.3727104,1.152925,0.002285392,-0.01258371,0.01689859,0.9997754,0.00219054,0.01913935,0.000628782,-0.9998141,-0.03412681,-0.000889394,0.001905847,-0.07690907,1.016092,-0.06491223,0.05031234,-0.3211914,0.3635607,0.9701167,1
0.373333342,0.3060441,-0.3727224,1.152915,0.002226569,-0.0125941,0.01689385,0.9997756,0.00219054,0.01913935,0.000628782,-0.9998141,-0.03168342,-0.01677142,-0.005424321,-0.08061456,1.01371,-0.06587002,0.05214182,-0.3203097,0.3644652,0.949145,1
0.436355345,0.306038,-0.3727147,1.152923,0.002248724,-0.01257774,0.01693359,0.9997751,0.00219054,0.01913935,0.000628782,-0.9998141,-0.0353485,-0.005776173,-0.006646017,-0.07248533,1.008931,-0.06430653,0.05215413,-0.3231711,0.3644659,0.9428756,1
0.455624245,0.3060241,-0.372709,1.152911,0.00225617,-0.01259535,0.01687136,0.9997758,0.00219054,0.01913935,0.000628782,-0.9998141,-0.03779189,-0.008219562,-0.002980933,-0.07987847,1.013741,-0.06267375,0.05211575,-0.3212614,0.3662843,0.9493344,1
0.462083345,0.3060135,-0.3727288,1.152935,0.00228847,-0.01257404,0.01689118,0.9997757,0.00219054,0.01913935,0.000628782,-0.9998141,-0.03901359,0.001553995,-0.004202627,-0.08060808,1.017397,-0.06420285,0.04661778,-0.3181847,0.3626601,0.9413049,1
0.467234445,0.3060012,-0.3727358,1.152946,0.002243384,-0.01255954,0.01690461,0.9997758,0.00219054,0.01913935,0.000628782,-0.9998141,-0.02924003,-0.002111089,-0.006646017,-0.07516985,1.019932,-0.06717523,0.04750916,-0.3210796,0.3653867,0.9243381,1
0.472478545,0.3059992,-0.372722,1.152951,0.002237895,-0.01255691,0.01689494,0.999776,0.00219054,0.01913935,0.000628782,-0.9998141,-0.03290512,-0.009441256,-0.004202627,-0.07543226,1.013596,-0.06659295,0.04753656,-0.3239421,0.3644779,0.9119028,1
0.477673145,0.3060094,-0.3727204,1.152943,0.002246978,-0.01258457,0.01689127,0.9997756,0.00219054,0.01913935,0.000628782,-0.9998141,-0.03046173,-0.000889394,-0.01275449,-0.07741416,1.01147,-0.06435527,0.04937292,-0.3211538,0.3644725,0.9192569,1
0.488772746,0.306016,-0.3727237,1.152926,0.002219379,-0.01257267,0.01692509,0.9997752,0.00219054,0.01913935,0.000628782,-0.9998141,-0.02557495,0.002775689,-0.0103111,-0.07642871,1.010966,-0.06409982,0.04935916,-0.3249669,0.3662923,0.9315968,1
0.559223648,0.3060211,-0.3727074,1.152908,0.002256649,-0.01261065,0.01690115,0.9997751,-0.001622466,3.70604E-05,-0.000209848,0.9999985,-0.04512206,-0.006997867,-0.007867711,-0.08160722,1.015548,-0.05828032,0.05573634,-0.3175882,0.3699116,0.9379199,1
0.628158245,0.3060332,-0.3727056,1.152923,0.002243508,-0.01258376,0.01688018,0.9997759,-0.001622466,3.70604E-05,-0.000209848,0.9999985,-0.0365702,-0.005776173,-0.006646017,-0.07963964,1.012321,-0.05921198,0.05030956,-0.3240518,0.3644708,0.9334818,1
0.698706146,0.3060352,-0.3727161,1.15294,0.002288753,-0.01256139,0.01687731,0.9997761,-0.001575627,3.42457E-05,-0.000162288,0.9999985,-0.0365702,-0.003332783,-0.0103111,-0.0830994,1.010196,-0.05894406,0.04751605,-0.319173,0.3644768,0.9374316,1
0.768676247,0.3060307,-0.3727277,1.152924,0.002281131,-0.01258668,0.01692173,0.9997751,-0.001570324,-1.49738E-05,-0.000183192,0.9999986,-0.0365702,-0.009441256,-0.001759239,-0.07816756,1.009879,-0.05720703,0.04927009,-0.318286,0.3699284,0.9460029,1
0.838150549,0.3060299,-0.3727348,1.152944,0.002237825,-0.01260163,0.01689688,0.9997754,-0.00162104,-6.37535E-05,-0.000196213,0.9999986,-0.01946648,0.001553995,-0.0103111,-0.07692375,1.012497,-0.06019091,0.05488188,-0.3232777,0.3671871,0.9518219,1
0.908020053,0.3060245,-0.3727165,1.152937,0.00225821,-0.01258578,0.01690611,0.9997754,-0.001671719,-0.000116352,-0.000274837,0.9999986,-0.03779189,0.002775689,-0.004202627,-0.08061614,1.015231,-0.06195976,0.04748997,-0.3201247,0.3662959,0.9473658,1
0.978216555,0.3060309,-0.3727131,1.152938,0.002256815,-0.0125717,0.01689992,0.9997756,-0.001671719,-0.000116352,-0.000274837,0.9999986,-0.02801834,-0.002111089,-0.007867711,-0.0788947,1.012253,-0.06289563,0.04655875,-0.3219948,0.3672081,0.9384955,1
1.048456851,0.306036,-0.3727244,1.152932,0.002263094,-0.01260586,0.01690769,0.9997751,-0.00170358,-0.000161148,-0.000335158,0.9999985,-0.0365702,-0.003332783,-0.004202627,-0.07742126,1.010798,-0.06016762,0.05028217,-0.3211893,0.3653796,0.939977,1
1.118635449,0.3060393,-0.3727276,1.152944,0.002283654,-0.01259304,0.01687009,0.9997758,-0.001710791,-0.000193258,-0.000312782,0.9999984,-0.03412681,-0.005776173,-0.007867711,-0.07865103,1.014789,-0.05605024,0.05579391,-0.3204529,0.367184,0.943718,1
1.188266847,0.3060268,-0.3727205,1.152947,0.002269676,-0.01255944,0.01690934,0.9997756,-0.001636537,-0.000187391,-0.00030962,0.9999985,-0.03290512,-0.01066295,-0.007867711,-0.08110439,1.017438,-0.0619928,0.05027118,-0.3221421,0.3662893,0.9359635,1
1.26173995,0.3060074,-0.3727152,1.152937,0.002291582,-0.01257285,0.01692612,0.9997751,-0.001575532,-0.000188856,-0.000323859,0.9999987,-0.04512206,-0.002111089,-0.004202627,-0.08011795,1.016672,-0.06296238,0.04659991,-0.3210441,0.3644796,0.9231726,1
1.328065652,0.3059984,-0.3727338,1.152941,0.002230072,-0.01254844,0.01685413,0.9997768,-0.001575532,-0.000188856,-0.000323859,0.9999987,-0.04023528,-0.004554478,-0.009089405,-0.08110834,1.015227,-0.06294397,0.05211165,-0.3203076,0.366284,0.9170669,1
1.398615952,0.306,-0.3727309,1.152945,0.002277632,-0.01256951,0.01688889,0.9997758,-0.001516654,-0.000283693,-0.000355521,0.9999987,-0.03290512,-0.002111089,-0.0103111,-0.0739563,1.013617,-0.06314892,0.04941408,-0.3202031,0.361744,0.9184049,1
1.468000751,0.3060067,-0.3727163,1.15293,0.002239139,-0.01254871,0.01688502,0.9997762,-0.001520722,-0.000280869,-0.000345004,0.9999986,-0.03412681,-0.01066295,-0.01641957,-0.07963111,1.013729,-0.06316449,0.0456331,-0.3181439,0.3663002,0.9242544,1
1.538321252,0.3060224,-0.3727087,1.152933,0.00226851,-0.01257869,0.01689982,0.9997755,-0.001520722,-0.000280869,-0.000345004,0.9999986,-0.03168342,0.0003323,-0.0103111,-0.07543085,1.014332,-0.06635779,0.05208968,-0.3222131,0.3681034,0.9270453,1
1.608180251,0.3060344,-0.3727268,1.152949,0.002254044,-0.0125932,0.01691031,0.9997752,-0.001606737,-0.000270022,-0.000348204,0.9999985,-0.0365702,-0.005776173,-0.002980933,-0.08012304,1.012468,-0.0665882,0.05304829,-0.3232056,0.3662824,0.9282184,1
1.678295549,0.3060266,-0.3727278,1.152923,0.002217979,-0.01257969,0.01690413,0.9997756,-0.00168532,-0.000337352,-0.000394897,0.9999983,-0.05489562,0.0003323,-0.01275449,-0.07691401,1.014142,-0.06463836,0.05397951,-0.3213356,0.3653701,0.9311497,1
1.747981745,0.3060254,-0.3727161,1.152939,0.002269188,-0.0126056,0.01690727,0.9997751,-0.001748738,-0.000380488,-0.000452129,0.9999981,-0.04023528,-0.01066295,-0.001759239,-0.07813441,1.023041,-0.05887141,0.04931946,-0.319243,0.3672003,0.9251094,1
1.818978946,0.3060298,-0.3727154,1.152948,0.002267522,-0.01257631,0.01692391,0.9997752,-0.001748738,-0.000380488,-0.000452129,0.9999981,-0.03412681,-0.01188464,-0.006646017,-0.07346115,1.013087,-0.06535193,0.0511942,-0.3183644,0.3653765,0.9082633,1
1.888088349,0.3060297,-0.3727084,1.152901,0.002223892,-0.01258557,0.01689323,0.9997757,-0.001802471,-0.000445514,-0.000494632,0.9999982,-0.02435326,0.0003323,-0.009089405,-0.07913896,1.010977,-0.06705578,0.04564951,-0.3219592,0.3663011,0.9176319,1
1.958139751,0.3060441,-0.3727276,1.152929,0.00226403,-0.01261059,0.01694414,0.9997743,-0.001802471,-0.000445514,-0.000494632,0.9999982,-0.04390037,0.002775689,-0.01397618,-0.07739653,1.017538,-0.0669004,0.04659303,-0.3229506,0.3653895,0.9270578,1
2.028549354,0.3060458,-0.3727162,1.152933,0.002268111,-0.01257658,0.01693004,0.9997751,-0.001795274,-0.000462037,-0.00054471,0.9999979,-0.0365702,-0.003332783,-0.0103111,-0.07567557,1.015317,-0.06612685,0.05117633,-0.3212238,0.3671961,0.920314,1
2.098067555,0.3060289,-0.3727116,1.152928,0.002256823,-0.01256609,0.01690683,0.9997755,-0.001777054,-0.000466514,-0.000588798,0.999998,-0.02924003,-0.003332783,0.001905847,-0.07517742,1.018513,-0.06395985,0.05399049,-0.3203828,0.3644605,0.9168793,1
2.168371353,0.3060234,-0.3727281,1.152948,0.002244229,-0.01260749,0.0169265,0.9997748,-0.001826866,-0.000476975,-0.000615811,0.999998,-0.04023528,-0.000889394,-0.004202627,-0.08060878,1.020663,-0.05786012,0.05028759,-0.3259573,0.3662902,0.9080293,1
2.238415356,0.3060068,-0.3727244,1.152937,0.002267748,-0.01259044,0.016884,0.9997756,-0.001819264,-0.00042363,-0.000598982,0.9999981,-0.02679664,-0.004554478,-0.004202627,-0.07569246,1.010244,-0.06236724,0.04845957,-0.3201644,0.3635652,0.9034144,1
2.308229159,0.3060021,-0.3727285,1.152937,0.002215823,-0.01257059,0.0168894,0.9997759,-0.001819785,-0.00039302,-0.000566424,0.999998,-0.03168342,-0.005776173,-0.01153279,-0.08160964,1.01357,-0.05997213,0.05207869,-0.3231659,0.369013,0.9209075,1
2.37811556,0.3060064,-0.3727244,1.152945,0.002222037,-0.01256307,0.0168945,0.9997759,-0.001833046,-0.000371895,-0.000524521,0.999998,-0.02924003,-0.01066295,-0.006646017,-0.0786334,1.017849,-0.06395876,0.05018343,-0.3192754,0.3708358,0.924885,1
2.448269557,0.3060078,-0.3727301,1.152944,0.002253579,-0.01260866,0.01693278,0.9997747,-0.001870391,-0.000364321,-0.00047468,0.999998,-0.03412681,-0.006997867,0.001905847,-0.07667366,1.01446,-0.05923555,0.05305928,-0.3222529,0.3653727,0.9182599,1
2.518170256,0.3060088,-0.3727255,1.152951,0.002276306,-0.01257622,0.01687094,0.9997761,-0.001939279,-0.000329424,-0.000405691,0.9999979,-0.02924003,-0.01554973,-0.007867711,-0.07594251,1.009534,-0.0611288,0.0530168,-0.3193893,0.3671909,0.9241255,1
2.588089454,0.3060173,-0.3727124,1.152948,0.002271434,-0.01260318,0.01693894,0.9997746,-0.001929382,-0.000325692,-0.000362892,0.999998,-0.04878715,-0.000889394,-0.002980933,-0.08679399,1.011451,-0.06167464,0.04849107,-0.3239807,0.3626567,0.9384288,1
2.658916156,0.3060257,-0.3727069,1.15293,0.002315805,-0.01260089,0.01692795,0.9997747,-0.001929382,-0.000325692,-0.000362892,0.999998,-0.03046173,-0.000889394,-0.005424321,-0.07321079,1.015297,-0.06415439,0.04659171,-0.3191364,0.3644792,0.9405587,1
2.728092659,0.3060437,-0.3727216,1.152934,0.002272998,-0.01254924,0.0168918,0.999776,-0.001879721,-0.000390735,-0.000400196,0.999998,-0.04634375,-0.03143176,0.000684153,-0.08161232,1.009841,-0.06458784,0.0493675,-0.3163857,0.363562,0.936884,1
2.798428561,0.3060465,-0.3727283,1.152924,0.002214338,-0.01259,0.01694161,0.9997748,-0.001821347,-0.000417175,-0.000457251,0.9999981,-0.04512206,-0.003332783,-0.006646017,-0.07444708,1.015852,-0.06121628,0.05400148,-0.3194301,0.3635508,0.9407985,1
2.869534563,0.3060423,-0.3727248,1.152932,0.002260124,-0.01260848,0.01688467,0.9997755,-0.001788153,-0.000383279,-0.000427689,0.9999981,-0.04390037,-0.02043651,-0.009089405,-0.08160269,1.014996,-0.06269608,0.04846367,-0.3211182,0.3635655,0.9336578,1
2.938117262,0.3060239,-0.3727164,1.152923,0.002254335,-0.01259303,0.01689394,0.9997755,-0.001788153,-0.000383279,-0.000427689,0.9999981,-0.01702309,-0.0436487,-0.004202627,-0.07888191,1.018877,-0.06077928,0.05125587,-0.3221828,0.3626491,0.9253564,1
3.009501565,0.3060204,-0.3727246,1.15293,0.002253124,-0.01258236,0.01689792,0.9997755,-0.001758637,-0.000359729,-0.000420688,0.9999982,-0.0353485,-0.02776667,-0.01275449,-0.07544152,1.01721,-0.05312812,0.05490385,-0.3213722,0.3653678,0.9144256,1
3.078368265,0.3060218,-0.3727194,1.152939,0.002244118,-0.01259303,0.01691473,0.9997752,-0.001723001,-0.000313439,-0.000383252,0.9999983,-0.04756545,-0.01432803,-0.002980933,-0.07765705,1.015693,-0.05974729,0.0539987,-0.3222905,0.3644609,0.9124261,1
3.148353066,0.3060338,-0.3727092,1.152944,0.002278839,-0.01258973,0.01687608,0.9997757,-0.001802498,-0.000193365,-0.000336672,0.9999982,-0.03046173,-0.02654498,-0.005424321,-0.07052121,1.008751,-0.05717197,0.05210887,-0.323168,0.3671941,0.9194705,1
3.218092564,0.3060308,-0.3727171,1.15293,0.002255538,-0.01259438,0.01692419,0.999775,-0.00186374,-0.000224732,-0.000352973,0.9999982,-0.03168342,-0.05342225,0.004349235,-0.08209763,1.010009,-0.07048978,0.05034252,-0.3211935,0.3617419,0.9391853,1
3.288408067,0.3060196,-0.3727299,1.152925,0.002247114,-0.012579,0.01691742,0.9997753,-0.001943591,-0.000274898,-0.000389376,0.999998,-0.04267867,-0.04975717,-0.002980933,-0.0781685,1.000866,-0.0725601,0.04846367,-0.3211182,0.3635655,0.950999,1
3.358046468,0.3059981,-0.3727241,1.152935,0.002258875,-0.01256313,0.01688636,0.9997759,-0.002003134,-0.000283646,-0.000418402,0.9999977,-0.04390037,-0.0436487,-0.005424321,-0.07715455,1.017586,-0.06321405,0.05221448,-0.3231753,0.3608281,0.9613138,1
3.428306069,0.3059933,-0.3727258,1.152951,0.002253194,-0.01260261,0.01690749,0.9997752,-0.002004684,-0.000269472,-0.000379822,0.9999977,-0.03290512,-0.008219562,-0.000537541,-0.07199508,1.015224,-0.05063337,0.05588986,-0.3252271,0.362638,0.9438566,1
3.498211171,0.3059994,-0.3727172,1.152949,0.002276447,-0.01254884,0.01690429,0.9997758,-0.001995965,-0.000198331,-0.000291305,0.9999978,-0.02801834,0.006440773,-0.005424321,-0.08503109,1.02104,-0.07163917,0.05685813,-0.3214527,0.358997,0.9305887,1
3.56808957,0.3060206,-0.3727177,1.152942,0.002209435,-0.01257455,0.01687979,0.999776,-0.001995965,-0.000198331,-0.000291305,0.9999978,-0.02679664,0.01743602,-0.009089405,-0.07518101,1.016047,-0.06564463,0.05674564,-0.3233519,0.3662729,0.9108297,1
3.63806967,0.3060302,-0.3727211,1.152935,0.00226403,-0.01256521,0.01693217,0.9997751,-0.002062279,-0.000121517,-0.000257397,0.9999977,-0.02190987,0.005219078,-0.004202627,-0.07790583,1.016473,-0.05680998,0.05684715,-0.3224054,0.3599066,0.9094136,1
3.70848317,0.3060357,-0.3727277,1.152947,0.002306615,-0.0126088,0.01691288,0.9997748,-0.002114613,-9.21059E-05,-0.000230666,0.9999977,-0.0365702,0.001553995,-0.005424321,-0.07420534,1.014149,-0.06045382,0.05585148,-0.3233174,0.3644564,0.9128394,1
3.778226267,0.3060254,-0.3727172,1.152914,0.002258584,-0.01257822,0.0168994,0.9997756,-0.002114421,-6.18341E-05,-0.000219462,0.9999976,-0.05123053,0.001553995,-0.007867711,-0.07595477,1.003405,-0.06276077,0.05582818,-0.3214088,0.3653654,0.9256592,1
3.848083566,0.3060313,-0.3727223,1.152937,0.002282497,-0.01255646,0.01691564,0.9997755,-0.002202819,4.71587E-06,-0.000214654,0.9999975,-0.03901359,0.01377094,-0.01641957,-0.07171714,1.01211,-0.0798336,0.05404118,-0.325154,0.3626427,0.9487181,1
3.918704267,0.3060345,-0.3727157,1.15292,0.002278384,-0.01258006,0.01692673,0.9997751,-0.002259337,4.30991E-05,-0.000159147,0.9999974,-0.04023528,-0.006997867,-0.007867711,-0.08161422,1.014374,-0.05506847,0.05305107,-0.3203452,0.3653723,0.94725,1
3.988157566,0.3060472,-0.3727279,1.152939,0.002252593,-0.01259266,0.01688964,0.9997756,-0.002289121,2.02184E-05,-0.000157499,0.9999973,-0.03290512,0.01743602,-0.009089405,-0.07173146,1.012773,-0.0678008,0.05308535,-0.3213011,0.3635536,0.9405842,1
4.058380667,0.3060468,-0.3727175,1.152937,0.002283784,-0.01259819,0.01691316,0.999775,-0.002289121,2.02184E-05,-0.000157499,0.9999973,-0.04145698,0.01865772,-0.007867711,-0.08999535,1.025732,-0.04099865,0.05031644,-0.3221452,0.363561,0.9314438,1
4.128291968,0.3060288,-0.3727164,1.152945,0.002237214,-0.01256065,0.0168998,0.9997758,-0.002298332,0.000111388,-0.000125966,0.9999972,-0.02801834,0.008884161,-0.01153279,-0.08109329,1.020071,-0.06571719,0.04935095,-0.3230593,0.3662919,0.901778,1
4.198531668,0.3060104,-0.372723,1.15294,0.002247794,-0.01255473,0.01690078,0.9997758,-0.002132898,0.000112936,-0.000118448,0.9999976,-0.04390037,-0.002111089,-0.002980933,-0.07518427,1.013577,-0.06757511,0.05036171,-0.3221484,0.3608327,0.8944089,1
4.268056165,0.305995,-0.3727266,1.152942,0.002265044,-0.01255675,0.0168363,0.9997769,-0.002063362,8.67698E-05,-0.000150557,0.9999977,-0.04023528,-0.004554478,-0.006646017,-0.07471601,1.012097,-0.05108646,0.05304009,-0.321298,0.3662819,0.9093326,1
4.338429268,0.3060024,-0.3727238,1.152937,0.002256014,-0.01256367,0.01689881,0.9997758,-0.002063362,8.67698E-05,-0.000150557,0.9999977,-0.02679664,-0.003332783,-0.004202627,-0.07988063,1.012011,-0.06412336,0.0549327,-0.31756,0.3626385,0.9259061,1
4.408166166,0.3060102,-0.3727196,1.15294,0.002312075,-0.01258927,0.01688478,0.9997755,-0.001917505,3.40644E-05,-0.00021856,0.9999981,-0.02801834,0.003997383,-0.002980933,-0.06313796,1.004553,-0.05021191,0.05401378,-0.3222915,0.3635515,0.938729,1
4.478217568,0.3060176,-0.3727176,1.152931,0.002255738,-0.01256924,0.01689581,0.9997757,-0.001747105,-3.43429E-05,-0.000265984,0.9999983,-0.04390037,0.003997383,-0.01641957,-0.07765842,1.013202,-0.06315203,0.05677859,-0.3204936,0.3635439,0.9565682,1
4.54841667,0.3060234,-0.3727203,1.152931,0.002236282,-0.01259272,0.01691898,0.9997751,-0.00169044,-7.00937E-05,-0.000308166,0.9999985,-0.03168342,-0.000889394,0.000684153,-0.07770094,1.014683,-0.02827512,0.05036581,-0.3231021,0.3608329,0.9515774,1
4.618077572,0.3060153,-0.3727181,1.152918,0.00226183,-0.01257913,0.01689162,0.9997756,-0.001687119,-0.000121423,-0.000384965,0.9999984,-0.04756545,-0.009441256,-0.005424321,-0.07917523,1.014142,-0.0339235,0.05127096,-0.3221839,0.3617397,0.9451742,1
4.688192475,0.30602,-0.3727177,1.152931,0.002263622,-0.01259099,0.01688548,0.9997756,-0.001687119,-0.000121423,-0.000384965,0.9999984,-0.04145698,0.003997383,0.001905847,-0.08161674,1.012898,-0.05578448,0.05305107,-0.3203452,0.3653723,0.9422389,1
4.758274879,0.3060252,-0.37272,1.152928,0.002271149,-0.01258554,0.0169143,0.9997752,-0.001694728,-0.000129621,-0.000430727,0.9999983,-0.03046173,0.001553995,-0.002980933,-0.07147488,1.012406,-0.07590506,0.05030135,-0.3221442,0.3644704,0.9408644,1
4.828275378,0.306033,-0.372728,1.15292,0.002223335,-0.01263193,0.01690947,0.9997748,-0.001623562,-0.000190781,-0.000403902,0.9999985,-0.03412681,0.006440773,-0.01397618,-0.08061245,1.012683,-0.06929589,0.05309223,-0.3193945,0.3626437,0.9397048,1
4.898027975,0.3060377,-0.3727173,1.152919,0.002239473,-0.01259161,0.01692161,0.9997751,-0.001557612,-0.000149855,-0.000404713,0.9999986,-0.05000884,-0.000889394,-0.009089405,-0.07570046,1.010835,-0.05524866,0.05211985,-0.3222152,0.3662845,0.9399179,1
4.968453776,0.3060318,-0.3727104,1.152922,0.002268731,-0.01257514,0.0168919,0.9997758,-0.001536341,-6.88908E-05,-0.000381845,0.9999988,-0.0353485,-0.003332783,-0.005424321,-0.07791999,1.01187,-0.05428598,0.05120241,-0.3202721,0.365377,0.9460443,1
5.038202676,0.3060345,-0.3727138,1.152936,0.002309488,-0.01259736,0.01689789,0.9997752,-0.001636962,-4.5669E-05,-0.000374483,0.9999985,-0.02924003,-0.01188464,-0.01764126,-0.07002738,1.005478,-0.06326763,0.05026708,-0.3211883,0.366289,0.9525034,1
5.108395878,0.306022,-0.3727235,1.152925,0.002213992,-0.01256442,0.01689598,0.9997759,-0.001714215,-3.95019E-05,-0.000417793,0.9999983,-0.0365702,-0.02654498,-0.004202627,-0.07518737,1.016369,-0.0602425,0.04747079,-0.3191698,0.3672051,0.9629077,1
5.178462576,0.306012,-0.3727129,1.152919,0.002280668,-0.01257529,0.01690209,0.9997755,-0.001780327,-9.01205E-05,-0.000438931,0.9999982,-0.02924003,-0.02532328,-0.01153279,-0.08894021,1.014418,-0.1128415,0.05120241,-0.3202721,0.365377,0.9446955,1
5.248049374,0.3060058,-0.3727037,1.152928,0.00228119,-0.01260767,0.01690312,0.9997751,-0.001896555,-8.2253E-05,-0.000460239,0.999998,-0.05367392,-0.0668609,-0.0762826,-0.06823348,0.9698662,0.009750688,0.0567676,-0.3214464,0.3644536,0.9304054,1
5.318123575,0.3060063,-0.3727207,1.152938,0.002256754,-0.01255057,0.01690558,0.9997758,-0.001896555,-8.2253E-05,-0.000460239,0.999998,-0.02557495,-0.03387515,-0.01397618,-0.07222871,1.009817,-0.07021701,0.05768784,-0.3205291,0.364451,0.9504431,1
5.388314675,0.3060089,-0.3727381,1.152937,0.002245971,-0.01255318,0.01690435,0.9997758,-0.001908688,-7.45405E-05,-0.000473574,0.9999979,-0.05489562,-0.02776667,-0.01275449,-0.08188222,1.015119,-0.03763069,0.05768784,-0.3205291,0.364451,0.9549694,1
5.458193276,0.306019,-0.3727265,1.152941,0.002258608,-0.0125588,0.01688561,0.999776,-0.001883547,-2.76169E-05,-0.000481279,0.999998,-0.0353485,-0.01554973,-0.006646017,-0.09198745,1.015199,-0.04601261,0.05499027,-0.3204246,0.3599109,0.9446067,1
5.528111379,0.3060263,-0.3727104,1.152925,0.002250462,-0.01259877,0.01691689,0.999775,-0.001883547,-2.76169E-05,-0.000481279,0.999998,-0.03046173,-0.003332783,-0.02008465,-0.07889353,1.00823,-0.07094777,0.05401657,-0.3194311,0.3626414,0.9380642,1
5.598437178,0.3060364,-0.3727161,1.152945,0.002271194,-0.01258221,0.01693029,0.9997749,-0.001874705,-3.60034E-05,-0.000474385,0.9999979,-0.0353485,-0.008219562,0.001905847,-0.06458215,1.012196,-0.06408846,0.05956258,-0.3196506,0.3626271,0.9471119,1
5.668087679,0.3060306,-0.3727338,1.152945,0.002232913,-0.01260217,0.01688881,0.9997755,-0.001788555,-4.91913E-05,-0.000469576,0.9999983,-0.03168342,-0.008219562,-0.004202627,-0.05993326,1.022318,-0.01629922,0.05490531,-0.3146975,0.3635473,0.9446443,1
5.738136682,0.3060185,-0.3727296,1.152936,0.002252175,-0.01255536,0.01689969,0.9997759,-0.001783732,-3.96505E-05,-0.000479571,0.9999982,-0.03046173,-0.02043651,-0.02741482,-0.08506355,1.016643,-0.05486391,0.05777148,-0.322442,0.3599043,0.9259197,1
5.808330979,0.3060133,-0.3727215,1.152942,0.002296745,-0.01256246,0.01688509,0.9997759,-0.001844561,-7.74131E-05,-0.000521172,0.999998,-0.04023528,-0.003332783,-0.000537541,-0.07423106,0.9956394,-0.07394961,0.05683763,-0.3166836,0.3589959,0.9247116,1
5.878411676,0.3060195,-0.3727126,1.152928,0.002218998,-0.01260147,0.01687076,0.9997759,-0.001844561,-7.74131E-05,-0.000521172,0.999998,-0.03168342,0.005219078,-0.000537541,-0.09645287,1.010797,-0.03563802,0.05865056,-0.3224754,0.3626302,0.9478676,1
5.948086973,0.3060364,-0.3727205,1.152929,0.00229665,-0.01257857,0.0169185,0.9997752,-0.001844561,-7.74131E-05,-0.000521172,0.999998,-0.03412681,-0.01066295,-0.001759239,-0.09028859,1.002699,-0.04681117,0.05768374,-0.3195753,0.3644508,0.9567551,1
6.018510874,0.3060485,-0.3727271,1.152943,0.002218757,-0.01256488,0.01692332,0.9997754,-0.001960218,0.000164042,-0.000325178,0.999998,-0.02924003,-0.01188464,-0.004202627,-0.08309403,1.016151,-0.05239435,0.05682664,-0.3176363,0.3599055,0.9654735,1
6.088337276,0.306038,-0.3727199,1.15294,0.002254565,-0.01261001,0.01691554,0.9997749,-0.001975322,0.000232705,-0.00030673,0.9999979,-0.03901359,-0.002111089,0.005570929,-0.07275226,1.009163,-0.04858169,0.05768653,-0.3167149,0.3635406,0.9536372,1
6.158508073,0.3060171,-0.3727109,1.152934,0.00223864,-0.01255035,0.01691498,0.9997756,-0.002028343,0.000236208,-0.000272422,0.9999979,-0.02801834,-0.002111089,-0.002980933,-0.09397712,1.000628,-0.06006156,0.05397541,-0.3203818,0.3653699,0.9617077,1
6.228291872,0.3059985,-0.3727131,1.152924,0.002277974,-0.01256915,0.01688864,0.9997758,-0.002041564,0.000240894,-0.000274126,0.9999978,-0.02924003,-0.01066295,-0.01275449,-0.09789332,1.020153,-0.0492935,0.05588033,-0.3195053,0.3617272,0.9664211,1
6.298085976,0.306002,-0.3727295,1.152944,0.002221429,-0.01259471,0.01689445,0.9997755,-0.002041564,0.000240894,-0.000274126,0.9999978,-0.0353485,-0.004554478,-0.01886296,-0.095162,1.01439,-0.07255118,0.05773179,-0.316718,0.3608123,0.9372892,1
6.368426773,0.3060087,-0.3727284,1.152932,0.002294743,-0.01260005,0.01696132,0.9997741,-0.00201425,0.000255223,-0.000300308,0.9999978,-0.04023528,-0.01921481,-0.005424321,-0.08286419,1.015584,-0.04058897,0.05769883,-0.3195764,0.3635413,0.9245216,1
6.438374277,0.3060282,-0.3727241,1.152946,0.002256761,-0.01257541,0.01687338,0.9997761,-0.002006307,0.000273377,-0.000336173,0.9999978,-0.03901359,0.0003323,-0.009089405,-0.08162253,1.014969,-0.04770418,0.0549327,-0.31756,0.3626385,0.9234898,1
6.508293073,0.3060245,-0.3727202,1.152917,0.002262444,-0.01257297,0.01689517,0.9997756,-0.002006307,0.000273377,-0.000336173,0.9999978,-0.03168342,-0.008219562,-0.009089405,-0.081859,1.00809,-0.06775811,0.05497518,-0.3204236,0.3608204,0.9282774,1
6.578231375,0.3060243,-0.3727215,1.152929,0.002238057,-0.01256267,0.01692535,0.9997754,-0.001958922,0.000254683,-0.000369354,0.9999978,-0.03779189,-0.01554973,-0.0103111,-0.08802965,1.00448,-0.07263644,0.05677449,-0.3195398,0.3635437,0.9458941,1
6.648258876,0.3060256,-0.3727141,1.152939,0.002260402,-0.01259664,0.01689208,0.9997754,-0.001874705,0.000168936,-0.000407476,0.999998,-0.02313156,-0.003332783,-0.004202627,-0.08088633,1.00397,-0.0642556,0.05779214,-0.3167222,0.3571746,0.9655407,1
6.718457978,0.3060292,-0.3727152,1.152931,0.002272809,-0.01256177,0.01690722,0.9997756,-0.001817961,0.000146577,-0.000379632,0.9999982,-0.03412681,0.003997383,-0.006646017,-0.07744084,1.006507,-0.05297862,0.05860675,-0.3157977,0.3635381,0.9795657,1
6.788069281,0.3060267,-0.372713,1.152912,0.002301947,-0.01256926,0.01686809,0.9997761,-0.001804391,0.000127377,-0.00038761,0.9999982,-0.04023528,-0.008219562,0.000684153,-0.06851596,1.024149,-0.05345698,0.05864923,-0.3186612,0.3617199,0.9747591,1
6.858485583,0.3060346,-0.3727303,1.15293,0.002227798,-0.01259143,0.01689873,0.9997755,-0.001784889,2.48354E-05,-0.000485601,0.9999982,-0.03779189,-0.01188464,-0.02374974,-0.08828868,1.000111,-0.07109949,0.05584884,-0.315689,0.3626357,0.9447739,1
6.928116086,0.3060251,-0.372723,1.152935,0.002243143,-0.01259397,0.01691809,0.9997751,-0.001784889,2.48354E-05,-0.000485601,0.9999982,-0.03290512,0.002775689,-0.02741482,-0.08565769,1.047098,-0.1113387,0.05671004,-0.3185818,0.3671812,0.9301008,1
6.998002383,0.3060206,-0.3727198,1.152939,0.002279714,-0.0126009,0.01687912,0.9997755,-0.001861081,-3.19338E-05,-0.000525298,0.999998,-0.0365702,0.01010586,-0.005424321,-0.08727057,1.025558,-0.04934539,0.05403444,-0.3165717,0.3608218,0.8471969,1
7.06954788,0.3060147,-0.3727173,1.152935,0.002219373,-0.01257166,0.01691209,0.9997755,-0.001878247,-9.33819E-05,-0.000519244,0.9999979,-0.02801834,-0.0216582,-0.007867711,-0.09942221,1.000676,-0.04729594,0.05770571,-0.3176697,0.3626314,0.8463882,1
7.138083178,0.3060149,-0.3727125,1.152927,0.002297845,-0.0126108,0.01688206,0.9997753,-0.001871805,-0.0001601,-0.000543384,0.999998,-0.04023528,-0.01432803,-0.01641957,-0.07174503,1.003902,-0.07332541,0.05307173,-0.3146254,0.3626426,0.9035094,1
7.208251778,0.3060209,-0.3727162,1.152941,0.002252014,-0.01256507,0.0168931,0.9997758,-0.001871805,-0.0001601,-0.000543384,0.999998,-0.02679664,-0.005776173,-0.01886296,-0.1084975,1.010278,-0.07129578,0.05586392,-0.31569,0.3617263,0.9400334,1
7.278334576,0.3060157,-0.3727189,1.152933,0.002243643,-0.01256031,0.01687201,0.9997763,-0.001806496,-0.00021383,-0.000576299,0.9999982,-0.03412681,-0.002111089,-0.02497143,-0.08454937,1.027429,-0.0513318,0.05495468,-0.3156545,0.3608192,0.9322374,1
7.349456775,0.3060121,-0.3727319,1.152928,0.002248505,-0.01258428,0.01689202,0.9997756,-0.001832208,-0.000229559,-0.000584791,0.999998,-0.02679664,-0.009441256,0.004349235,-0.08978654,1.003846,-0.05125022,0.05677727,-0.3166794,0.3626336,0.9076489,1
7.418228473,0.3060062,-0.3727282,1.152919,0.002285767,-0.01253364,0.01689573,0.9997761,-0.001895136,-0.000243843,-0.000585674,0.999998,-0.0365702,-0.01799312,-0.007867711,-0.09941585,1.006369,-0.04197126,0.05950912,-0.3177398,0.365355,0.9357035,1
7.489401873,0.3060173,-0.3727145,1.152928,0.002289674,-0.0126134,0.01691916,0.9997748,-0.001844772,-0.000291349,-0.000593842,0.999998,-0.03168342,-0.008219562,-0.01519788,-0.0944477,1.008651,-0.06312762,0.05582554,-0.3137803,0.3635447,0.9555361,1
7.558040972,0.3060324,-0.3727014,1.152921,0.002235995,-0.01259225,0.0168677,0.999776,-0.001844772,-0.000291349,-0.000593842,0.999998,-0.0365702,-0.01554973,-0.006646017,-0.09121537,1.020841,-0.06010061,0.05867121,-0.3167557,0.3599005,0.951441,1
7.629298169,0.3060434,-0.3727226,1.152928,0.002270486,-0.01261067,0.01691869,0.9997749,-0.00173317,-0.000356493,-0.000611528,0.9999982,-0.05367392,-0.01799312,-0.02497143,-0.1356917,0.9911181,-0.06567937,0.05673479,-0.3138159,0.3644517,0.9322621,1
7.698286067,0.3060327,-0.3727324,1.152904,0.00222957,-0.01261125,0.01689597,0.9997753,-0.001675884,-0.00039611,-0.000607392,0.9999982,-0.04145698,-0.0216582,-0.01153279,-0.1070015,1.032131,-0.04408187,0.05595167,-0.3185567,0.3571798,0.9349537,1
7.768166165,0.3060259,-0.372727,1.152935,0.002234243,-0.01260849,0.01689126,0.9997754,-0.001585643,-0.000444055,-0.000627932,0.9999985,-0.05123053,-0.03387515,-0.01397618,-0.08928204,1.005216,-0.05716706,0.05673612,-0.3176301,0.3653621,0.8987399,1
7.838246967,0.3060075,-0.3727107,1.152941,0.002249837,-0.01254837,0.01685412,0.9997767,-0.001522734,-0.000631469,-0.000735088,0.9999983,-0.02801834,-0.02654498,0.000684153,-0.09988505,1.018388,-0.03895088,0.05490253,-0.3175579,0.3644574,0.9179642,1
7.909267265,0.3060044,-0.3727206,1.152931,0.002264425,-0.01256744,0.01688282,0.999776,-0.001522734,-0.000631469,-0.000735088,0.9999983,-0.03168342,-0.01188464,0.003127541,-0.1018422,1.021498,-0.04612768,0.05958045,-0.3167912,0.3608076,0.9102262,1
7.978135865,0.3060119,-0.3727206,1.152923,0.002254926,-0.01256456,0.01690347,0.9997757,-0.001469771,-0.000695923,-0.000760935,0.9999983,-0.02924003,-0.0216582,-0.03107991,-0.1003571,1.010888,-0.06858119,0.05673889,-0.3147697,0.364452,0.8976294,1
8.048482868,0.3060289,-0.3727148,1.152936,0.002259919,-0.01258422,0.01689229,0.9997756,-0.001548436,-0.000747735,-0.000791857,0.999998,-0.02435326,-0.003332783,-0.01397618,-0.09863614,1.019194,-0.04903574,0.0568404,-0.3138232,0.3580857,0.9052932,1
8.120131168,0.3060307,-0.372715,1.152938,0.002251989,-0.01259523,0.01694277,0.9997746,-0.001548436,-0.000747735,-0.000791857,0.999998,-0.02679664,-0.004554478,-0.006646017,-0.09419061,1.014796,-0.06002071,0.05678005,-0.313819,0.3617235,0.9013033,1
8.188198071,0.3060232,-0.3727245,1.152933,0.002213892,-0.01259074,0.01690813,0.9997754,-0.00158358,-0.000728695,-0.000791367,0.9999981,-0.05000884,-0.01554973,-0.007867711,-0.08728436,1.010172,-0.0663269,0.05770029,-0.3129017,0.3617209,0.9081627,1
8.258298072,0.306015,-0.3727301,1.152939,0.002257266,-0.01258224,0.01687878,0.9997758,-0.001620168,-0.00076423,-0.000789556,0.999998,-0.02679664,-0.01066295,-0.02130635,-0.1025896,1.009312,-0.06241985,0.05775376,-0.3148125,0.358993,0.9246837,1
8.328349072,0.3060014,-0.3727186,1.152922,0.002264656,-0.01255268,0.01692671,0.9997754,-0.001627879,-0.000698617,-0.000719371,0.9999982,-0.04267867,-0.006997867,0.003127541,-0.09176039,0.9978696,-0.06198243,0.05678005,-0.313819,0.3617235,0.9397717,1
8.398092169,0.3060183,-0.3727131,1.152942,0.002278777,-0.0125783,0.01690185,0.9997754,-0.001724476,-0.000663704,-0.000644578,0.9999979,-0.02679664,-0.01554973,0.009236012,-0.08583095,1.005183,-0.05470048,0.057677,-0.310993,0.3626298,0.962705,1
8.468187872,0.3060274,-0.3727249,1.15294,0.002248848,-0.01257178,0.01689991,0.9997756,-0.001813211,-0.000562292,-0.000523747,0.999998,-0.02435326,-0.02043651,-0.009089405,-0.09100716,1.01375,-0.04353166,0.05585162,-0.3128286,0.3617256,0.9724699,1
8.538339074,0.306042,-0.3727389,1.15294,0.002218782,-0.0126073,0.01692347,0.9997748,-0.001830754,-0.000537277,-0.000449794,0.999998,-0.04390037,-0.01310634,-0.02008465,-0.08509034,1.006166,-0.05323826,0.06139485,-0.3159084,0.3626215,0.963407,1
8.608191076,0.3060395,-0.3727119,1.152931,0.002265937,-0.01256601,0.01690877,0.9997755,-0.001830754,-0.000537277,-0.000449794,0.999998,-0.04145698,-0.02410159,-0.01275449,-0.09592842,1.0147,-0.05215917,0.06040196,-0.3139601,0.3662612,0.9654062,1
8.678149279,0.3060319,-0.372711,1.152939,0.002284115,-0.01259891,0.01691531,0.9997749,-0.001850001,-0.000480092,-0.000398819,0.999998,-0.04267867,-0.0216582,-0.02741482,-0.09814626,1.016718,-0.05071916,0.06048838,-0.3130125,0.3608043,0.9475303,1
8.748311881,0.3060214,-0.3727195,1.152919,0.00230765,-0.01255193,0.01689225,0.9997759,-0.001805933,-0.000474512,-0.000366221,0.9999981,-0.04634375,0.001553995,0.001905847,-0.1181131,1.013649,-0.0708765,0.05590787,-0.311879,0.3580877,0.9280081,1
8.818517584,0.3060142,-0.3727287,1.152928,0.002237976,-0.0125583,0.0168733,0.9997763,-0.001797841,-0.000484231,-0.000360327,0.9999981,-0.03412681,-0.004554478,-0.0103111,-0.06955586,1.00346,-0.0502119,0.05860953,-0.3129373,0.3626279,0.9236962,1
8.888389084,0.3060121,-0.3727179,1.152925,0.002187823,-0.01256653,0.01689752,0.9997759,-0.001758644,-0.000546718,-0.000432299,0.9999982,-0.04023528,-0.009441256,-0.006646017,-0.09939995,1.010201,-0.04718753,0.06508399,-0.3141471,0.3626116,0.9465522,1
8.958486784,0.3060082,-0.3727078,1.15293,0.002302845,-0.01257712,0.01686262,0.9997761,-0.001758644,-0.000546718,-0.000432299,0.9999982,-0.02435326,-0.004554478,-0.004202627,-0.1117164,1.014981,-0.05441387,0.05860544,-0.3119834,0.3626277,0.9474799,1
9.02814738,0.3060111,-0.3727227,1.152944,0.002202357,-0.01257782,0.0169385,0.999775,-0.001777916,-0.000540852,-0.000356796,0.9999982,-0.04023528,-0.005776173,0.000684153,-0.100381,1.00464,-0.06160975,0.05957225,-0.3148836,0.3608072,0.9376932,1
9.098115477,0.3060156,-0.3727358,1.152945,0.002266134,-0.01254223,0.01689024,0.9997761,-0.001777916,-0.000540852,-0.000356796,0.9999982,-0.03290512,0.003997383,-0.01764126,-0.1008354,1.025515,-0.05404758,0.06137976,-0.3159074,0.363531,0.9408985,1
9.168346378,0.3060142,-0.3727155,1.152918,0.002258631,-0.01256944,0.01692175,0.9997753,-0.00179535,-0.000564883,-0.000388281,0.9999982,-0.04512206,-0.005776173,-0.02130635,-0.08949546,1.020637,-0.05493242,0.05862462,-0.3129383,0.3617185,0.9065374,1
9.23810048,0.3060216,-0.3727136,1.152928,0.002293239,-0.01257084,0.0169221,0.9997752,-0.001810724,-0.000580877,-0.000399054,0.9999979,-0.04390037,0.006440773,-0.007867711,-0.09172277,1.010731,-0.06757466,0.06141683,-0.3140029,0.3608022,0.8959944,1
9.308310378,0.3060223,-0.3727168,1.152932,0.002268361,-0.01261136,0.01691457,0.9997749,-0.001820246,-0.000461608,-0.000386284,0.9999982,-0.03901359,0.005219078,-0.005424321,-0.09346305,1.010412,-0.05823534,0.06043491,-0.3111017,0.3635322,0.9130762,1
9.378425475,0.3060261,-0.3727228,1.152924,0.002249937,-0.01257012,0.016907,0.9997755,-0.001829918,-0.00041304,-0.00037816,0.9999982,-0.03290512,-0.01188464,-0.02741482,-0.06735931,0.9919055,-0.05249745,0.05957225,-0.3148836,0.3608072,0.9328229,1
9.448098372,0.3060246,-0.3727152,1.152911,0.002266687,-0.01260938,0.01693718,0.9997745,-0.001857815,-0.000343122,-0.000351324,0.999998,-0.04267867,0.003997383,-0.000537541,-0.0993788,1.011467,-0.06096848,0.05955584,-0.3110683,0.3608062,0.953616,1
9.518297571,0.3060338,-0.3727116,1.152921,0.002249137,-0.01258365,0.01690986,0.9997753,-0.00183775,-0.000358875,-0.000359646,0.9999981,-0.02068817,-0.01554973,0.008014318,-0.09148846,1.009863,-0.05969715,0.05771406,-0.3090885,0.3599011,0.9513288,1
9.588493373,0.3060374,-0.3727154,1.152926,0.002225266,-0.01260203,0.01688378,0.9997756,-0.00183775,-0.000358875,-0.000359646,0.9999981,-0.03779189,-0.009441256,-0.02130635,-0.0902475,1.012514,-0.06046963,0.06054185,-0.3149233,0.3580765,0.9498671,1
9.658131975,0.3060336,-0.3727246,1.152924,0.002253865,-0.0125822,0.01691393,0.9997753,-0.001827081,-0.000487632,-0.000409249,0.9999982,-0.02557495,-0.009441256,-0.02619313,-0.1092381,1.021326,-0.05130439,0.05860953,-0.3129373,0.3626279,0.9379252,1
9.728167776,0.3060258,-0.3727253,1.152934,0.002247136,-0.01257204,0.01691072,0.9997754,-0.001780207,-0.000690214,-0.000511355,0.999998,-0.03412681,-0.01432803,-0.007867711,-0.102087,1.015215,-0.05881733,0.06412128,-0.3122008,0.3644324,0.9116375,1
9.798515673,0.3060118,-0.3727152,1.152938,0.002263908,-0.01256285,0.01688278,0.999776,-0.001736359,-0.000803676,-0.000600518,0.9999979,-0.03290512,-0.01432803,-0.006646017,-0.09912476,1.017145,-0.05638026,0.0586548,-0.3129404,0.3598996,0.905232,1
9.868163075,0.3060021,-0.3727183,1.152926,0.002231021,-0.01261147,0.01690378,0.9997751,-0.001658197,-0.000804038,-0.000603971,0.999998,-0.0353485,-0.01188464,-0.01519788,-0.1045423,1.025656,-0.04938922,0.06326139,-0.3131222,0.3607972,0.8959543,1
9.938384372,0.3060039,-0.3727296,1.152922,0.002239538,-0.01256614,0.01688661,0.999776,-0.001484546,-0.000734419,-0.000582738,0.9999983,-0.0353485,-0.008219562,-0.02130635,-0.1324645,1.014143,-0.03946118,0.05769487,-0.3081337,0.3608103,0.8766149,1
10.00845448,0.3060114,-0.372718,1.152934,0.002246196,-0.01257038,0.01689366,0.9997758,-0.001484546,-0.000734419,-0.000582738,0.9999983,-0.04023528,-0.01310634,-0.02741482,-0.1013694,1.008937,-0.05282669,0.05675266,-0.3109565,0.3626322,0.8856551,1
10.07857108,0.3060178,-0.3727055,1.152935,0.002286783,-0.01255307,0.01690427,0.9997757,-0.001503909,-0.000611024,-0.000477748,0.9999985,-0.03168342,-0.002111089,-0.004202627,-0.1018264,1.024328,-0.05304984,0.05582144,-0.3128265,0.3635445,0.9031499,1
10.14815348,0.3060256,-0.3727216,1.152941,0.002261087,-0.01258581,0.01691288,0.9997752,-0.001503909,-0.000611024,-0.000477748,0.9999985,-0.02801834,-0.006997867,-0.006646017,-0.1023384,1.013517,-0.05830194,0.06049249,-0.3139663,0.3608046,0.8894597,1
10.21859918,0.3060263,-0.3727373,1.152927,0.002224117,-0.01257274,0.01689594,0.9997758,-0.001505895,-0.00060021,-0.000388187,0.9999985,-0.02068817,-0.01921481,-0.002980933,-0.1097421,1.012932,-0.05831167,0.05862462,-0.3129383,0.3617185,0.8973143,1
10.28807938,0.3060267,-0.3727204,1.152932,0.002266586,-0.01258869,0.01684303,0.9997764,-0.001460238,-0.000632465,-0.000384432,0.9999985,-0.06222578,0.08096413,-0.006646017,-0.1342107,0.9938383,-0.06129124,0.06048428,-0.3120587,0.3608041,0.913034,1
10.35844628,0.3060302,-0.3727167,1.152949,0.002270243,-0.0125773,0.0169289,0.9997751,-0.001460238,-0.000632465,-0.000384432,0.9999985,-0.05000884,0.03331805,-0.009089405,-0.1082522,1.0143,-0.06299725,0.05861364,-0.3138911,0.3626282,0.9379171,1
10.42836388,0.306026,-0.372719,1.152917,0.002255979,-0.01259529,0.0168856,0.9997755,-0.001431013,-0.00068795,-0.000400612,0.9999986,-0.06344748,0.04920008,-0.01764126,-0.1038182,1.012036,-0.06147912,0.05400162,-0.3089412,0.36082,0.9316175,1
10.49824858,0.3060302,-0.3727367,1.152925,0.002203129,-0.01254715,0.01687169,0.9997765,-0.001419041,-0.000724446,-0.000374313,0.9999986,-0.04145698,0.01987941,-0.001759239,-0.1085052,1.016881,-0.0536961,0.0522092,-0.3079184,0.3571867,0.9254618,1
10.56817088,0.3060272,-0.3727147,1.152927,0.00225973,-0.01258841,0.01690218,0.9997754,-0.001519144,-0.000636333,-0.000291279,0.9999986,-0.04023528,-0.005776173,-0.009089405,-0.104813,1.012395,-0.05485114,0.05677595,-0.3128652,0.3617232,0.9155561,1
10.63835478,0.306026,-0.372705,1.15294,0.002250507,-0.01256244,0.0169206,0.9997754,-0.001519144,-0.000636333,-0.000291279,0.9999986,-0.04512206,-0.000889394,-0.01153279,-0.1055648,1.013292,-0.04454386,0.05222283,-0.3145941,0.3580978,0.9180197,1
10.70818118,0.3060207,-0.3727069,1.152923,0.002218291,-0.01255631,0.0168952,0.9997759,-0.001709748,-0.00050784,-0.000185696,0.9999983,-0.03046173,0.0003323,-0.002980933,-0.1021004,1.012858,-0.05288505,0.05771406,-0.3090885,0.3599011,0.9209001,1
10.77842808,0.3060229,-0.3727229,1.152927,0.002239599,-0.01261053,0.01689299,0.9997753,-0.001709748,-0.00050784,-0.000185696,0.9999983,-0.03290512,-0.008219562,0.01534449,-0.1087564,1.012675,-0.05781402,0.05220232,-0.309825,0.3580967,0.9226639,1
10.84833618,0.3060205,-0.3727299,1.152939,0.002276463,-0.01255534,0.01691598,0.9997755,-0.001749676,-0.000453116,-0.000120314,0.9999982,-0.03290512,-0.006997867,-0.005424321,-0.1028417,1.01063,-0.05604964,0.05307451,-0.311765,0.3617325,0.923865,1
10.91836188,0.3060107,-0.3727301,1.152937,0.002260512,-0.01254216,0.01688633,0.9997762,-0.001849113,-0.000378488,-0.00015926,0.9999982,-0.03168342,-0.02287989,0.009236012,-0.1013589,1.01283,-0.05386587,0.05402081,-0.3098961,0.3599108,0.9291097,1
10.98830387,0.3059978,-0.3727205,1.152929,0.002256439,-0.01257458,0.0169077,0.9997755,-0.001923925,-0.000369398,-0.000206972,0.999998,-0.02557495,-0.008219562,-0.001759239,-0.09939301,1.010123,-0.05259317,0.05302104,-0.3098543,0.3644603,0.9309586,1
11.05857648,0.3060098,-0.3727227,1.152942,0.002291054,-0.01257359,0.01685621,0.9997762,-0.001964371,-0.000390181,-0.000252681,0.9999979,-0.05123053,-0.02410159,0.006792624,-0.1006097,1.017726,-0.05196856,0.05304023,-0.3108091,0.3635511,0.9328036,1
11.12816307,0.306014,-0.3727182,1.152931,0.002267587,-0.01257308,0.01689549,0.9997756,-0.001964371,-0.000390181,-0.000252681,0.9999979,-0.02068817,-0.01188464,-0.005424321,-0.1050638,1.007684,-0.06019057,0.05211589,-0.3107725,0.3635535,0.9239272,1
11.19833957,0.3060321,-0.3727146,1.152932,0.002241292,-0.01256694,0.01692858,0.9997753,-0.001983881,-0.000389175,-0.000283763,0.9999979,-0.0353485,-0.01799312,-0.000537541,-0.1040798,1.008198,-0.05700067,0.05491087,-0.3089767,0.3617271,0.9355491,1
11.26850627,0.3060396,-0.3727127,1.152931,0.002253408,-0.0126209,0.01688542,0.9997753,-0.001952993,-0.00042044,-0.000336854,0.9999979,-0.03779189,-0.01188464,-0.01764126,-0.09666582,1.011926,-0.0592481,0.05397833,-0.3070325,0.361729,0.9439707,1
11.33837987,0.306041,-0.3727266,1.152932,0.002283174,-0.01258508,0.01689944,0.9997755,-0.001924875,-0.000414076,-0.000389666,0.9999979,-0.02313156,-0.01921481,-0.01153279,-0.09839666,1.011752,-0.0567922,0.05308139,-0.3098584,0.3608226,0.9416555,1
11.40818057,0.3060233,-0.3727213,1.152912,0.00218491,-0.01259992,0.01690144,0.9997754,-0.001913413,-0.000440128,-0.000441372,0.999998,-0.0353485,-0.006997867,-0.006646017,-0.1057822,1.014721,-0.06422608,0.05217903,-0.3079163,0.3590056,0.9365282,1
11.47856907,0.3060213,-0.3727269,1.152946,0.002250925,-0.01261499,0.01690627,0.999775,-0.001975941,-0.000446209,-0.000499798,0.9999978,-0.02679664,-0.004554478,-0.01275449,-0.1040614,1.010246,-0.06735222,0.05491219,-0.312791,0.3626374,0.9272852,1
11.54844897,0.3060197,-0.3727196,1.152946,0.002267247,-0.01253821,0.01687347,0.9997765,-0.001975941,-0.000446209,-0.000499798,0.9999978,-0.02924003,-0.003332783,0.000684153,-0.09813589,1.012341,-0.06638482,0.05212278,-0.3088659,0.3626436,0.929093,1
11.61838316,0.306023,-0.3727155,1.152924,0.002230374,-0.01255991,0.01691046,0.9997757,-0.002021273,-0.00054211,-0.000602051,0.9999976,-0.03290512,-0.008219562,-0.01153279,-0.1043367,1.008317,-0.04913858,0.05587359,-0.310923,0.3599063,0.9318328,1
11.70145297,0.3060283,-0.372715,1.152921,0.00224698,-0.01260809,0.01692045,0.9997749,-0.002020521,-0.000602605,-0.000644308,0.9999976,-0.04878715,0.008884161,-0.001759239,-0.1050396,1.015181,-0.06521393,0.05491497,-0.3099305,0.3617273,0.9375088,1
11.75818397,0.3060238,-0.372718,1.152931,0.002245686,-0.01262032,0.0168891,0.9997752,-0.002043529,-0.000592036,-0.000665375,0.9999974,-0.02924003,-0.01066295,-0.004202627,-0.09962238,1.014444,-0.05806287,0.05583243,-0.3118737,0.3626348,0.9263866,1
11.82858797,0.3060099,-0.3727103,1.152923,0.002257839,-0.01258989,0.01692042,0.9997751,-0.002097918,-0.000561865,-0.000680268,0.9999974,-0.0365702,-0.006997867,0.005570929,-0.1080236,1.015,-0.04801523,0.05763042,-0.3071757,0.3644478,0.9196413,1
11.89828867,0.3060108,-0.3727363,1.152945,0.002221674,-0.01258034,0.01687456,0.999776,-0.00210704,-0.000557957,-0.000733767,0.9999973,-0.03168342,-0.006997867,-0.01275449,-0.09987168,1.013224,-0.05829165,0.05680203,-0.3119134,0.3599041,0.9160013,1
11.96834407,0.306008,-0.3727249,1.152922,0.00228588,-0.01256447,0.01689388,0.9997758,-0.002147351,-0.000604424,-0.000803163,0.9999971,-0.02924003,-0.01188464,-0.002980933,-0.1028332,1.013793,-0.05683254,0.05210491,-0.3117253,0.3644631,0.9193299,1
12.03850987,0.3060218,-0.372713,1.152937,0.002226161,-0.01257772,0.0168873,0.9997758,-0.002147351,-0.000604424,-0.000803163,0.9999971,-0.03290512,-0.009441256,-0.009089405,-0.1045604,1.014078,-0.05634938,0.04941701,-0.3068539,0.3581031,0.9244202,1
12.10853067,0.3060347,-0.3727134,1.152936,0.002249028,-0.01258946,0.01687361,0.9997758,-0.002194307,-0.000654616,-0.000805509,0.999997,-0.03779189,-0.009441256,-0.01153279,-0.1058062,1.016495,-0.04287033,0.05215573,-0.3060077,0.3599146,0.92008,1
12.17821107,0.3060365,-0.3727286,1.152925,0.002278774,-0.01257615,0.01687799,0.9997759,-0.002194307,-0.000654616,-0.000805509,0.999997,-0.02190987,-0.003332783,0.008014318,-0.106812,1.011965,-0.03666336,0.05495204,-0.3080261,0.3589985,0.9149401,1
12.24805627,0.306031,-0.3727195,1.152905,0.002220778,-0.01258739,0.01689615,0.9997755,-0.002207909,-0.000516688,-0.000625394,0.9999972,-0.04390037,0.01377094,-0.007867711,-0.1087522,1.018393,-0.05076937,0.05405099,-0.3098982,0.3580919,0.9169155,1
12.31937538,0.3060271,-0.3727138,1.152941,0.002224874,-0.01256429,0.01687803,0.9997761,-0.002207909,-0.000516688,-0.000625394,0.9999972,-0.03168342,0.002775689,0.001905847,-0.1058019,1.008176,-0.06093678,0.05035233,-0.3059377,0.357191,0.9105176,1
12.38809827,0.3060184,-0.3727154,1.152943,0.002269138,-0.01257283,0.01692732,0.9997752,-0.002134091,-0.000474509,-0.000536189,0.9999974,-0.02557495,-0.01554973,-0.006646017,-0.09441266,1.021792,-0.06626627,0.05490677,-0.3080229,0.3617268,0.9174438,1
12.45918028,0.3060173,-0.3727364,1.152942,0.002266408,-0.01255238,0.01689962,0.9997759,-0.002093293,-0.000392559,-0.000443592,0.9999976,-0.02679664,-0.03021006,-0.01397618,-0.1055484,1.014862,-0.05415124,0.05122584,-0.3116919,0.3617372,0.9019136,1
12.52827157,0.3060097,-0.3727287,1.152927,0.002234787,-0.01258757,0.01692186,0.9997751,-0.002093293,-0.000392559,-0.000443592,0.9999976,-0.04267867,-0.01921481,-0.03841007,-0.1065592,0.99961,-0.0632727,0.05308139,-0.3098584,0.3608226,0.9090466,1
12.59893158,0.3060104,-0.3727179,1.152935,0.002261534,-0.0125626,0.01690409,0.9997756,-0.001989153,-0.000467898,-0.000569624,0.9999977,-0.02924003,-0.01799312,-0.0103111,-0.09938191,1.008243,-0.06436267,0.05398243,-0.3079863,0.3617292,0.939563,1
12.66814628,0.3060126,-0.3727011,1.15293,0.002305404,-0.01256963,0.01695723,0.9997746,-0.00198318,-0.000534807,-0.000644172,0.9999976,-0.0353485,-0.01677142,-0.0103111,-0.107276,1.012897,-0.05732206,0.05033446,-0.308797,0.3590106,0.9473773,1
12.73829258,0.3060207,-0.3727125,1.152915,0.002233211,-0.01259512,0.01689951,0.9997755,-0.00198318,-0.000534807,-0.000644172,0.9999976,-0.02679664,-0.01066295,-0.01641957,-0.1080317,1.008574,-0.05332934,0.05678562,-0.3080982,0.3599032,0.9407656,1
12.80817038,0.3060313,-0.3727155,1.152913,0.002289472,-0.01261044,0.01693,0.9997745,-0.001984193,-0.000549954,-0.000673312,0.9999976,-0.04634375,0.002775689,-0.0103111,-0.108019,1.013945,-0.05340679,0.05494105,-0.3089788,0.3599082,0.9411865,1
12.87875288,0.3060381,-0.3727227,1.152937,0.002251843,-0.01259394,0.01688779,0.9997756,-0.002026775,-0.000500151,-0.000653969,0.9999976,-0.02679664,-0.009441256,0.01534449,-0.1001027,1.015058,-0.06692038,0.05222429,-0.3079195,0.3562773,0.9308579,1
12.94827668,0.3060259,-0.3727148,1.152911,0.002244278,-0.0126157,0.01693955,0.9997744,-0.00208239,-0.000417773,-0.000604304,0.9999974,-0.02557495,0.008884161,-0.0103111,-0.09887256,1.010561,-0.07225928,0.05219411,-0.3079174,0.3580962,0.9227382,1
13.01806348,0.306023,-0.372725,1.152932,0.002266814,-0.01257346,0.01688814,0.9997758,-0.002111352,-0.000366068,-0.000558197,0.9999975,-0.0365702,0.003997383,0.000684153,-0.1102508,1.013363,-0.04603098,0.05126978,-0.3078808,0.3580986,0.925542,1
13.08870668,0.3060178,-0.3727306,1.152943,0.002227509,-0.0125715,0.01687854,0.9997761,-0.002107875,-0.000349283,-0.000503028,0.9999975,-0.06100409,0.02476619,-0.01153279,-0.1013613,1.010852,-0.05555768,0.05212278,-0.3088659,0.3626436,0.9255854,1
13.15915958,0.3060202,-0.3727192,1.152925,0.00225645,-0.01255547,0.01689698,0.9997759,-0.002107875,-0.000349283,-0.000503028,0.9999975,-0.04512206,0.007662467,-0.01275449,-0.11075,1.006169,-0.05453013,0.05399342,-0.3070336,0.3608195,0.9334847,1
13.22842738,0.3060281,-0.3727126,1.152931,0.002270299,-0.01256369,0.01692086,0.9997754,-0.002106823,-0.000309639,-0.000498873,0.9999975,-0.03901359,-0.003332783,0.0116794,-0.1015908,1.017179,-0.05736987,0.05031937,-0.3087959,0.35992,0.9412444,1
13.29812248,0.3060282,-0.3727151,1.15292,0.002225847,-0.01259202,0.01690339,0.9997754,-0.001959434,-0.00033605,-0.000481092,0.9999979,-0.0353485,-0.006997867,0.005570929,-0.1018314,1.018118,-0.06033317,0.05031527,-0.3078421,0.3599198,0.9239355,1
13.36838699,0.3060237,-0.3727125,1.15293,0.002295041,-0.01255779,0.01688348,0.9997761,-0.001915756,-0.00032845,-0.000456776,0.9999979,-0.02557495,-0.004554478,-0.007867711,-0.1092522,1.007448,-0.0653585,0.04855024,-0.3096818,0.3553778,0.9129042,1
13.43827188,0.3060182,-0.3727252,1.152951,0.002198052,-0.0125522,0.01690317,0.9997759,-0.001861001,-0.000404167,-0.000532431,0.999998,-0.03901359,-0.02287989,-0.007867711,-0.1122161,1.006038,-0.0655912,0.05215705,-0.3098218,0.3608249,0.9281755,1
13.50826829,0.3059978,-0.3727213,1.152922,0.002297931,-0.01255641,0.01686816,0.9997762,-0.00186554,-0.000428114,-0.000609085,0.9999979,-0.02557495,-0.03387515,-0.001759239,-0.1047788,1.030809,-0.04798956,0.05127389,-0.3088346,0.3580988,0.9290926,1
13.57840649,0.3059982,-0.3727269,1.152926,0.002256497,-0.01260178,0.01687801,0.9997757,-0.00191041,-0.000373662,-0.000571308,0.9999978,-0.02679664,-0.004554478,-0.004202627,-0.1038047,1.016897,-0.06302381,0.05217903,-0.3079163,0.3590056,0.8882052,1
13.64801309,0.3060152,-0.3727286,1.152946,0.002274151,-0.01259517,0.01691585,0.999775,-0.00191041,-0.000373662,-0.000571308,0.9999978,-0.01213631,0.005219078,-0.006646017,-0.08504498,1.021196,-0.06082788,0.04751487,-0.3048699,0.3608356,0.8814402,1
13.71825559,0.3060302,-0.3727138,1.152935,0.002262848,-0.01258366,0.01691581,0.9997752,-0.001974622,-0.000331909,-0.000523149,0.9999978,-0.04145698,-0.005776173,-0.01275449,-0.08801749,1.008103,-0.07539208,0.05217624,-0.3107767,0.3599157,0.8858828,1
13.78844259,0.3060386,-0.3727112,1.152937,0.002293711,-0.01256325,0.01688764,0.9997758,-0.00206334,-0.000333659,-0.000511644,0.9999976,-0.02190987,-0.01188464,0.01045771,-0.08454463,1.018352,-0.07110767,0.05033724,-0.3059366,0.3581005,0.907403,1
13.85830219,0.3060439,-0.3727167,1.152934,0.002255336,-0.01262997,0.01692295,0.9997746,-0.002143651,-0.000247091,-0.000488101,0.9999975,-0.01580139,0.01865772,0.02756143,-0.08428485,1.113183,-0.09901753,0.04848447,-0.3049096,0.358105,0.8472893,1
13.9282822,0.3060304,-0.3727113,1.152921,0.002248882,-0.01255529,0.01690508,0.9997757,-0.002107968,-0.000146396,-0.00039076,0.9999976,-0.04512206,0.0003323,-0.01153279,-0.09964248,1.009657,-0.05135825,0.04941701,-0.3068539,0.3581031,0.6861228,1
13.9982073,0.3060246,-0.3727267,1.152921,0.002271265,-0.01260033,0.01694287,0.9997745,-0.002107968,-0.000146396,-0.00039076,0.9999976,-0.03168342,0.006440773,-0.001759239,-0.09640203,1.019249,-0.05910733,0.05026312,-0.3097456,0.363558,0.749387,1
14.0681827,0.3060225,-0.3727234,1.152931,0.002239642,-0.01259179,0.01684945,0.9997763,-0.00206175,-7.37197E-05,-0.000324093,0.9999977,-0.02557495,0.006440773,-0.0103111,-0.09888013,1.018166,-0.05295371,0.0466481,-0.307698,0.3581104,0.811743,1
14.13805829,0.3060198,-0.3727214,1.152928,0.002246502,-0.01256516,0.01693625,0.9997751,-0.002035385,-7.71554E-05,-0.000358765,0.9999977,-0.04145698,-0.004554478,0.004349235,-0.091009,1.007504,-0.0532721,0.04571556,-0.3057538,0.3581123,0.8520174,1
14.208136,0.3060223,-0.3727195,1.15293,0.002264576,-0.01257358,0.01692177,0.9997752,-0.002005327,-0.000192629,-0.00046061,0.9999977,-0.05245223,0.01254924,-0.007867711,-0.1090128,1.008027,-0.05873065,0.04848857,-0.3058635,0.3581052,0.8990398,1
14.27831749,0.3060191,-0.3727174,1.152931,0.002244378,-0.01258282,0.01691111,0.9997754,-0.002018914,-0.000260182,-0.000484104,0.9999976,-0.03901359,0.01010586,0.009236012,-0.09301098,0.9945756,-0.05505661,0.04756424,-0.3058269,0.3581076,0.9287524,1
14.34811599,0.3060208,-0.3727131,1.152935,0.002289518,-0.01256989,0.01691129,0.9997754,-0.002019328,-0.000248899,-0.000496728,0.9999977,-0.02801834,0.007662467,0.008014318,-0.1050763,1.011584,-0.04378073,0.04843232,-0.3068131,0.3617432,0.9518476,1
14.42361599,0.3060148,-0.372721,1.152947,0.002215882,-0.01260347,0.01693145,0.9997748,-0.00198134,-0.000210899,-0.000453727,0.9999979,-0.04145698,0.01010586,0.01534449,-0.09692065,1.010017,-0.05651779,0.04939782,-0.305899,0.3590122,0.9504718,1
14.48806639,0.3060051,-0.3727265,1.152935,0.002237803,-0.01253788,0.01689882,0.9997762,-0.00195485,-0.00017082,-0.000410955,0.9999979,-0.03901359,-0.002111089,-0.002980933,-0.0979011,1.009212,-0.06289843,0.04751487,-0.3048699,0.3608356,0.9499781,1
14.55849248,0.3059964,-0.3727342,1.152917,0.00226704,-0.0125647,0.01692957,0.9997752,-0.001940197,-0.000161367,-0.000363523,0.9999979,-0.03290512,0.0003323,0.000684153,-0.09023087,1.020347,-0.05910802,0.04483371,-0.3085807,0.3562965,0.9447495,1
14.62846058,0.3060068,-0.3727154,1.152931,0.002258327,-0.01255754,0.01689678,0.9997759,-0.001940197,-0.000161367,-0.000363523,0.9999979,-0.02557495,0.01010586,-0.001759239,-0.09322342,1.008231,-0.05672871,0.04292747,-0.305643,0.3590288,0.9268776,1
14.69846478,0.3060228,-0.3727083,1.15294,0.002269373,-0.01258291,0.01692611,0.999775,-0.00190644,-0.000154117,-0.00039043,0.999998,-0.02924003,0.01377094,0.008014318,-0.09298415,1.007809,-0.05180676,0.04294255,-0.305644,0.3581194,0.93922,1
14.76823029,0.3060357,-0.3727184,1.152927,0.002283647,-0.01256839,0.01689168,0.9997758,-0.001853911,-0.000153892,-0.000383511,0.9999981,-0.02801834,0.01377094,0.005570929,-0.0786243,1.022509,-0.06255139,0.04571689,-0.309568,0.3590226,0.9444635,1
14.83858559,0.3060451,-0.3727137,1.15292,0.002232632,-0.01260099,0.01690422,0.9997752,-0.00184691,-0.00015862,-0.000412788,0.9999981,-0.04390037,0.02476619,0.02511804,-0.09150388,1.014298,-0.0401001,0.04292469,-0.3085033,0.3599389,0.9215894,1
14.90816019,0.3060412,-0.3727093,1.152914,0.002249107,-0.01260145,0.01690677,0.9997752,-0.00184691,-0.00015862,-0.000412788,0.9999981,-0.02679664,0.006440773,0.03489159,-0.06866962,1.074491,-0.03427677,0.04477204,-0.3047623,0.3590239,0.8845656,1
14.97873229,0.3060373,-0.3727184,1.152928,0.002263672,-0.01257581,0.01691373,0.9997753,-0.001900353,-0.000154114,-0.000453931,0.999998,-0.03168342,0.0003323,-0.000537541,-0.09048864,1.015965,-0.0585539,0.04102943,-0.3046128,0.3617616,0.782191,1
15.04827099,0.3060251,-0.3727286,1.152931,0.002277478,-0.01256289,0.01688847,0.9997759,-0.001954482,-0.000157929,-0.000451988,0.999998,-0.03412681,-0.01921481,-0.009089405,-0.07964816,1.010913,-0.05525948,0.03919996,-0.3054946,0.3608572,0.8160517,1
15.11808409,0.3060172,-0.3727373,1.152945,0.002241214,-0.01257169,0.01690676,0.9997756,-0.001973964,-0.000161091,-0.000501482,0.9999979,-0.03779189,-0.01554973,-0.000537541,-0.08505403,1.013277,-0.06808656,0.04015446,-0.3055333,0.3590359,0.872021,1
15.18820859,0.3060112,-0.3727243,1.152939,0.002244023,-0.01253846,0.01689113,0.9997762,-0.0019234,-0.000208728,-0.000509952,0.9999979,-0.02924003,-0.01310634,-0.006646017,-0.0788977,1.010031,-0.06458391,0.04015036,-0.3045794,0.3590357,0.900951,1
15.25895299,0.3060107,-0.3727068,1.152936,0.002242229,-0.01256843,0.01689451,0.9997758,-0.001916415,-0.000216242,-0.000512627,0.999998,-0.02924003,-0.02898837,0.000684153,-0.07815935,1.01881,-0.04750533,0.0383099,-0.3064139,0.3590409,0.9194373,1
15.32822309,0.3060145,-0.3727176,1.152935,0.002257487,-0.01257794,0.01689373,0.9997756,-0.001916415,-0.000216242,-0.000512627,0.999998,-0.03901359,-0.009441256,-0.01641957,-0.08730172,1.019391,-0.03672257,0.04105683,-0.3074753,0.3608529,0.9138131,1
15.39804929,0.306018,-0.372725,1.152946,0.002266675,-0.01257534,0.01686573,0.9997761,-0.001893568,-0.000306116,-0.000586969,0.9999979,-0.02557495,-0.01677142,-0.002980933,-0.08925025,1.018895,-0.05687279,0.03833597,-0.3054622,0.3572218,0.9046524,1
15.46832889,0.30601,-0.3727176,1.152924,0.002227765,-0.01256621,0.01692577,0.9997754,-0.001891555,-0.000236192,-0.000549817,0.9999979,-0.02679664,-0.01066295,-0.000537541,-0.08309997,1.011456,-0.05625884,0.04200313,-0.3056064,0.3590312,0.9028028,1
15.53811929,0.306018,-0.3727234,1.152949,0.002270885,-0.01257868,0.01689871,0.9997755,-0.001765544,-0.00018239,-0.000509883,0.9999982,-0.04145698,-0.006997867,-0.01153279,-0.08485334,1.001508,-0.05415354,0.03829071,-0.305459,0.3599501,0.9234747,1
15.60823769,0.3060166,-0.3727212,1.152934,0.002248055,-0.01259562,0.0169061,0.9997753,-0.001645834,-0.00011043,-0.000471484,0.9999983,-0.02679664,-0.006997867,0.005570929,-0.08283783,1.01604,-0.05976501,0.04111308,-0.3065257,0.3572149,0.9463719,1
15.67855889,0.3060294,-0.3727312,1.15293,0.002258105,-0.01259326,0.016901,0.9997753,-0.001645834,-0.00011043,-0.000471484,0.9999983,-0.02190987,-0.01554973,-0.02130635,-0.0877343,1.030998,-0.0622047,0.04294666,-0.3065978,0.3581196,0.9272925,1
15.74802449,0.3060283,-0.3727255,1.152919,0.002244825,-0.01259931,0.01695358,0.9997745,-0.001717335,-0.000175705,-0.000484305,0.9999983,-0.03290512,0.0003323,-0.002980933,-0.08507403,1.006484,-0.06503944,0.04201412,-0.3046536,0.3581215,0.892771,1
15.81834269,0.3060386,-0.3727089,1.152928,0.002254448,-0.0126158,0.01691093,0.9997749,-0.001717335,-0.000175705,-0.000484305,0.9999983,-0.0365702,-0.01432803,-0.007867711,-0.07546794,1.00347,-0.05759948,0.03644892,-0.3034793,0.3590449,0.921663,1
15.88829039,0.3060339,-0.372704,1.152906,0.002203231,-0.01257274,0.01688957,0.9997759,-0.001652928,-0.000231393,-0.000550898,0.9999985,-0.03779189,-0.01432803,-0.02741482,-0.0811196,1.013348,-0.05775586,0.04112406,-0.305573,0.3563053,0.9493984,1
15.95862878,0.3060326,-0.37272,1.152927,0.002258707,-0.01259099,0.0169072,0.9997753,-0.001709358,-0.000221178,-0.000566896,0.9999983,-0.04634375,0.01010586,-0.01275449,-0.09394815,1.014087,-0.05804379,0.04116112,-0.3036684,0.3535765,0.9460164,1
16.02812098,0.306026,-0.3727184,1.152929,0.002254676,-0.01255832,0.01685493,0.9997765,-0.001753702,-0.00025798,-0.000615712,0.9999982,-0.03290512,-0.01677142,-0.0103111,-0.08755717,1.008466,-0.04959105,0.04017233,-0.3026739,0.3572164,0.937378,1
16.09826018,0.3060187,-0.3727118,1.152926,0.00224276,-0.01258655,0.01693611,0.9997749,-0.001766136,-0.000309509,-0.000635731,0.9999981,-0.04390037,0.005219078,-0.000537541,-0.09422345,1.006142,-0.05055695,0.04105961,-0.3046149,0.3599427,0.9405705,1
16.16813898,0.3060142,-0.3727171,1.152933,0.002265947,-0.01257062,0.01689653,0.9997757,-0.001849164,-0.000293321,-0.000577946,0.999998,-0.03779189,-0.006997867,-0.02863652,-0.0826304,1.000686,-0.05733113,0.04288498,-0.3027794,0.360847,0.9584764,1
16.23828849,0.3060106,-0.3727288,1.152934,0.002269359,-0.01259846,0.01686561,0.9997759,-0.001849164,-0.000293321,-0.000577946,0.999998,-0.02068817,0.0003323,-0.01397618,-0.08949284,1.017099,-0.06323731,0.0420128,-0.3008394,0.3572112,0.9671586,1
16.30832789,0.3060105,-0.3727235,1.152933,0.002233262,-0.01258408,0.01692482,0.9997751,-0.001917333,-0.000223143,-0.000546585,0.999998,-0.04145698,0.01010586,-0.01886296,-0.0885139,1.01767,-0.05611602,0.04020793,-0.307444,0.3563081,0.9434294,1
16.37865359,0.3060137,-0.3727144,1.152924,0.002205014,-0.01255472,0.01687041,0.9997765,-0.001964344,-0.000195239,-0.000476292,0.9999979,-0.03168342,-0.003332783,-0.006646017,-0.08950541,1.013982,-0.05926017,0.04288089,-0.3018256,0.3608468,0.9258764,1
16.44814719,0.3060182,-0.3727114,1.152934,0.002264768,-0.01256717,0.01689681,0.9997758,-0.001947893,-0.000199446,-0.000518497,0.9999979,-0.0365702,0.01010586,0.001905847,-0.08305851,1.021015,-0.07065091,0.04012018,-0.3045773,0.3608546,0.9189818,1
16.51828619,0.3060226,-0.3727299,1.152948,0.002249369,-0.01258394,0.0169036,0.9997754,-0.001893666,-0.000183345,-0.000526357,0.999998,-0.04145698,0.005219078,-0.01886296,-0.09616482,1.013586,-0.06197422,0.03918354,-0.3016793,0.3608562,0.9051438,1
16.58836948,0.3060239,-0.3727303,1.152961,0.002253772,-0.01257156,0.01691131,0.9997755,-0.001893666,-0.000183345,-0.000526357,0.999998,-0.03046173,0.007662467,0.000684153,-0.09937691,1.017461,-0.05171594,0.04206626,-0.3027502,0.3544833,0.9067305,1
16.65810468,0.3060143,-0.3727267,1.152929,0.002225621,-0.01257393,0.01688222,0.999776,-0.00187967,-0.000251233,-0.000552038,0.999998,-0.04878715,0.01743602,-0.01764126,-0.09643256,1.013075,-0.04697595,0.03924111,-0.3045439,0.3581286,0.9059796,1
16.72834169,0.3060192,-0.3727162,1.152913,0.002241704,-0.01258862,0.01692157,0.9997751,-0.001906253,-0.00032303,-0.000564806,0.9999979,-0.0365702,0.0003323,-0.04818363,-0.0626438,1.001277,-0.05655329,0.04290696,-0.3008739,0.3590277,0.9203771,1
16.79808559,0.3060362,-0.3727257,1.152928,0.002244051,-0.01259117,0.01692512,0.999775,-0.001943385,-0.000345309,-0.000575231,0.9999978,-0.04267867,0.003997383,0.001905847,-0.100849,1.014139,-0.0639598,0.04105961,-0.3046149,0.3599427,0.9434929,1
16.86875858,0.3060432,-0.3727072,1.152922,0.002260597,-0.0125946,0.01691587,0.9997751,-0.001943385,-0.000345309,-0.000575231,0.9999978,-0.04512206,-0.009441256,0.000684153,-0.1018367,1.016172,-0.05981358,0.04014216,-0.3026718,0.3590352,0.9342521,1
16.93835909,0.3060415,-0.3727009,1.15293,0.002284623,-0.0125899,0.01692232,0.9997749,-0.002002965,-0.000388024,-0.000584162,0.9999977,-0.04023528,0.001553995,-0.005424321,-0.08580801,1.012946,-0.05825309,0.04016545,-0.3045805,0.3581263,0.9225702,1
17.00832548,0.3060351,-0.3727188,1.152933,0.00225,-0.0125795,0.01691386,0.9997754,-0.002042481,-0.0004481,-0.000618775,0.9999974,-0.01213631,-0.008219562,0.006792624,-0.08972703,1.021976,-0.06404553,0.04015724,-0.3026728,0.3581258,0.9195891,1
17.07871178,0.3060217,-0.3727367,1.152939,0.002244766,-0.01257324,0.01690353,0.9997756,-0.002016857,-0.000459764,-0.00060411,0.9999976,-0.04390037,0.001553995,-0.01519788,-0.09443582,1.016539,-0.05808035,0.042021,-0.302747,0.3572116,0.9021811,1
17.14822128,0.3060105,-0.3727379,1.152948,0.002221935,-0.01258331,0.01688488,0.9997758,-0.002016857,-0.000459764,-0.00060411,0.9999976,-0.03168342,-0.01554973,-0.000537541,-0.09593277,1.005475,-0.06529731,0.0392439,-0.3016835,0.3572185,0.9062184,1
17.21859588,0.3060054,-0.3727217,1.152941,0.002278513,-0.01256452,0.01691412,0.9997754,-0.002056272,-0.000426943,-0.000539284,0.9999976,-0.03290512,-0.01799312,-0.004202627,-0.0852964,1.017995,-0.06299418,0.0448091,-0.3028578,0.3562951,0.9271829,1
17.28808668,0.3060095,-0.3727066,1.152918,0.002257219,-0.01259537,0.01693599,0.9997747,-0.002018089,-0.000356008,-0.000509804,0.9999977,-0.04023528,0.01621433,-0.01519788,-0.09987462,1.006239,-0.06851295,0.03735816,-0.3035148,0.359952,0.9248208,1
17.35858978,0.3060168,-0.3727191,1.152925,0.002259471,-0.01261326,0.01688707,0.9997754,-0.00201492,-0.00035074,-0.000418096,0.9999977,-0.04512206,0.01132755,-0.01641957,-0.09937033,1.017638,-0.05638798,0.03737604,-0.3006555,0.3581325,0.9337711,1
17.42809678,0.3060192,-0.3727157,1.152905,0.002237373,-0.01256392,0.01688044,0.9997761,-0.002028605,-0.000290713,-0.000437189,0.9999977,-0.03046173,0.003997383,-0.006646017,-0.09246681,1.014047,-0.05877686,0.0382784,-0.3025976,0.3599494,0.9225964,1
17.49836888,0.3060217,-0.3727081,1.152927,0.002228752,-0.01256465,0.01692232,0.9997754,-0.002028605,-0.000290713,-0.000437189,0.9999977,-0.04512206,0.02110111,-0.01641957,-0.0902668,1.009974,-0.05035674,0.04205528,-0.303703,0.355393,0.9233948,1
17.56854639,0.3060206,-0.372725,1.152933,0.002219918,-0.0125841,0.01692124,0.9997752,-0.002051014,-0.000210655,-0.00045775,0.9999978,-0.03901359,0.008884161,0.009236012,-0.09963248,1.013054,-0.05288181,0.03833597,-0.3054622,0.3572218,0.9337915,1
17.63845729,0.3060153,-0.3727183,1.152917,0.002260427,-0.01258796,0.0168885,0.9997756,-0.002053608,-0.000164799,-0.000435176,0.9999977,-0.03046173,-0.000889394,0.000684153,-0.09494722,1.005972,-0.06333596,0.03926719,-0.3035922,0.3563095,0.9371705,1
17.70820809,0.3060249,-0.3727308,1.152934,0.002230783,-0.0125832,0.01692534,0.9997751,-0.00205357,-0.000137907,-0.000456536,0.9999977,-0.02190987,-0.01066295,-0.009089405,-0.09024286,1.014467,-0.06049779,0.03464829,-0.3005489,0.3554112,0.9476645,1
17.77873369,0.3060292,-0.3727164,1.152916,0.002277862,-0.01257395,0.01689717,0.9997756,-0.00198899,-0.00015002,-0.000455193,0.9999978,-0.03412681,-0.006997867,0.008014318,-0.09051684,1.00776,-0.0518,0.03556985,-0.3034459,0.356319,0.94372,1
17.84804109,0.3060339,-0.3727173,1.152925,0.00224563,-0.01257194,0.01688089,0.999776,-0.00198899,-0.00015002,-0.000455193,0.9999978,-0.03046173,-0.009441256,0.004349235,-0.09988268,1.008586,-0.05822476,0.03921372,-0.3016814,0.3590374,0.9525664,1
17.91829469,0.3060337,-0.3727198,1.152918,0.002216109,-0.01260248,0.01694735,0.9997746,-0.001900796,-0.000141944,-0.000429123,0.9999981,-0.04023528,-0.01066295,0.006792624,-0.0993667,1.018349,-0.05787281,0.0391355,-0.3045366,0.3644947,0.9500989,1
17.98834359,0.3060276,-0.3727174,1.152931,0.002224954,-0.01256299,0.01687681,0.9997762,-0.001791583,-0.000152448,-0.0004133,0.9999983,-0.03168342,-0.01677142,-0.0103111,-0.09272464,1.01142,-0.05505314,0.03372528,-0.3043265,0.356324,0.9309915,1
18.05826729,0.3060211,-0.3727187,1.152936,0.002239106,-0.01257923,0.01690315,0.9997755,-0.001648308,-0.000158193,-0.000359424,0.9999985,-0.05000884,-0.01554973,0.004349235,-0.09073643,1.016483,-0.05684164,0.03740343,-0.303518,0.3572237,0.929605,1
18.12816479,0.3060192,-0.37272,1.152942,0.002231293,-0.01258157,0.01690303,0.9997755,-0.001613711,-0.000128707,-0.000352861,0.9999986,-0.03412681,-0.004554478,-0.009089405,-0.08655747,1.009054,-0.05819879,0.03833465,-0.3016479,0.3563114,0.926317,1
18.19861129,0.3060227,-0.3727248,1.152937,0.002245243,-0.01257977,0.01692223,0.9997751,-0.001612961,-7.10753E-05,-0.000313255,0.9999986,-0.04023528,0.002775689,-0.02008465,-0.08704015,1.010196,-0.06436053,0.03835384,-0.3026028,0.3554022,0.9384199,1
18.26809049,0.3060108,-0.3727234,1.152916,0.002248096,-0.01259026,0.01691285,0.9997752,-0.001612961,-7.10753E-05,-0.000313255,0.9999986,-0.04512206,0.002775689,-0.02985821,-0.1018463,1.015277,-0.05414814,0.0336869,-0.3024168,0.3581424,0.9416622,1
18.33804649,0.3060077,-0.3727121,1.152912,0.002252262,-0.01259089,0.01693838,0.9997747,-0.001657454,-4.76708E-05,-0.00033081,0.9999985,-0.02679664,-0.01799312,-0.02130635,-0.09590663,1.02047,-0.05838645,0.03736915,-0.3025621,0.3590423,0.9265683,1
18.40946379,0.3060109,-0.3727166,1.15294,0.002248063,-0.01258317,0.01688743,0.9997758,-0.001672154,-6.17052E-05,-0.00037451,0.9999985,-0.04145698,-0.003332783,-0.01397618,-0.101855,1.007354,-0.06165253,0.03830447,-0.3016458,0.3581303,0.912385,1
18.47808849,0.3060121,-0.3727259,1.152935,0.002240619,-0.01259127,0.01691959,0.9997751,-0.001672154,-6.17052E-05,-0.00037451,0.9999985,-0.02801834,-0.01188464,0.004349235,-0.1048028,1.017795,-0.0529629,0.04016003,-0.2998124,0.3572157,0.9229723,1
18.54887829,0.3060261,-0.3727258,1.152948,0.002223279,-0.01260001,0.01689489,0.9997755,-0.001801342,1.21859E-05,-0.000386859,0.9999983,-0.01091462,-0.03631853,0.04955192,-0.06675291,1.039001,-0.05415843,0.03646401,-0.3034804,0.3581355,0.9009091,1
18.61830279,0.3060234,-0.3727107,1.152912,0.002267058,-0.01257594,0.01691337,0.9997754,-0.001801342,1.21859E-05,-0.000386859,0.9999983,-0.02801834,-0.02410159,0.008014318,-0.09936381,1.016562,-0.06325381,0.03647499,-0.3025276,0.3572258,0.8569793,1
18.68815959,0.3060307,-0.3727063,1.152914,0.00221106,-0.01261155,0.01689138,0.9997754,-0.001888411,4.64744E-05,-0.000398301,0.9999981,-0.01946648,-0.01066295,-0.005424321,-0.09221708,1.017769,-0.05440619,0.03923979,-0.3007297,0.3572183,0.8650583,1
18.75815319,0.3060402,-0.37273,1.152952,0.002268825,-0.0125825,0.01693065,0.9997749,-0.001888411,4.64744E-05,-0.000398301,0.9999981,-0.03901359,-0.03265345,0.01412279,-0.1021002,1.007342,-0.06288177,0.0364517,-0.3006189,0.3581348,0.8841835,1
18.82882909,0.306028,-0.3727233,1.152928,0.002271684,-0.01257887,0.01687696,0.9997759,-0.001896185,-3.48899E-05,-0.000479264,0.9999979,-0.04267867,0.003997383,-0.007867711,-0.07744467,1.0068,-0.04954218,0.03641874,-0.3034772,0.3608638,0.9173192,1
18.89802609,0.3060216,-0.3727129,1.152916,0.002205658,-0.01262114,0.01688814,0.9997754,-0.001913387,-4.04465E-05,-0.000501766,0.999998,-0.02924003,0.01743602,0.005570929,-0.1011022,1.017725,-0.05270705,0.03374036,-0.3043276,0.3554145,0.9396912,1
18.96844639,0.3060287,-0.3727185,1.152939,0.002282443,-0.01255897,0.01689537,0.9997758,-0.001974836,-6.56233E-05,-0.000501295,0.9999978,-0.03779189,0.02965297,0.005570929,-0.1033353,1.011393,-0.05458729,0.03556443,-0.2986778,0.3554084,0.9281549,1
19.03875819,0.3060283,-0.3727206,1.152922,0.00227358,-0.01257708,0.01691648,0.9997752,-0.001985573,-3.94683E-06,-0.000488686,0.999998,-0.04512206,0.01865772,-0.007867711,-0.0875183,1.015297,-0.06689292,0.03547112,-0.3015319,0.3617752,0.9267277,1
19.10978799,0.3060269,-0.3727263,1.152929,0.002224229,-0.01260068,0.0169262,0.9997749,-0.001985573,-3.94683E-06,-0.000488686,0.999998,-0.0353485,-0.004554478,0.000684153,-0.0927147,1.009052,-0.0668156,0.03456055,-0.2976822,0.3599577,0.9254534,1
19.17799979,0.3060172,-0.3727107,1.152917,0.002249805,-0.01256541,0.01690311,0.9997756,-0.001998222,-4.44033E-05,-0.000538419,0.9999978,-0.04145698,0.01254924,-0.0103111,-0.08876532,1.014469,-0.05828233,0.03465107,-0.2976885,0.3545011,0.9332864,1
19.24822009,0.3060103,-0.3727131,1.152932,0.002249484,-0.01259304,0.01690105,0.9997754,-0.002190794,0.000126734,-0.000363865,0.9999974,-0.04145698,-0.008219562,-0.007867711,-0.09125983,1.004548,-0.05544193,0.03183691,-0.2985294,0.3572367,0.9366221,1
19.31809179,0.3060053,-0.3727252,1.152933,0.002204676,-0.01257469,0.01692823,0.9997752,-0.002190794,0.000126734,-0.000363865,0.9999974,-0.03168342,0.002775689,-0.000537541,-0.08901468,1.013501,-0.05802321,0.03466338,-0.3005499,0.3545018,0.9528999,1
19.38809109,0.3060133,-0.3727306,1.152949,0.002227667,-0.01257726,0.01691579,0.9997754,-0.002190794,0.000126734,-0.000363865,0.9999974,-0.03901359,0.006440773,-0.01519788,-0.09987032,1.012708,-0.0602503,0.0336787,-0.3005092,0.3581419,0.9464522,1
19.45918169,0.3060114,-0.3727181,1.152933,0.002287699,-0.01253723,0.01686218,0.9997766,-0.002205934,0.000128522,-0.000353498,0.9999973,-0.03412681,-0.02287989,-0.002980933,-0.08824681,1.021196,-0.06525947,0.0364517,-0.3006189,0.3581348,0.9328583,1
19.52810369,0.3060173,-0.3727125,1.152927,0.002272441,-0.01256397,0.01687509,0.9997761,-0.002205934,0.000128522,-0.000353498,0.9999973,-0.03901359,0.001553995,0.05077362,-0.1287813,0.983189,-0.08103111,0.03926587,-0.299778,0.3553992,0.9188353,1
19.59806719,0.3060215,-0.3727166,1.15293,0.00226331,-0.01257247,0.01686927,0.9997761,-0.002205934,0.000128522,-0.000353498,0.9999973,-0.03901359,-0.01921481,-0.005424321,-0.09270502,1.01546,-0.06273004,0.03743638,-0.3006596,0.3544947,0.9382227,1
19.66834529,0.3060254,-0.3727248,1.152929,0.002276851,-0.01258944,0.01689414,0.9997755,-0.002091478,6.45629E-05,-0.000405181,0.9999977,-0.03779189,-0.000889394,-0.007867711,-0.08877547,1.008819,-0.06065847,0.03556575,-0.3024921,0.3563188,0.9356587,1
19.73819379,0.306029,-0.3727125,1.15292,0.002207032,-0.01257824,0.0169083,0.9997756,-0.002091478,6.45629E-05,-0.000405181,0.9999977,-0.03779189,-0.01066295,-0.01397618,-0.08457757,1.008696,-0.0633498,0.03180263,-0.2975736,0.3590554,0.9448377,1
19.80809539,0.3060362,-0.3727166,1.152929,0.002306096,-0.01255716,0.01692632,0.9997753,-0.001997777,4.76949E-05,-0.000424285,0.9999979,-0.04023528,0.006440773,-0.01397618,-0.08753345,1.016972,-0.05241709,0.0336787,-0.3005092,0.3581419,0.9490589,1
19.87958709,0.3060344,-0.3727248,1.152926,0.002273115,-0.01261827,0.01694056,0.9997743,-0.001997777,4.76949E-05,-0.000424285,0.9999979,-0.03046173,0.006440773,-0.007867711,-0.1003599,1.013676,-0.06149429,0.03465239,-0.3015027,0.3554115,0.9348686,1
19.9481109,0.3060325,-0.3727331,1.152932,0.002244497,-0.01258489,0.0168725,0.9997759,-0.001997777,4.76949E-05,-0.000424285,0.9999979,-0.04390037,-0.009441256,0.000684153,-0.08827006,1.014941,-0.05877944,0.03553835,-0.2996296,0.3572275,0.9266815,1
20.01824329,0.3060189,-0.3727188,1.152925,0.002251714,-0.01257824,0.01693043,0.9997751,-0.001936084,7.39482E-05,-0.000390598,0.999998,-0.02801834,0.0003323,-0.02374974,-0.08259325,1.012801,-0.06389566,0.03369378,-0.3005102,0.3572325,0.9243522,1
20.0886259,0.3060084,-0.3727118,1.15293,0.002266999,-0.01260092,0.01695478,0.9997743,-0.001867156,0.000106219,-0.000364694,0.9999981,-0.02801834,0.0003323,0.0116794,-0.08603939,1.023807,-0.05054592,0.02812169,-0.3012425,0.3590658,0.9214976,1
20.15865629,0.3060098,-0.3727178,1.152924,0.002300689,-0.01257163,0.01688004,0.9997758,-0.001829799,0.00015413,-0.00039323,0.9999982,-0.03046173,0.001553995,-0.01641957,-0.09888598,1.01748,-0.04974891,0.03190546,-0.3004412,0.3535995,0.9010696,1
20.22854709,0.3060179,-0.3727173,1.152933,0.002195552,-0.01260145,0.01688573,0.9997756,-0.001771821,0.00013819,-0.000378572,0.9999982,-0.04756545,0.02720958,-0.02741482,-0.09545094,1.003841,-0.05937425,0.03275436,-0.3004726,0.3581443,0.9045043,1
20.29840399,0.3060209,-0.3727129,1.152936,0.002278064,-0.01258482,0.01691469,0.9997752,-0.001671741,0.000141771,-0.000325957,0.9999985,-0.02557495,-0.000889394,-0.02130635,-0.08802029,1.015403,-0.06026008,0.03456055,-0.2976822,0.3599577,0.9320636,1
20.36830849,0.3060168,-0.3727162,1.152931,0.002258792,-0.01258514,0.0168964,0.9997755,-0.001671741,0.000141771,-0.000325957,0.9999985,-0.03412681,-0.004554478,-0.01153279,-0.09642303,1.012717,-0.05483518,0.03368968,-0.2995564,0.3572322,0.9308168,1
20.43809709,0.306015,-0.3727213,1.15293,0.00225042,-0.01257665,0.01688338,0.9997759,-0.001671741,0.000141771,-0.000325957,0.9999985,-0.03168342,-0.01310634,0.008014318,-0.09839456,1.009221,-0.06289978,0.03466338,-0.3005499,0.3545018,0.9316626,1
20.50883148,0.3060206,-0.3727282,1.152943,0.002234916,-0.01255987,0.01692048,0.9997755,-0.001586756,0.000112323,-0.000354246,0.9999985,-0.03290512,-0.01799312,0.01412279,-0.09048264,1.015897,-0.06322242,0.03005269,-0.2994143,0.353604,0.9357532,1
20.57794278,0.3060228,-0.3727228,1.152936,0.002307838,-0.01259302,0.01691142,0.9997751,-0.001586756,0.000112323,-0.000354246,0.9999985,-0.01946648,-0.004554478,0.006792624,-0.1062706,1.014674,-0.06815881,0.03470176,-0.3024596,0.3526834,0.9257175,1
20.64820008,0.306032,-0.37272,1.152934,0.002204962,-0.01257586,0.0169067,0.9997756,-0.001601042,0.000104828,-0.000375468,0.9999985,-0.01824478,-0.02287989,0.0116794,-0.09987751,1.006523,-0.06581365,0.03094275,-0.2984949,0.3554203,0.9215286,1
20.71828749,0.3060324,-0.3727155,1.152925,0.002255538,-0.01261607,0.01692014,0.9997748,-0.001637841,0.000087208,-0.000345439,0.9999985,-0.02190987,-0.006997867,-0.0103111,-0.08803076,1.009756,-0.0623905,0.0346332,-0.3005478,0.3563207,0.9377314,1
20.78864999,0.3060351,-0.3727224,1.152928,0.00222662,-0.01257969,0.0169189,0.9997753,-0.001657205,0.000110134,-0.000315439,0.9999985,-0.02679664,-0.003332783,-0.0103111,-0.08505708,1.014314,-0.06392355,0.02718915,-0.2992983,0.3590677,0.9440073,1
20.85807558,0.3060297,-0.3727214,1.152923,0.002216659,-0.01260685,0.01690912,0.9997751,-0.001685003,0.000120504,-0.000308472,0.9999985,-0.0353485,-0.006997867,-0.01641957,-0.09395593,1.007658,-0.06360361,0.0308906,-0.3003984,0.3590584,0.9404803,1
20.92873989,0.3060201,-0.372712,1.152924,0.002295094,-0.01256746,0.01690826,0.9997755,-0.001677237,0.00021824,-0.000341703,0.9999985,-0.03290512,0.006440773,-0.009089405,-0.08554382,1.018259,-0.06201554,0.03092488,-0.3013543,0.3572398,0.9433551,1
20.99805168,0.306017,-0.3727223,1.152931,0.002248986,-0.01257842,0.01687927,0.9997759,-0.001644579,0.000238923,-0.000366048,0.9999985,-0.0353485,0.007662467,-0.02252804,-0.09098632,1.010508,-0.06511201,0.03461402,-0.299593,0.3572299,0.9304908,1
21.06819558,0.3060193,-0.3727322,1.152932,0.002286125,-0.01256745,0.01690456,0.9997756,-0.001606849,0.000248165,-0.000336005,0.9999987,-0.02313156,0.006440773,0.003127541,-0.08705714,1.008633,-0.05426172,0.02811759,-0.3002887,0.3590655,0.936264,1
21.13825049,0.3060152,-0.3727087,1.152917,0.002287271,-0.01256246,0.01690977,0.9997755,-0.001607079,0.000237467,-0.000326106,0.9999986,-0.04023528,-0.002111089,-0.007867711,-0.09270839,1.016501,-0.05832132,0.03092077,-0.3004005,0.3572396,0.943848,1
21.20814199,0.306018,-0.3727093,1.152934,0.002288347,-0.01257341,0.01691125,0.9997753,-0.001633001,0.000219334,-0.000329509,0.9999985,-0.02557495,0.001553995,-0.001759239,-0.09000292,1.013786,-0.05655518,0.02819582,-0.2974335,0.3536083,0.9321604,1
21.27807339,0.3060145,-0.372717,1.152939,0.002255126,-0.01255821,0.01687806,0.9997762,-0.001644311,0.000216882,-0.000381108,0.9999985,-0.0353485,-0.006997867,-0.009089405,-0.09221492,1.013483,-0.06368337,0.03183002,-0.300436,0.3581467,0.9280847,1
21.34823759,0.3060151,-0.3727258,1.152928,0.002273436,-0.01257353,0.0169032,0.9997755,-0.001644311,0.000216882,-0.000381108,0.9999985,-0.04023528,-0.02043651,-0.0103111,-0.08924467,1.013318,-0.07104659,0.03095095,-0.3004026,0.3554207,0.9265049,1
21.41826819,0.3060161,-0.3727234,1.15293,0.002272652,-0.0125787,0.01691337,0.9997752,-0.001664015,0.000202634,-0.000414668,0.9999985,-0.04267867,0.006440773,-0.002980933,-0.0870382,1.014435,-0.0582776,0.02994707,-0.2994069,0.35997,0.9252635,1
21.48802429,0.3060148,-0.3727217,1.152926,0.002243532,-0.01255441,0.01689766,0.9997759,-0.001685463,0.00017274,-0.000461008,0.9999985,-0.04756545,-0.02532328,-0.01397618,-0.09840024,1.015301,-0.04775017,0.02811349,-0.2993349,0.3590653,0.9234279,1
21.55855559,0.306027,-0.37272,1.152928,0.002249059,-0.01259425,0.01690256,0.9997754,-0.001685463,0.00017274,-0.000461008,0.9999985,-0.02801834,0.006440773,0.02145296,-0.1663956,1.049336,-0.06733194,0.02814367,-0.299337,0.3572464,0.8925279,1
21.62806749,0.3060355,-0.3727265,1.152938,0.00223315,-0.0125693,0.01695026,0.9997748,-0.001709874,0.000186608,-0.000476834,0.9999983,-0.03046173,-0.006997867,-0.01641957,-0.08109302,1.021822,-0.0627933,0.03280372,-0.3014295,0.3554162,0.807201,1
21.69860039,0.3060376,-0.3727126,1.15292,0.002240332,-0.01260826,0.01688032,0.9997755,-0.001685159,0.000195624,-0.000466775,0.9999984,-0.0353485,-0.006997867,-0.02374974,-0.09693264,1.004136,-0.05790756,0.02904881,-0.2984187,0.3581533,0.8275219,1
21.76847949,0.3060341,-0.3727135,1.152919,0.002268065,-0.01257853,0.01689531,0.9997756,-0.001665098,0.000163729,-0.000480826,0.9999985,-0.04878715,0.01377094,-0.01519788,-0.08926114,1.009242,-0.0658268,0.02814777,-0.3002908,0.3572467,0.8899974,1
21.83805279,0.3060341,-0.3727276,1.152947,0.002273417,-0.01258906,0.01690206,0.9997753,-0.001665098,0.000163729,-0.000480826,0.9999985,-0.03901359,-0.03754023,-0.01641957,-0.1102126,1.011681,-0.07795584,0.02910916,-0.2984228,0.3545156,0.918627,1
21.90826809,0.3060147,-0.3727193,1.152934,0.002234817,-0.01259115,0.01692152,0.9997751,-0.001677661,0.000214325,-0.000466852,0.9999984,-0.03412681,-0.03754023,0.0116794,-0.09049191,1.011991,-0.06316608,0.02259765,-0.2991175,0.3572606,0.9220142,1
21.97841379,0.3060089,-0.3727261,1.152941,0.002254982,-0.01256715,0.0168631,0.9997763,-0.001733849,0.000192046,-0.000532954,0.9999983,-0.03168342,0.003997383,-0.009089405,-0.0825799,1.019668,-0.06178283,0.02997725,-0.2994091,0.3581512,0.92291,1
22.04803279,0.3060064,-0.3727292,1.152934,0.002241578,-0.01257585,0.01689775,0.9997756,-0.001820136,0.000127938,-0.000591455,0.9999981,-0.0365702,0.006440773,-0.01153279,-0.09268086,1.02346,-0.06677761,0.02905701,-0.3003263,0.3581538,0.9062989,1
22.11813999,0.306016,-0.3727202,1.152925,0.00228417,-0.01261549,0.01694755,0.9997742,-0.001845713,0.000126913,-0.000592941,0.999998,-0.02801834,-0.000889394,-0.004202627,-0.08802649,1.008956,-0.06704845,0.03184101,-0.2994833,0.357237,0.892161,1
22.18821419,0.3060295,-0.3727125,1.152943,0.002269707,-0.01255897,0.01687465,0.9997762,-0.001849349,6.29732E-05,-0.000630823,0.999998,-0.04390037,-0.008219562,-0.02985821,-0.1025957,1.006874,-0.06213894,0.02905701,-0.3003263,0.3581538,0.9154755,1
22.25814598,0.3060315,-0.3727122,1.152936,0.002261988,-0.01257857,0.01688864,0.9997757,-0.001816648,-1.82528E-05,-0.00070706,0.9999981,-0.02557495,-0.01554973,-0.009089405,-0.09889118,1.012275,-0.05508062,0.02632239,-0.3021263,0.3563424,0.935091,1
22.32855779,0.3060284,-0.3727125,1.152929,0.002273228,-0.01258891,0.01689855,0.9997754,-0.0017198,-4.41503E-05,-0.000748039,0.9999982,-0.04634375,0.0003323,-0.009089405,-0.08953829,1.005579,-0.0493085,0.03371443,-0.2947904,0.3545028,0.9412482,1
22.39821539,0.3060205,-0.3727207,1.152922,0.002227611,-0.01258214,0.01691707,0.9997754,-0.00160397,-4.1824E-05,-0.000693891,0.9999985,-0.03046173,-0.01066295,-0.01519788,-0.08998524,1.021107,-0.05690651,0.02813824,-0.2945689,0.3563359,0.9499713,1
22.46824269,0.3060192,-0.3727268,1.152933,0.002279649,-0.01255125,0.01690462,0.9997758,-0.00160397,-4.1824E-05,-0.000693891,0.9999985,-0.02801834,0.005219078,0.003127541,-0.08752576,1.013376,-0.06465336,0.02816564,-0.2974314,0.3554271,0.9277003,1
22.53807169,0.3060178,-0.3727294,1.152937,0.002265622,-0.01257528,0.01692325,0.9997752,-0.0014446,-6.70498E-05,-0.000675195,0.9999985,-0.04023528,-0.000889394,-0.01519788,-0.09986769,1.012177,-0.06319179,0.02729067,-0.2983518,0.3527014,0.9242492,1
22.60911269,0.3060164,-0.3727192,1.152921,0.002237169,-0.0125752,0.01690116,0.9997756,-0.001416548,-9.97826E-05,-0.000702332,0.9999986,-0.02435326,0.002775689,0.01900957,-0.1015804,1.017062,-0.06547834,0.02726459,-0.2993035,0.3545205,0.9229008,1
22.67896969,0.3060247,-0.3727199,1.152925,0.002275744,-0.01258099,0.01692137,0.9997751,-0.001480594,-0.000219676,-0.000760505,0.9999985,-0.04634375,0.02110111,-0.01641957,-0.08629558,1.011887,-0.06462885,0.02356037,-0.3010638,0.3554399,0.9149017,1
22.74809169,0.3060342,-0.3727189,1.152938,0.002255172,-0.01261015,0.01689258,0.9997753,-0.001556525,-0.000271554,-0.000827074,0.9999983,-0.02190987,-0.000889394,0.000684153,-0.08777471,1.016414,-0.05757066,0.02359743,-0.2991593,0.3527111,0.919992,1
22.81827529,0.306031,-0.3727129,1.152921,0.002268217,-0.01261416,0.01693359,0.9997745,-0.001538344,-0.000363425,-0.000910581,0.9999982,-0.03046173,0.01132755,-0.000537541,-0.0919804,1.008602,-0.06312086,0.02443812,-0.297283,0.3572555,0.9211244,1
22.88806919,0.3060267,-0.3727086,1.152932,0.002287826,-0.0125694,0.01689398,0.9997756,-0.001604339,-0.000370469,-0.000897974,0.9999982,-0.04145698,0.01254924,-0.01153279,-0.09447074,0.9998871,-0.0612809,0.02170349,-0.299083,0.3554441,0.9388241,1
22.95831749,0.306017,-0.3727171,1.152921,0.002243862,-0.01261245,0.01694192,0.9997744,-0.001600229,-0.00036232,-0.000938633,0.9999981,-0.04267867,0.04064822,0.003127541,-0.08752334,1.019866,-0.05491645,0.02450668,-0.2991948,0.3536182,0.953263,1
23.02832229,0.3060131,-0.3727298,1.152941,0.002257483,-0.01256084,0.0169061,0.9997756,-0.001600229,-0.00036232,-0.000938633,0.9999981,-0.03290512,0.01377094,0.01290109,-0.08531692,1.016722,-0.04970466,0.02352199,-0.2991541,0.3572583,0.9319137,1
23.09803339,0.3060062,-0.3727213,1.152912,0.002265993,-0.01260067,0.01690149,0.9997752,-0.001650251,-0.000340334,-0.000965165,0.999998,-0.04023528,0.006440773,0.01412279,-0.09248238,1.010212,-0.05380631,0.02258945,-0.2972099,0.3572602,0.9242575,1
23.16801618,0.3060122,-0.3727212,1.152943,0.002249423,-0.01257757,0.01689517,0.9997756,-0.001718896,-0.000371755,-0.000956588,0.9999979,-0.01946648,-0.004554478,-0.000537541,-0.09024802,1.012018,-0.06095401,0.02257436,-0.2972088,0.3581696,0.9330723,1
23.23843048,0.3060153,-0.3727169,1.152931,0.002239564,-0.01256672,0.01688477,0.999776,-0.001789012,-0.000322113,-0.000961131,0.9999979,-0.04023528,-0.006997867,-0.009089405,-0.09147004,1.018178,-0.05883401,0.02354396,-0.2972485,0.3554389,0.9323131,1
23.30812508,0.3060174,-0.3727112,1.152907,0.002278597,-0.01258184,0.01694543,0.9997747,-0.001821363,-0.000310395,-0.000989881,0.9999977,-0.03901359,-0.01188464,-0.02008465,-0.09840593,1.009349,-0.05405417,0.02362072,-0.3010679,0.3518021,0.9226083,1
23.37817918,0.3060326,-0.3727245,1.152938,0.002274422,-0.01259563,0.01691321,0.9997751,-0.001906016,-0.000271333,-0.000983317,0.9999976,-0.03290512,-0.01188464,-0.007867711,-0.09074032,1.015524,-0.055599,0.02254418,-0.2972067,0.3599885,0.9295148,1
23.44855758,0.3060242,-0.3727155,1.152923,0.002298484,-0.01257403,0.01691105,0.9997754,-0.001906016,-0.000271333,-0.000983317,0.9999976,-0.03168342,-0.01921481,0.003127541,-0.09295153,1.015964,-0.06200062,0.01894557,-0.2989743,0.3545418,0.9244186,1
23.51813588,0.3060248,-0.3727187,1.152939,0.002265523,-0.01258874,0.01689461,0.9997755,-0.002016002,-0.00032,-0.001031443,0.9999973,-0.02924003,-0.01677142,-0.007867711,-0.09345836,1.01061,-0.06143311,0.0262717,-0.2973551,0.3581602,0.9200549,1
23.58853838,0.3060273,-0.3727298,1.152941,0.0021935,-0.0126039,0.01691098,0.9997752,-0.002104977,-0.000358024,-0.001067501,0.9999971,-0.02924003,-0.01066295,-0.01275449,-0.08580144,1.01613,-0.05756173,0.02351789,-0.2982002,0.3572581,0.9260827,1
23.65838568,0.3060253,-0.3727312,1.152938,0.002268441,-0.0126002,0.01690465,0.9997752,-0.002104977,-0.000358024,-0.001067501,0.9999971,-0.03168342,-0.01310634,-0.01519788,-0.09495011,1.006255,-0.06063666,0.02353576,-0.2953409,0.3554385,0.9273821,1
23.72864268,0.3060275,-0.3727218,1.152928,0.002239879,-0.01258783,0.01688129,0.9997758,-0.002209002,-0.000322432,-0.00100398,0.999997,-0.0353485,-0.01310634,-0.01153279,-0.08729099,1.013255,-0.05580356,0.0254187,-0.29637,0.3536151,0.9420163,1
23.79831329,0.3060296,-0.3727204,1.152933,0.002265239,-0.01256549,0.01692104,0.9997754,-0.002209727,-0.000255924,-0.00092893,0.999997,-0.0353485,-0.004554478,0.001905847,-0.09541537,1.009958,-0.07543702,0.02171858,-0.2990841,0.3545347,0.9417455,1
23.86925318,0.3060304,-0.3727101,1.152937,0.002289279,-0.01257953,0.01690562,0.9997754,-0.00220908,-0.000255907,-0.000882492,0.9999971,-0.02557495,-0.003332783,-0.009089405,-0.07961927,1.021868,-0.05762931,0.02630876,-0.2954506,0.3554314,0.935583,1
23.93802368,0.3060165,-0.3727289,1.152934,0.00227783,-0.01258944,0.01691821,0.9997751,-0.002179315,-0.000227346,-0.000897643,0.9999971,-0.0353485,-0.000889394,-0.02008465,-0.09196946,1.0165,-0.05733645,0.02449437,-0.2963334,0.3536175,0.9147302,1
24.00820598,0.3060136,-0.3727299,1.152942,0.002265681,-0.01255622,0.01691223,0.9997756,-0.002212664,-0.000181227,-0.000923391,0.999997,-0.04145698,-0.01921481,-0.01397618,-0.08878674,1.009948,-0.05010697,0.02171448,-0.2981302,0.3545345,0.9126995,1
24.07842309,0.3060133,-0.3727219,1.152934,0.002271668,-0.01257555,0.0168733,0.9997759,-0.002212664,-0.000181227,-0.000923391,0.999997,-0.03901359,-0.01188464,-0.02863652,-0.09988352,1.00659,-0.06114513,0.02537344,-0.2963668,0.3563434,0.9309036,1
24.14799948,0.3060148,-0.372715,1.152938,0.002212533,-0.01256663,0.01691737,0.9997755,-0.002246987,-0.000142647,-0.000911473,0.999997,-0.02924003,-0.004554478,0.01778787,-0.08211299,1.011185,-0.05674403,0.02723442,-0.2993014,0.3563394,0.9467604,1
24.21833679,0.3060191,-0.3727158,1.152924,0.002275684,-0.01258972,0.01691129,0.9997752,-0.002241898,-0.000134707,-0.000859535,0.999997,-0.0353485,-0.002111089,-0.01397618,-0.08975849,1.009797,-0.06190382,0.02177483,-0.2981344,0.3508967,0.9505768,1
24.28831008,0.3060215,-0.3727266,1.152938,0.002240078,-0.01256117,0.01689507,0.9997759,-0.00221866,-0.000150851,-0.000862613,0.999997,-0.02557495,-0.000889394,-0.005424321,-0.09221755,1.014014,-0.06074188,0.02720424,-0.2992993,0.3581583,0.9495591,1
24.35851048,0.3060238,-0.3727233,1.152933,0.002230844,-0.01259021,0.01689663,0.9997755,-0.002300699,-5.68567E-05,-0.000834967,0.999997,-0.0365702,0.001553995,-0.01153279,-0.09790773,1.01079,-0.05505679,0.02260454,-0.2972109,0.3563508,0.9413096,1
24.42825618,0.3060239,-0.3727223,1.152942,0.002260006,-0.01256585,0.0168804,0.9997759,-0.00230059,7.44773E-05,-0.000779134,0.9999969,-0.02924003,-0.000889394,0.006792624,-0.09961949,1.015665,-0.05808047,0.02533916,-0.2954109,0.3581621,0.9379915,1
24.49847098,0.3060291,-0.37272,1.152938,0.002275016,-0.0126055,0.01687685,0.9997755,-0.002276147,0.000117699,-0.000742457,0.9999971,-0.02435326,-0.008219562,0.005570929,-0.08653127,1.014775,-0.06786603,0.0226457,-0.2962602,0.3536222,0.926903,1
24.56819688,0.3060296,-0.3727209,1.152919,0.002248261,-0.01256904,0.01692699,0.9997752,-0.002276147,0.000117699,-0.000742457,0.9999971,-0.0365702,-0.02043651,0.008014318,-0.1003771,1.01011,-0.05480728,0.02449847,-0.2972872,0.3536177,0.9241327,1
24.63812218,0.3060348,-0.372725,1.152938,0.002181432,-0.01255232,0.01690483,0.999776,-0.002294913,8.57617E-05,-0.000708995,0.9999969,-0.02924003,-0.006997867,0.009236012,-0.09345516,1.008819,-0.06705981,0.02538985,-0.3001821,0.3563443,0.933422,1
24.70984588,0.3060274,-0.3727081,1.152922,0.002281541,-0.01259135,0.01692448,0.9997749,-0.002367624,2.02722E-05,-0.000702298,0.9999968,-0.03168342,0.005219078,-0.009089405,-0.09024312,1.008203,-0.07146678,0.02077095,-0.2971388,0.355446,0.9438082,1
24.77806448,0.3060285,-0.3727196,1.152937,0.002232036,-0.01260218,0.01691556,0.9997751,-0.002416582,5.32765E-05,-0.000684781,0.9999968,-0.03290512,0.003997383,-0.007867711,-0.08728919,1.009224,-0.06434712,0.019885,-0.2990119,0.35363,0.9514338,1
24.84806808,0.3060232,-0.3727283,1.152946,0.002199409,-0.01256515,0.01691305,0.9997756,-0.002487444,0.000189148,-0.000538536,0.9999967,-0.03290512,-0.002111089,-0.009089405,-0.08553456,1.022165,-0.06207187,0.02351789,-0.2982002,0.3572581,0.9472302,1
24.91829767,0.3060126,-0.3727311,1.152925,0.002254178,-0.01259311,0.01688915,0.9997755,-0.002550838,0.000320235,-0.00043678,0.9999966,-0.0353485,0.01010586,-0.009089405,-0.08805233,1.0105,-0.04470634,0.01988778,-0.2961515,0.3527199,0.9244295,1
24.98897258,0.3060169,-0.372728,1.152959,0.002267038,-0.01258955,0.01692338,0.999775,-0.002551957,0.00041434,-0.0003496,0.9999965,-0.0365702,0.002775689,0.008014318,-0.088283,1.004559,-0.06747719,0.01893327,-0.2961129,0.3545411,0.936152,1
25.05837558,0.3060102,-0.3727213,1.152935,0.002251371,-0.01256164,0.01690127,0.9997758,-0.002551957,0.00041434,-0.0003496,0.9999965,-0.04512206,0.01499263,-0.000537541,-0.08430942,1.014717,-0.06884278,0.02262373,-0.2981658,0.3554415,0.9528809,1
25.13029567,0.3060122,-0.3727242,1.152939,0.002241425,-0.01255894,0.01690397,0.9997758,-0.002475816,0.000490243,-0.000303648,0.9999966,-0.02313156,-0.003332783,-0.002980933,-0.08902751,1.011641,-0.05160656,0.02255517,-0.296254,0.3590788,0.9444949,1
25.19795567,0.3060138,-0.3727118,1.152917,0.00226058,-0.01254073,0.01687865,0.9997764,-0.002475816,0.000490243,-0.000303648,0.9999966,-0.02679664,-0.01921481,0.01534449,-0.08777392,1.017157,-0.05684409,0.02353165,-0.2943871,0.3554383,0.9396578,1
25.26857057,0.3060264,-0.3727162,1.152933,0.002250284,-0.01259148,0.01691925,0.9997751,-0.002408668,0.000539161,-0.000314917,0.9999969,-0.02435326,-0.005776173,-0.004202627,-0.08481883,1.011146,-0.06313997,0.01714627,-0.2998581,0.3518185,0.9297639,1
25.33812887,0.3060287,-0.3727191,1.152925,0.002279208,-0.01257217,0.01688903,0.9997757,-0.002303797,0.000564819,-0.000370086,0.999997,-0.03168342,0.0003323,-0.000537541,-0.08307388,1.014671,-0.07031366,0.02075997,-0.2980916,0.3563557,0.9321735,1
25.40833897,0.3060277,-0.3727323,1.152935,0.002217941,-0.01256175,0.01689106,0.999776,-0.002310056,0.000591197,-0.000354729,0.999997,-0.02557495,0.002775689,0.005570929,-0.08482767,1.011246,-0.05626005,0.01892638,-0.2980195,0.355451,0.9303876,1
25.47940567,0.3060201,-0.3727236,1.152924,0.002294043,-0.01258691,0.01692735,0.9997749,-0.002359507,0.000649446,-0.000350142,0.9999968,-0.03168342,-0.009441256,0.004349235,-0.08631474,1.013105,-0.04793458,0.02078604,-0.2971399,0.3545366,0.9358663,1
25.54857057,0.3060214,-0.372715,1.152928,0.002249786,-0.01259864,0.01690683,0.9997752,-0.002328,0.000710441,-0.000327742,0.9999969,-0.04756545,0.02598788,0.003127541,-0.09791774,1.020929,-0.02939793,0.02260043,-0.2962571,0.3563505,0.9322278,1
25.61811367,0.3060245,-0.3727132,1.152921,0.002254176,-0.01256144,0.0169056,0.9997756,-0.002254821,0.000835039,-0.000227653,0.999997,-0.0365702,-0.004554478,-0.002980933,-0.09224029,1.01427,-0.04305067,0.01709968,-0.2960408,0.3536364,0.9155632,1
25.68797147,0.3060407,-0.3727233,1.152932,0.002258641,-0.01260736,0.01694127,0.9997745,-0.002186416,0.000801577,-0.000235794,0.9999971,-0.01580139,-0.01310634,0.06543396,-0.08554492,1.017519,-0.0624964,0.01893737,-0.2970667,0.3545414,0.9148064,1
25.76023487,0.3060357,-0.3727143,1.152921,0.0022726,-0.01258659,0.01689954,0.9997754,-0.002186416,0.000801577,-0.000235794,0.9999971,-0.02679664,-0.009441256,0.02756143,-0.08014289,1.006425,-0.06232309,0.01617535,-0.2960042,0.3536388,0.9167509,1
25.82868746,0.3060248,-0.3727199,1.152923,0.002283577,-0.01256385,0.01692275,0.9997753,-0.002114831,0.000806762,-0.000259653,0.9999973,-0.04145698,0.006440773,0.02389634,-0.07738191,1.024392,-0.06577042,0.01527562,-0.3016905,0.3536425,0.930454,1
25.89810106,0.306002,-0.3727123,1.15291,0.002233018,-0.01255534,0.01690249,0.9997758,-0.0020058,0.000827188,-0.000267083,0.9999976,-0.04512206,-0.009441256,-0.005424321,-0.0746796,1.020209,-0.06422886,0.01614795,-0.2931417,0.3545476,0.9066753,1
25.96828056,0.305995,-0.372725,1.152939,0.002255409,-0.01255477,0.01685083,0.9997767,-0.00184279,0.000833678,-0.000251569,0.9999979,-0.02924003,-0.004554478,-0.0103111,-0.07815862,1.012285,-0.05969935,0.01613697,-0.2940945,0.3554572,0.8996249,1
26.03849256,0.3059922,-0.3727219,1.152923,0.002264732,-0.01255351,0.01689489,0.9997759,-0.001682673,0.000817735,-0.000254895,0.9999981,-0.03168342,0.002775689,0.01290109,-0.07123862,1.014274,-0.06462631,0.01147823,-0.2958161,0.3581978,0.914242,1
26.10828317,0.3060102,-0.3727173,1.152927,0.002264548,-0.0126049,0.01690865,0.9997751,-0.001586436,0.000793385,-0.000303887,0.9999982,-0.04023528,-0.006997867,-0.000537541,-0.08601287,1.029524,-0.06045886,0.020819,-0.2942815,0.3518076,0.9120669,1
26.17862427,0.3060311,-0.3727148,1.15294,0.002267439,-0.01255823,0.01691028,0.9997756,-0.001586436,0.000793385,-0.000303887,0.9999982,-0.02435326,-0.0668609,0.01290109,-0.1435359,1.014511,-0.06308695,0.01240667,-0.2968065,0.3581957,0.880138,1
26.24824167,0.3060342,-0.3727221,1.15293,0.002202915,-0.01258546,0.01688965,0.9997758,-0.001587885,0.000780477,-0.000268175,0.9999982,-0.03168342,-0.003332783,-0.002980933,-0.05004027,1.011077,-0.0539603,0.01802124,-0.2989378,0.3545442,0.8807353,1
26.31815607,0.3060333,-0.3727211,1.152933,0.002283284,-0.01258898,0.01691016,0.9997752,-0.001587885,0.000780477,-0.000268175,0.9999982,-0.03290512,-0.01066295,-0.006646017,-0.07470518,1.009969,-0.06309815,0.01428552,-0.2968818,0.3563721,0.9130144,1
26.38830436,0.306025,-0.3727169,1.152933,0.002250584,-0.012553,0.01686173,0.9997765,-0.001579846,0.000764338,-0.000325968,0.9999983,-0.03412681,0.001553995,0.001905847,-0.07766011,1.012218,-0.06362937,0.01989188,-0.2971054,0.3527201,0.9336361,1
26.45811496,0.3060181,-0.3727181,1.152928,0.002264684,-0.01257989,0.01687608,0.9997759,-0.001538658,0.000606288,-0.000444737,0.9999984,-0.03168342,-0.01066295,-0.001759239,-0.0734864,1.007355,-0.05642184,0.01433078,-0.2968849,0.3536437,0.9427227,1
26.52831066,0.3060261,-0.372733,1.152936,0.002239467,-0.01257486,0.01684345,0.9997766,-0.001529821,0.000509066,-0.000522996,0.9999985,-0.04145698,-0.006997867,-0.001759239,-0.07469986,1.014672,-0.05874224,0.01522084,-0.2959656,0.35546,0.9544688,1
26.59809176,0.3060338,-0.3727228,1.152928,0.002267487,-0.01261309,0.01691948,0.9997748,-0.001521687,0.000408616,-0.000574311,0.9999985,-0.0365702,0.0003323,-0.01153279,-0.07322768,1.011727,-0.05771309,0.01799795,-0.2970291,0.3554532,0.9487063,1
26.66834936,0.3060349,-0.3727207,1.152943,0.002279775,-0.01256345,0.01685777,0.9997764,-0.001521687,0.000408616,-0.000574311,0.9999985,-0.02924003,-0.01310634,-0.005424321,-0.07493885,1.016846,-0.06074029,0.01431159,-0.29593,0.354553,0.945344,1
26.73803416,0.3060342,-0.3727155,1.152945,0.002238321,-0.01254667,0.01687253,0.9997765,-0.001519951,0.000360676,-0.000613348,0.9999985,-0.02679664,-0.003332783,-0.001759239,-0.07345404,1.019774,-0.05881279,0.01064164,-0.2986462,0.3536537,0.9311025,1
26.80879056,0.3060195,-0.3727159,1.152932,0.002275691,-0.01255406,0.01690131,0.9997758,-0.001575772,0.000257046,-0.000680628,0.9999984,-0.03779189,0.01132755,-0.05184871,-0.06287235,1.016618,-0.04301241,0.01327476,-0.2977927,0.3618312,0.9174669,1
26.87809796,0.3060058,-0.3727213,1.15293,0.002244197,-0.01258767,0.01691129,0.9997754,-0.001578252,0.000231518,-0.000717755,0.9999984,-0.02801834,-0.002111089,0.006792624,-0.07049596,1.012978,-0.06878377,0.01524003,-0.2969204,0.3545508,0.9199405,1
26.94830937,0.3060054,-0.3727264,1.152938,0.002254307,-0.01260093,0.01691907,0.999775,-0.00158249,0.0002358,-0.000762192,0.9999983,-0.02190987,0.0003323,-0.01519788,-0.07296469,1.019811,-0.05561719,0.01518378,-0.29787,0.3581888,0.9234438,1
27.01874457,0.3060097,-0.372731,1.152952,0.002278815,-0.01255776,0.01691252,0.9997756,-0.00162604,0.000160474,-0.000838327,0.9999983,-0.03779189,-0.01066295,-0.005424321,-0.07372718,1.007544,-0.06060313,0.01428141,-0.2959279,0.3563718,0.9200091,1
27.08809817,0.3060115,-0.3727287,1.152935,0.002233265,-0.01257218,0.01689565,0.9997758,-0.001634268,0.000150473,-0.000863806,0.9999982,-0.04756545,-0.006997867,-0.002980933,-0.0840668,1.017766,-0.06028446,0.01613419,-0.2969549,0.3563673,0.9348137,1
27.15852067,0.3060218,-0.3727187,1.152935,0.002230362,-0.01258665,0.01688174,0.9997758,-0.001634268,0.000150473,-0.000863806,0.9999982,-0.0365702,0.006440773,-0.001759239,-0.06878652,1.011639,-0.05770091,0.0133543,-0.2987517,0.3572843,0.9289136,1
27.22872987,0.3060343,-0.3727091,1.152938,0.002283433,-0.01256712,0.01690456,0.9997755,-0.001610967,0.000135962,-0.000866151,0.9999983,-0.03412681,-0.006997867,-0.004202627,-0.08407474,1.01209,-0.06438057,0.01341055,-0.2978021,0.3536463,0.9356837,1
27.29802997,0.3060336,-0.3727125,1.152931,0.00224162,-0.01257253,0.01691335,0.9997755,-0.001578093,0.000144149,-0.000843681,0.9999983,-0.02679664,-0.01066295,0.006792624,-0.07124677,1.012611,-0.06140742,0.01895524,-0.2942073,0.3527218,0.9389632,1
27.36852947,0.3060276,-0.3727265,1.152915,0.002256681,-0.01259167,0.01687725,0.9997758,-0.001586356,0.000113855,-0.000825604,0.9999984,-0.0365702,0.0003323,-0.007867711,-0.07964552,1.010382,-0.05820097,0.02079425,-0.2990475,0.3545371,0.9424555,1
27.43835967,0.3060344,-0.3727357,1.152957,0.002240206,-0.01256902,0.0168916,0.9997758,-0.00165068,0.000171369,-0.000789809,0.9999982,-0.03901359,0.003997383,-0.005424321,-0.07026011,1.015352,-0.05628351,0.01801303,-0.2970302,0.3545437,0.9460948,1
27.50971947,0.3060251,-0.3727225,1.152941,0.002236594,-0.01258643,0.01687259,0.999776,-0.00165068,0.000171369,-0.000789809,0.9999982,-0.05733901,-0.004554478,-0.0103111,-0.08163258,1.004304,-0.05910122,0.01523592,-0.2959666,0.3545506,0.9456484,1
27.57813647,0.3060208,-0.3727231,1.152931,0.002252098,-0.01258905,0.01690977,0.9997753,-0.001702877,0.000229175,-0.000720481,0.9999982,-0.04023528,0.0003323,-0.007867711,-0.06730376,1.010831,-0.06088054,0.01891818,-0.2961119,0.3554505,0.9615348,1
27.64886397,0.3060318,-0.3727296,1.152948,0.002231077,-0.01258788,0.01689014,0.9997756,-0.001776747,0.000253405,-0.000716739,0.999998,-0.03168342,-0.002111089,-0.01397618,-0.08037135,1.015499,-0.05999691,0.01518656,-0.2950096,0.3572786,0.960191,1
27.71830757,0.3060304,-0.3727123,1.152935,0.002253269,-0.01257419,0.01690561,0.9997755,-0.001804027,0.000188823,-0.000752203,0.999998,-0.02435326,0.001553995,-0.01764126,-0.07173004,1.015013,-0.06488394,0.01701326,-0.2969883,0.3590932,0.9450269,1
27.78864537,0.3060293,-0.3727117,1.152946,0.002277319,-0.0125847,0.01691646,0.9997751,-0.001767529,0.000118111,-0.000779997,0.999998,-0.03412681,-0.006997867,-0.0103111,-0.07937438,1.018625,-0.06200567,0.01336528,-0.297799,0.3563747,0.933143,1
27.85877857,0.3060164,-0.3727237,1.152925,0.002264225,-0.01258217,0.01687893,0.9997758,-0.001774797,0.000146761,-0.000739814,0.999998,-0.03290512,-0.01188464,-0.01153279,-0.07298242,1.011238,-0.05745966,0.01339414,-0.2939868,0.3536454,0.9231347,1
27.92830107,0.3060129,-0.372739,1.152959,0.002242305,-0.01262273,0.01693615,0.9997744,-0.001793264,0.000169081,-0.000740295,0.9999981,-0.03168342,-0.002111089,0.000684153,-0.07248491,1.009929,-0.06284635,0.01799795,-0.2970291,0.3554532,0.9344706,1
27.99806427,0.3060042,-0.3727299,1.152945,0.002240775,-0.01257231,0.01688754,0.9997759,-0.001793264,0.000169081,-0.000740295,0.9999981,-0.03779189,-0.003332783,-0.002980933,-0.06828307,1.015026,-0.05922311,0.01337217,-0.2958924,0.3554648,0.9441353,1
28.06831426,0.3060091,-0.3727228,1.152946,0.002235377,-0.01258378,0.01691238,0.9997753,-0.001810764,0.000178803,-0.000718315,0.999998,-0.02435326,0.01499263,-0.004202627,-0.07298158,1.011729,-0.05722099,0.01155909,-0.3005894,0.3545612,0.9416855,1
28.13797207,0.3060211,-0.372721,1.152933,0.002291767,-0.01259417,0.01691828,0.9997749,-0.00181698,0.000175074,-0.000705866,0.9999979,-0.0365702,0.008884161,-0.001759239,-0.08062203,1.0163,-0.05558535,0.01249309,-0.2958589,0.3527388,0.9417878,1
28.20808407,0.3060272,-0.3727194,1.152928,0.002238743,-0.01257015,0.01690498,0.9997756,-0.00181698,0.000175074,-0.000705866,0.9999979,-0.0353485,0.0003323,-0.009089405,-0.06978081,1.007731,-0.05912155,0.01619732,-0.2940986,0.3518195,0.9378527,1
28.27849257,0.3060361,-0.3727209,1.152941,0.002278392,-0.01259648,0.01691808,0.9997749,-0.001827359,0.000318965,-0.000564444,0.9999979,-0.03046173,0.006440773,-0.005424321,-0.08061162,1.019191,-0.05833042,0.01344761,-0.2958976,0.3509176,0.9460242,1
28.34796466,0.3060251,-0.3727114,1.152918,0.002220711,-0.01259281,0.01691043,0.9997752,-0.001827359,0.000318965,-0.000564444,0.9999979,-0.05489562,0.003997383,-0.004202627,-0.07370641,1.016584,-0.06024197,0.01247112,-0.2977645,0.3545582,0.929575,1
28.41797597,0.3060288,-0.3727226,1.152934,0.002267803,-0.01257154,0.01689619,0.9997756,-0.001812979,0.000381987,-0.000485428,0.9999981,-0.03046173,-0.002111089,-0.01397618,-0.07593798,1.011989,-0.06018116,0.01340923,-0.2939879,0.352736,0.9240161,1
28.48835617,0.3060227,-0.3727186,1.152915,0.002245223,-0.01258647,0.01687885,0.9997758,-0.00177455,0.000399259,-0.000461403,0.9999982,-0.03779189,0.01254924,0.003127541,-0.08087002,1.013312,-0.05996658,0.0133228,-0.2949354,0.3581928,0.9311712,1
28.55836507,0.3060358,-0.3727246,1.152941,0.002263495,-0.01253363,0.01689597,0.9997762,-0.00176937,0.000281308,-0.000532408,0.9999982,-0.02190987,-0.01066295,-0.01275449,-0.0766866,1.011598,-0.05452479,0.01059638,-0.2986431,0.356382,0.935037,1
28.62820907,0.3060382,-0.3727291,1.15296,0.002230055,-0.01255253,0.01690619,0.9997758,-0.001825842,0.000243254,-0.000568626,0.9999981,-0.03901359,0.006440773,0.008014318,-0.08011264,1.021375,-0.05860647,0.01331592,-0.296842,0.3591027,0.935088,1
28.69812017,0.3060249,-0.3727165,1.152938,0.002305887,-0.01258545,0.01691273,0.9997752,-0.001825842,0.000243254,-0.000568626,0.9999981,-0.04145698,0.0003323,0.006792624,-0.07446633,1.010053,-0.05695469,0.01338447,-0.2987538,0.3554654,0.9208969,1
28.76828397,0.3060122,-0.3727179,1.152933,0.002259484,-0.01255202,0.01690859,0.9997757,-0.001823994,0.000193283,-0.000629964,0.9999981,-0.0353485,0.05530855,0.01534449,-0.06680825,1.014558,-0.05577205,0.01247523,-0.2987183,0.3545584,0.9319719,1
28.83794596,0.3060093,-0.3727271,1.15293,0.002262878,-0.01255554,0.0168932,0.9997759,-0.001757591,0.000222102,-0.000612819,0.9999981,-0.05123053,0.07119057,0.01290109,-0.1067672,1.015972,-0.06350926,0.007872738,-0.2994903,0.353661,0.9317312,1
28.90854566,0.3060064,-0.3727166,1.152916,0.00223709,-0.01259073,0.01691161,0.9997753,-0.001793675,0.000321315,-0.000571977,0.9999982,-0.03290512,0.008884161,0.01900957,-0.05787306,1.03409,-0.06070139,0.005958294,-0.2946449,0.3563929,0.9092821,1
28.97824286,0.3060161,-0.372722,1.152939,0.002244161,-0.01258453,0.01690935,0.9997754,-0.001797432,0.00039006,-0.000535701,0.9999982,-0.04634375,0.0663038,-0.01519788,-0.0687893,1.008412,-0.06134081,0.00600766,-0.2956019,0.3536648,0.8793638,1
29.04811316,0.306017,-0.3727213,1.152941,0.002308324,-0.01256991,0.0169265,0.9997751,-0.00178399,0.0003913,-0.000580034,0.999998,-0.05367392,0.05775194,0.05199532,-0.08705951,1.006403,-0.05644144,0.001310542,-0.2954138,0.3582238,0.9115173,1
29.11817066,0.3060288,-0.372732,1.152948,0.002282411,-0.0125704,0.01691395,0.9997754,-0.001798636,0.000444498,-0.000527428,0.999998,-0.04145698,0.01865772,0.06909904,-0.05396277,1.021649,-0.05436823,-0.000454485,-0.2972535,0.3536818,0.9353447,1
29.18819566,0.3060244,-0.3727198,1.152933,0.002228417,-0.01258961,0.01689487,0.9997755,-0.001798636,0.000444498,-0.000527428,0.999998,-0.10132,-0.008219562,0.1375139,-0.05243703,1.039658,-0.05659039,-0.001387026,-0.2953093,0.3536838,0.909211,1
29.25802856,0.3060316,-0.3727124,1.152938,0.002247004,-0.01258712,0.0169064,0.9997754,-0.001730545,0.000593079,-0.000419171,0.9999982,-0.1734,-0.005776173,0.1802732,-0.07682376,1.065764,-0.04105227,-0.007845067,-0.2979147,0.353701,0.8352375,1
29.32899656,0.3060269,-0.3727188,1.152911,0.002202279,-0.01259112,0.01691487,0.9997753,-0.001730545,0.000593079,-0.000419171,0.9999982,-0.161183,0.01254924,0.1778298,-0.02302901,0.9656217,-0.03603479,-0.007801266,-0.3045924,0.3527932,0.7665268,1
29.39790856,0.3060293,-0.3727208,1.152928,0.002261059,-0.01259034,0.0168795,0.9997758,-0.00165631,0.000621839,-0.000358458,0.9999983,-0.2002772,-0.0216582,0.3366501,0.005559859,1.053629,-0.04092064,-0.01046045,-0.3063976,0.3464347,0.8114378,1
29.46815696,0.3060266,-0.3727245,1.152932,0.002255955,-0.01255132,0.01690653,0.9997758,-0.001604623,0.000669142,-0.000356516,0.9999983,-0.2161593,0.1066197,0.5553334,0.0481923,1.036575,-0.03024786,-0.02424184,-0.3077619,0.3419235,0.7802056,1
29.53822106,0.3060157,-0.372714,1.15292,0.00225983,-0.01256474,0.01690519,0.9997756,-0.001594121,0.000731779,-0.000324943,0.9999984,-0.1709566,0.04797839,0.6335219,0.1019791,0.9350183,-0.0217693,-0.03809735,-0.3129351,0.3428698,0.7876582,1
29.60832876,0.3060192,-0.3727167,1.152931,0.002258262,-0.01254988,0.01689431,0.9997759,-0.001594121,0.000731779,-0.000324943,0.9999984,-0.1159803,0.08585091,0.5150176,0.1355526,0.9431745,-0.01959264,-0.05183758,-0.3133487,0.3356301,0.8459291,1
29.67803396,0.3060234,-0.3727258,1.152941,0.002281546,-0.01259538,0.01696135,0.9997743,-0.001564633,0.000738255,-0.000404955,0.9999983,-0.05000884,0.149379,0.3513105,0.10918,0.9694542,0.005277093,-0.06119885,-0.3101142,0.3420191,0.9087708,1
29.74823056,0.3060215,-0.3727191,1.152929,0.00226594,-0.01259478,0.01687975,0.9997757,-0.001554798,0.000645206,-0.000479627,0.9999984,0.05505688,0.19336,0.5308995,0.2076039,0.9527096,-0.004315915,-0.07782035,-0.3027822,0.3393318,0.9486836,1
29.81804046,0.306016,-0.3727201,1.152924,0.002236755,-0.01257935,0.0168678,0.9997762,-0.001521848,0.000560286,-0.000574951,0.9999984,0.1149199,0.1811431,0.6555124,0.2290239,0.929738,-0.009830236,-0.09355045,-0.2983452,0.3393711,0.9711345,1
29.88793016,0.3060071,-0.3727182,1.152923,0.002268674,-0.01253437,0.01687793,0.9997765,-0.001572429,0.000485011,-0.000638051,0.9999983,0.03184469,0.05164347,0.4624846,0.2422868,0.905591,-0.006500151,-0.1009807,-0.2932824,0.3402983,0.9754762,1
29.95837266,0.3060149,-0.3727385,1.152972,0.002238966,-0.01254399,0.01692162,0.9997757,-0.001635541,0.000468027,-0.000674195,0.9999983,-0.06222578,-0.01799312,0.4808101,0.2483199,0.9518425,-0.008381385,-0.1158303,-0.2822042,0.3412431,0.9574454,1
30.02879306,0.3060167,-0.3727217,1.152944,0.002273037,-0.01253892,0.01690468,0.9997759,-0.00161921,0.000398807,-0.000643854,0.9999983,0.0294013,-0.04853548,0.5040223,0.3021551,0.9675338,-0.01461961,-0.1251394,-0.2770662,0.3439939,0.9673724,1
30.09805986,0.3060297,-0.3727254,1.152938,0.002237065,-0.01259582,0.01691193,0.9997751,-0.00161921,0.000398807,-0.000643854,0.9999983,0.09781619,-0.006997867,0.5516684,0.3117578,0.9582921,-0.01569153,-0.136274,-0.2737638,0.3458405,0.9730043,1
30.16850986,0.3060382,-0.3727254,1.152925,0.002266891,-0.01259252,0.01689696,0.9997755,-0.00158931,0.000385523,-0.000623237,0.9999984,0.04039655,0.08951599,0.5174609,0.3612699,0.919117,-0.02237768,-0.1418898,-0.2678183,0.3485816,0.9829584,1
30.23807876,0.306039,-0.3727105,1.15292,0.002234847,-0.01258823,0.01691274,0.9997752,-0.001594781,0.000332801,-0.000593643,0.9999985,0.04650503,0.01865772,0.4600413,0.4099941,0.8539249,-0.03925825,-0.1539513,-0.2568509,0.3486099,0.9891247,1
30.30856076,0.306031,-0.372716,1.152936,0.00227792,-0.01257123,0.01687657,0.999776,-0.001688945,0.000286837,-0.000574177,0.9999983,0.1564575,0.05653024,0.5015789,0.3488221,0.8629639,-0.03855584,-0.1697554,-0.2457339,0.3513758,0.9773197,1
30.37836356,0.3060113,-0.372714,1.152928,0.002252408,-0.01257202,0.01686828,0.9997762,-0.001738401,0.00024046,-0.000638797,0.9999982,0.05750027,-0.000889394,0.4368291,0.4631581,0.896677,-0.04957497,-0.1717246,-0.2351636,0.3559252,0.9441495,1
30.44831836,0.30601,-0.3727219,1.152931,0.002301613,-0.01256276,0.01688343,0.9997759,-0.001738401,0.00024046,-0.000638797,0.9999982,-0.013358,-0.1377192,0.376966,0.4620504,0.8434135,-0.05298727,-0.1782772,-0.2263201,0.3586681,0.9584638,1
30.51812386,0.3060162,-0.3727256,1.152934,0.002251536,-0.0125658,0.01690349,0.9997756,-0.001828808,0.000186753,-0.000721243,0.999998,0.03917485,-0.04609209,0.3378718,0.4545862,0.812929,-0.06043025,-0.1829386,-0.2204133,0.3595879,0.9654399,1
30.58848716,0.3060243,-0.3727185,1.15293,0.002254,-0.0125782,0.0169187,0.9997752,-0.001828808,0.000186753,-0.000721243,0.999998,0.0294013,-0.05586565,0.3415369,0.5352472,0.8987686,-0.07621629,-0.1839451,-0.2117892,0.3623165,0.9185076,1
30.65866836,0.3060244,-0.3727179,1.152937,0.002272724,-0.01257367,0.01693208,0.999775,-0.00190322,0.000232819,-0.00067052,0.9999978,0.03428808,-0.04975717,0.3036644,0.5318311,0.8119465,-0.07300606,-0.193213,-0.2057006,0.3623388,0.8608416,1
30.72837726,0.3060219,-0.3727189,1.152931,0.002287535,-0.01258189,0.01692099,0.9997751,-0.001908769,0.000282707,-0.00062799,0.9999979,0.07704739,0.02110111,0.3549755,0.5323083,0.8023442,-0.07778163,-0.1904523,-0.2029488,0.362331,0.9028022,1
30.79830636,0.306012,-0.3727201,1.152936,0.002264002,-0.01257371,0.01689559,0.9997756,-0.001936203,0.000315002,-0.000615699,0.9999978,-0.01824478,-0.009441256,0.2425797,0.5717455,0.7829612,-0.08060008,-0.1914548,-0.1952786,0.3650599,0.9453263,1
30.86833816,0.3060071,-0.372722,1.152947,0.002252634,-0.01256727,0.01690008,0.9997757,-0.00196963,0.000291768,-0.000647802,0.9999976,0.03428808,-0.1841436,0.3378718,0.5601764,0.7914064,-0.08664864,-0.1961381,-0.1912773,0.3677991,0.969246,1
30.93817775,0.3060101,-0.3727156,1.152913,0.002255443,-0.0125619,0.01690045,0.9997758,-0.001989929,0.000276462,-0.00066612,0.9999976,-0.08788136,-0.04242701,0.3073294,0.5645912,0.7755727,-0.09476533,-0.1989357,-0.1854447,0.3678048,0.9827009,1
31.00874535,0.3060333,-0.3727272,1.152937,0.002263444,-0.01258836,0.0168848,0.9997756,-0.001974343,0.000186757,-0.000592346,0.9999978,0.05750027,-0.05097887,0.3122163,0.6843348,0.8036447,-0.1000372,-0.1962669,-0.1788725,0.3723433,0.9578809,1
31.07812925,0.3060373,-0.3727217,1.15293,0.002218091,-0.01259183,0.01689891,0.9997755,-0.001973143,0.00018895,-0.000593688,0.9999978,-0.006027838,-0.05953073,0.4197254,0.611086,0.7150357,-0.09672698,-0.2017429,-0.1738902,0.3668997,0.8643171,1
31.14832185,0.3060414,-0.372725,1.152947,0.002201074,-0.01260582,0.01692748,0.9997749,-0.001905568,0.000216123,-0.000603227,0.9999979,-0.001141062,-0.02410159,0.3916264,0.6310301,0.6912901,-0.107149,-0.2110328,-0.1697071,0.3687413,0.8841829,1
31.21825125,0.3060261,-0.3727099,1.152921,0.002285965,-0.01256344,0.01691319,0.9997755,-0.001865961,0.000296297,-0.000562869,0.999998,-0.04267867,-0.003332783,0.3378718,0.6871655,0.7479007,-0.1007007,-0.213888,-0.1610099,0.3714747,0.9075627,1
31.28838455,0.3060245,-0.3727257,1.152946,0.002240524,-0.01256418,0.01692421,0.9997754,-0.001865961,0.000296297,-0.000562869,0.999998,-0.1062068,-0.09862495,0.3879613,0.7106805,0.664387,-0.1188535,-0.20832,-0.1593238,0.3696412,0.9197299,1
31.35815814,0.3060184,-0.3727216,1.152936,0.002269552,-0.01258256,0.01687429,0.9997759,-0.001835071,0.000370434,-0.000513773,0.9999979,-0.08910306,-0.009441256,0.3745227,0.7151185,0.6610755,-0.1222355,-0.2139784,-0.1505148,0.3742005,0.9495691,1
31.42851954,0.306014,-0.3727216,1.152935,0.002230836,-0.01257786,0.01690038,0.9997756,-0.00176697,0.000328577,-0.000564829,0.9999982,0.0733823,-0.005776173,0.593206,0.7652014,0.5601262,-0.1105799,-0.2232476,-0.1406119,0.3733124,0.9716326,1
31.49796144,0.3060156,-0.372733,1.152946,0.002265165,-0.01256443,0.01691368,0.9997755,-0.001767098,0.000299843,-0.000619433,0.9999981,0.1527925,-0.05708734,0.5553334,0.777141,0.5984089,-0.115035,-0.226111,-0.1300071,0.3760453,0.9840434,1
31.56822145,0.306015,-0.3727261,1.152932,0.002269962,-0.0125806,0.01689667,0.9997755,-0.001774831,0.000209404,-0.000723973,0.999998,0.2212074,-0.02654498,0.3879613,0.7531149,0.6613277,-0.1201797,-0.2308135,-0.1145621,0.3769629,0.9910244,1
31.63720735,0.3060125,-0.3727121,1.152938,0.002258004,-0.0125849,0.01688676,0.9997756,-0.001716053,0.000164556,-0.000791392,0.9999982,-0.1367491,-0.09740326,0.3232115,0.7877564,0.592618,-0.1294254,-0.2271133,-0.111848,0.3760433,0.9949512,1
31.70729824,0.3060211,-0.3727189,1.15295,0.002271523,-0.01257332,0.01693377,0.9997751,-0.001716053,0.000164556,-0.000791392,0.9999982,-0.1245322,-0.0888514,0.2926691,0.7699081,0.5578173,-0.1287215,-0.2271543,-0.1023098,0.376041,0.99716,1
31.77718384,0.3060204,-0.3727168,1.152929,0.002224222,-0.01255437,0.01686526,0.9997765,-0.001687506,0.00017757,-0.000757013,0.9999983,0.03306638,-0.06808259,0.3305416,0.8204132,0.5213117,-0.1351979,-0.2319254,-0.09544185,0.3833267,0.9984025,1
31.84741264,0.3060242,-0.3727253,1.152936,0.002288702,-0.01255342,0.01686793,0.9997764,-0.001667598,0.000133883,-0.000746211,0.9999983,0.01596266,-0.09373818,0.3476454,0.8435915,0.5132447,-0.137728,-0.2282637,-0.09081803,0.3842255,0.9991014,1
31.91718324,0.3060209,-0.3727142,1.152925,0.002264166,-0.01255242,0.01687147,0.9997763,-0.001726444,0.000120422,-0.000756808,0.9999982,-0.02190987,-0.06808259,0.3830745,0.8569281,0.5120814,-0.1492294,-0.2319363,-0.08590578,0.3815055,0.9994946,1
31.98728284,0.3060221,-0.3727202,1.152913,0.002216868,-0.01260754,0.01692861,0.9997748,-0.001807305,3.20341E-05,-0.000782779,0.9999979,-0.07932951,-0.1474927,0.420947,0.864211,0.4661499,-0.1406844,-0.2236597,-0.08337142,0.3833024,0.9997157,1
32.05737744,0.3060302,-0.3727147,1.152925,0.002259823,-0.01254781,0.01687875,0.9997762,-0.00183043,6.59518E-05,-0.000741618,0.999998,0.05383519,-0.02287989,0.3476454,0.8757272,0.4354914,-0.1340698,-0.2274393,-0.07463763,0.3860381,0.99984,1
32.12791874,0.3060396,-0.3727218,1.15295,0.002278126,-0.01261062,0.01692717,0.9997746,-0.00183043,6.59518E-05,-0.000741618,0.999998,-0.03779189,-0.2146859,-0.04329685,0.8713425,0.4469749,-0.1566107,-0.2284089,-0.07459792,0.3887688,0.99991,1
32.19706014,0.3060318,-0.3727099,1.152927,0.002237029,-0.01258021,0.01689244,0.9997757,-0.001826032,9.44337E-05,-0.000722289,0.999998,-0.008471228,0.04920008,0.1191885,0.8842705,0.4829661,-0.1661914,-0.2238174,-0.07477871,0.3905758,0.9925511,1
32.26864954,0.3060144,-0.3727188,1.152911,0.002222443,-0.01254554,0.01686929,0.9997766,-0.001890134,0.00013812,-0.000703236,0.9999979,-0.1306407,0.01010586,0.125297,0.8925663,0.4412356,-0.169747,-0.2256126,-0.07661632,0.3878527,0.9700857,1
32.33809194,0.3060071,-0.3727267,1.152919,0.002261139,-0.01257879,0.01689083,0.9997756,-0.001899235,0.000158758,-0.00072042,0.9999979,-0.1049851,-0.1267239,0.289004,0.926291,0.4133643,-0.1594315,-0.2256208,-0.07470869,0.3878522,0.9664668,1
32.40854014,0.3060003,-0.3727243,1.152922,0.002209115,-0.01256446,0.01690898,0.9997757,-0.001900841,0.000170846,-0.000734687,0.9999979,-0.1575179,-0.08518631,0.1766081,0.8752373,0.3121535,-0.1696477,-0.2265656,-0.06990304,0.3878534,0.9393845,1
32.47835044,0.3060074,-0.3727168,1.152935,0.002292477,-0.01255104,0.01689305,0.9997759,-0.001852868,0.000284904,-0.000656097,0.999998,-0.09765492,-0.05830903,0.1521743,0.8766137,0.3691763,-0.1761195,-0.2238008,-0.06810513,0.3878459,0.9452026,1
32.54853554,0.3060225,-0.3727234,1.152949,0.002261224,-0.01259297,0.01692292,0.999775,-0.001852868,0.000284904,-0.000656097,0.999998,-0.01824478,0.005219078,0.06787735,0.8857868,0.3888028,-0.1741682,-0.2275516,-0.06604806,0.3905832,0.966484,1
32.61953454,0.306027,-0.3727099,1.152935,0.002259349,-0.01257408,0.01687139,0.999776,-0.001822641,0.000308513,-0.000623724,0.999998,-0.06466917,0.01010586,0.1216319,0.8955721,0.3549621,-0.1704611,-0.2219644,-0.06531683,0.3878405,0.9811472,1
32.68838714,0.3060276,-0.3727137,1.152934,0.002242432,-0.01259833,0.0169113,0.9997751,-0.001713816,0.000271752,-0.000605637,0.9999982,0.03550977,0.02598788,-0.2497632,0.7792199,0.7159835,-0.1720228,-0.2302807,-0.06212724,0.3869517,0.9497066,1
32.75821665,0.306021,-0.3727258,1.152924,0.00222897,-0.01257988,0.01689794,0.9997756,-0.001662791,0.000197997,-0.000611763,0.9999983,-0.08788136,-0.005776173,0.2071505,0.8923686,0.3630015,-0.1592798,-0.2284182,-0.05838722,0.3851271,0.8387992,1
32.82821395,0.3060151,-0.3727242,1.152929,0.002250594,-0.0126023,0.01694998,0.9997744,-0.001607618,0.000167604,-0.000600412,0.9999985,-0.1318624,-0.003332783,0.4918053,0.9004503,0.3324389,-0.1676665,-0.2284827,-0.05742923,0.3887646,0.879558,1
32.89826155,0.3060206,-0.3727238,1.152936,0.002227287,-0.01259408,0.01689409,0.9997755,-0.001608578,0.000113409,-0.000642068,0.9999983,-0.1477444,0.05164347,0.3513105,0.9129462,0.2988346,-0.1607612,-0.2321827,-0.04965449,0.3869534,0.9322514,1
32.96703875,0.3060274,-0.3727199,1.152938,0.002240845,-0.01256568,0.01689925,0.9997758,-0.001608578,0.000113409,-0.000642068,0.9999983,-0.07444273,0.06019533,0.4893619,0.9269007,0.2511572,-0.1624968,-0.2303092,-0.0449617,0.3842192,0.9618914,1
33.03743215,0.3060388,-0.3727174,1.15293,0.002273326,-0.01260783,0.01689615,0.9997752,-0.001710708,6.26986E-05,-0.000685977,0.9999982,-0.06955595,0.1322753,0.3036644,0.9269124,0.2567902,-0.1613492,-0.2367973,-0.03707619,0.3833245,0.9785639,1
33.10739265,0.3060359,-0.3727258,1.152941,0.002238028,-0.01258903,0.01688449,0.9997758,-0.001710708,6.26986E-05,-0.000685977,0.9999982,-0.09643323,0.1921383,0.001905847,0.9519069,0.1938103,-0.1421928,-0.2432265,-0.03586948,0.3806126,0.9879422,1
33.17739995,0.3060302,-0.3727258,1.152941,0.002231226,-0.01258109,0.01691571,0.9997752,-0.001817954,-1.12678E-06,-0.000684376,0.999998,-0.1062068,0.1762563,-0.1776832,0.9312657,0.2459098,-0.113995,-0.2515524,-0.03744689,0.3815438,0.9932175,1
33.24714185,0.3060133,-0.3727177,1.152938,0.002278578,-0.01255707,0.01690327,0.9997756,-0.001844316,-7.3869E-05,-0.000722997,0.999998,-0.07566442,0.08951599,0.06176887,0.9319786,0.2469544,-0.0913981,-0.2560835,-0.03727029,0.376099,0.9961848,1
33.31756765,0.3060079,-0.3727206,1.152929,0.002225252,-0.01260082,0.01689627,0.9997754,-0.001870936,-0.000165358,-0.000809209,0.9999978,-0.1648481,0.1921383,-0.2289944,0.9597027,0.1684562,-0.111579,-0.2596945,-0.03617645,0.3706516,0.997854,1
33.38715375,0.3060112,-0.3727202,1.152926,0.002258978,-0.01258638,0.01685861,0.9997762,-0.001870936,-0.000165358,-0.000809209,0.9999978,-0.1514095,0.1579309,-0.1691314,0.9381393,0.2466662,-0.08597201,-0.2568516,-0.04201221,0.3679176,0.9987929,1
33.45760865,0.3060155,-0.3727256,1.152926,0.002244956,-0.01254939,0.01692684,0.9997755,-0.00186572,-0.000266903,-0.000830135,0.9999978,-0.06833426,0.07485566,0.06176887,0.9447269,0.2205497,-0.07599431,-0.2595877,-0.05048683,0.3679267,0.999321,1
33.52749415,0.3060232,-0.3727177,1.152932,0.002252374,-0.01257736,0.01691839,0.9997753,-0.001886768,-0.000406824,-0.000885506,0.9999977,-0.1147586,0.05286516,0.157061,0.9390603,0.226083,-0.07264736,-0.2568078,-0.04868998,0.3670098,0.9996181,1
33.59733935,0.3060198,-0.3727083,1.152919,0.002220148,-0.01255104,0.01690536,0.9997758,-0.001895449,-0.000446816,-0.00087982,0.9999977,-0.04634375,0.1102848,0.04222176,0.9413083,0.2129483,-0.1166897,-0.2725118,-0.0433012,0.36523,0.9997852,1
33.66749995,0.3060223,-0.3727229,1.152931,0.002232946,-0.01258573,0.01690061,0.9997755,-0.001893004,-0.000433769,-0.000856831,0.9999977,-0.09032475,0.1017329,-0.06284396,0.9373633,0.2513464,-0.05040576,-0.2659374,-0.05023918,0.3606679,0.9998792,1
33.73772195,0.306022,-0.3727168,1.152919,0.002284134,-0.01256931,0.01688096,0.9997759,-0.001878661,-0.000448181,-0.00084384,0.9999978,-0.02679664,0.04675669,0.1277404,0.9522973,0.1984692,-0.05575034,-0.270622,-0.04242367,0.3624967,0.9999321,1
33.80716774,0.3060246,-0.3727205,1.15293,0.002200693,-0.01255195,0.01690121,0.9997761,-0.001909886,-0.00042836,-0.000846516,0.9999976,-0.04267867,0.02598788,0.07398582,0.9402442,0.2170939,-0.0508876,-0.2742234,-0.04705168,0.3579602,0.9999618,1
33.87745724,0.3060287,-0.3727264,1.152926,0.002227391,-0.01258943,0.0169166,0.9997752,-0.001909886,-0.00042836,-0.000846516,0.9999976,-0.04756545,0.01987941,0.05199532,0.9430047,0.243086,-0.03970492,-0.2751368,-0.04606234,0.3570529,0.9999785,1
33.94735894,0.3060313,-0.3727303,1.152937,0.002269491,-0.0125973,0.01692553,0.9997749,-0.001991046,-0.000399067,-0.000807112,0.9999975,-0.008471228,-0.000889394,0.05321701,0.9404965,0.2252984,-0.04043752,-0.2751449,-0.04415471,0.3570524,0.9999879,1
34.01735164,0.3060234,-0.3727199,1.152932,0.002282402,-0.01258157,0.01690856,0.9997754,-0.002029384,-0.00028748,-0.000666094,0.9999977,-0.0145797,0.007662467,0.0776509,0.9424767,0.2264409,-0.04315253,-0.2760405,-0.04030601,0.3543256,0.9999932,1
34.08707444,0.3060173,-0.3727085,1.152937,0.002257257,-0.01256797,0.0168642,0.9997763,-0.00206317,-0.000207408,-0.000610241,0.9999976,-0.08665967,0.002775689,0.03977837,0.9544994,0.1933693,-0.0507561,-0.2723855,-0.03758877,0.3561343,0.9999962,1
34.15763904,0.3060123,-0.3727125,1.152933,0.002281816,-0.0125895,0.016946,0.9997746,-0.002122287,-0.000135561,-0.000566081,0.9999974,-0.02435326,0.002775689,-0.02008465,0.9441616,0.2070805,-0.0455725,-0.2760816,-0.04125668,0.3570541,0.9999979,1
34.22809704,0.3060206,-0.3727295,1.152956,0.002251362,-0.01262054,0.01692749,0.9997746,-0.002122287,-0.000135561,-0.000566081,0.9999974,0.001302328,-0.02532328,0.06299056,0.9564615,0.1909563,-0.04604696,-0.2779151,-0.04118458,0.3561494,0.9999988,1
34.29722714,0.306015,-0.37273,1.152931,0.002258396,-0.01259969,0.01689602,0.9997754,-0.002150299,-0.000074437,-0.000524025,0.9999974,-0.06344748,0.03820483,-0.1813483,0.9323601,0.2284036,-0.03951925,-0.2779343,-0.04022972,0.3570586,0.9999993,1
34.36736744,0.306013,-0.3727346,1.152932,0.002254146,-0.01256387,0.01691744,0.9997755,-0.002180485,-5.50561E-05,-0.000539292,0.9999973,-0.04756545,0.01987941,-0.0323016,0.9532827,0.2029792,-0.04647398,-0.275134,-0.04320194,0.3561428,0.9999996,1
34.43781475,0.3060124,-0.372716,1.152938,0.002264414,-0.01258107,0.0168945,0.9997756,-0.002164891,-0.000150871,-0.000567669,0.9999974,-0.02190987,-0.06319581,0.1900468,0.9424405,0.2143156,-0.03732514,-0.2760637,-0.03839733,0.3552346,0.9999998,1
34.50743795,0.3060254,-0.3727134,1.152943,0.002272843,-0.01258829,0.01690616,0.9997753,-0.002220107,-0.000165814,-0.000589412,0.9999973,-0.03290512,0.001553995,-0.01519788,0.9539846,0.1868512,-0.04623959,-0.2742905,-0.03846525,0.359777,0.9999999,1
34.57758345,0.3060288,-0.3727157,1.152916,0.002218593,-0.01256423,0.01689048,0.999776,-0.002220107,-0.000165814,-0.000589412,0.9999973,-0.04145698,-0.04609209,0.1460658,0.9500768,0.2130499,-0.02991523,-0.2825409,-0.04004789,0.356161,0.9999999,1
34.64713035,0.3060388,-0.3727195,1.152929,0.002246076,-0.01262279,0.01692117,0.9997746,-0.002337588,-0.000184263,-0.000576891,0.999997,-0.04145698,0.0003323,-0.03474499,0.9537481,0.1937595,-0.04167033,-0.271453,-0.03953297,0.3561324,0.9999999,1
34.71721245,0.3060398,-0.3727193,1.152928,0.002228393,-0.01262395,0.01688052,0.9997754,-0.002383946,-0.00012247,-0.000581217,0.999997,-0.002362756,0.008884161,-0.07750429,0.9473819,0.2058698,-0.05734376,-0.2789121,-0.03828238,0.3597888,0.9999999,1
34.78780275,0.3060237,-0.372719,1.152925,0.002246499,-0.01256928,0.01690288,0.9997756,-0.002420234,-8.60397E-05,-0.000586567,0.9999968,-0.02313156,0.001553995,-0.06040057,0.9527548,0.1928487,-0.03846471,-0.275223,-0.03652104,0.3597789,0.9999999,1
34.85728575,0.3060144,-0.37273,1.152938,0.002261272,-0.01257581,0.01688558,0.9997758,-0.002379559,-1.84058E-05,-0.000564324,0.999997,-0.02679664,-0.01677142,0.05077362,0.9466435,0.2126326,-0.04662955,-0.2770252,-0.04026524,0.3579657,0.9999999,1
34.92713025,0.3060044,-0.3727244,1.152932,0.002211265,-0.01256215,0.01687833,0.9997762,-0.002315533,2.01458E-05,-0.000519403,0.9999971,-0.03290512,-0.02532328,0.01900957,0.9400376,0.2361986,-0.0472315,-0.2752094,-0.04319671,0.3606899,0.9999999,1
34.99731475,0.3060095,-0.3727159,1.15292,0.002219151,-0.01256288,0.01690967,0.9997757,-0.00228643,0.000158852,-0.000392846,0.9999972,-0.03779189,-0.000889394,-0.1727965,0.9451655,0.2191517,-0.03689669,-0.272376,-0.04331062,0.3570451,0.9999999,1
35.06715165,0.3060191,-0.3727144,1.152922,0.00226288,-0.01255979,0.01690605,0.9997756,-0.002145081,0.000310628,-0.000294492,0.9999975,-0.03168342,0.006440773,0.01900957,0.9414918,0.2256854,-0.04609321,-0.2751943,-0.04319775,0.3597805,0.9999999,1
35.13713844,0.3060247,-0.3727132,1.152928,0.002273304,-0.0125756,0.01688856,0.9997758,-0.002145081,0.000310628,-0.000294492,0.9999975,-0.02801834,-0.01554973,0.06543396,0.9532899,0.2046526,-0.04895573,-0.2751696,-0.03843181,0.3570511,0.9999999,1
35.20745734,0.3060206,-0.3727165,1.152935,0.002230637,-0.01257262,0.01689756,0.9997758,-0.002161203,0.000310862,-0.000273523,0.9999976,-0.04145698,-0.04609209,0.1362922,0.94003,0.2347799,-0.04401613,-0.2742892,-0.04227947,0.3606873,0.9999999,1
35.27714874,0.306013,-0.3727176,1.152934,0.002238667,-0.01258675,0.01692318,0.9997751,-0.002208972,0.000286115,-0.000277774,0.9999974,-0.05000884,0.01010586,-0.1275938,0.9503366,0.2048773,-0.05437302,-0.2733456,-0.0432709,0.3597758,0.9999999,1
35.34706514,0.3060081,-0.3727243,1.152934,0.002273977,-0.01257861,0.01688749,0.9997757,-0.002208972,0.000286115,-0.000277774,0.9999974,0.003745716,0.0003323,0.1045282,0.9454114,0.2098827,-0.05273698,-0.2761323,-0.03648551,0.3588718,0.9999999,1
35.41817054,0.3060196,-0.3727257,1.15294,0.002239984,-0.01257312,0.01691683,0.9997754,-0.002290586,0.000264279,-0.000264097,0.9999973,-0.03168342,-0.01310634,0.08131599,0.9498141,0.2004509,-0.04030195,-0.2715545,-0.04047947,0.3624986,0.9999999,1
35.48769074,0.3060315,-0.3727199,1.152932,0.002231044,-0.01258217,0.01691539,0.9997752,-0.002357166,0.000237244,-0.000259247,0.9999972,-0.03168342,-0.01432803,0.01534449,0.9385158,0.223158,-0.03918269,-0.2770581,-0.04312355,0.3606946,0.9999999,1
35.55703444,0.3060369,-0.372719,1.152919,0.002264762,-0.01259383,0.01692257,0.999775,-0.002357166,0.000237244,-0.000259247,0.9999972,-0.0145797,-0.006997867,-0.0750609,0.9461554,0.2180952,-0.041057,-0.2742411,-0.0394222,0.3570489,0.9999999,1
35.62767203,0.3060419,-0.3727179,1.152922,0.002273043,-0.01259302,0.01693646,0.9997748,-0.002437759,0.000163152,-0.00033877,0.9999968,-0.02924003,-0.006997867,-0.004202627,0.9449324,0.2230131,-0.04039366,-0.2714448,-0.04144061,0.3561328,0.9999999,1
35.69714433,0.3060337,-0.3727202,1.152925,0.002226049,-0.01259242,0.01690847,0.9997753,-0.002487579,9.49944E-05,-0.000406866,0.9999968,-0.02679664,-0.009441256,-0.002980933,0.9439486,0.2234996,-0.04187767,-0.2761762,-0.04029659,0.3625105,0.9999999,1
35.76733183,0.3060231,-0.372708,1.152931,0.002289501,-0.01257427,0.01689725,0.9997756,-0.0024909,6.28484E-05,-0.000476535,0.9999968,-0.02679664,-0.01432803,-0.04451855,0.9503356,0.2099022,-0.04461499,-0.2789204,-0.03637474,0.3597884,0.9999999,1
35.83777293,0.3060156,-0.3727178,1.152941,0.002219872,-0.01257319,0.01690643,0.9997756,-0.0024923,4.97651E-05,-0.000535189,0.9999967,-0.04512206,0.01132755,-0.0530704,0.9449155,0.2139302,-0.04370335,-0.2760364,-0.04125982,0.3543258,0.9999999,1
35.90762063,0.3060155,-0.3727331,1.152934,0.002212809,-0.01257266,0.01690202,0.9997757,-0.002421815,0.000109676,-0.000515752,0.9999968,-0.04023528,0.008884161,0.06665565,0.9552421,0.1948301,-0.05003805,-0.2751957,-0.03938353,0.3588701,0.9999999,1
35.97807774,0.3060175,-0.3727397,1.152936,0.002235603,-0.01260135,0.01692693,0.9997748,-0.002421815,0.000109676,-0.000515752,0.9999968,-0.04023528,0.01010586,-0.007867711,0.9360738,0.2319462,-0.04275616,-0.2742672,-0.04037393,0.358868,0.9999999,1
36.04753533,0.3060106,-0.3727147,1.152926,0.00225032,-0.01256922,0.01687484,0.9997761,-0.00232508,0.000126568,-0.000544593,0.9999971,-0.03290512,-0.01310634,0.04466515,0.9429206,0.2076892,-0.03894871,-0.2760528,-0.03744456,0.3543249,0.9999999,1
36.11789033,0.3060207,-0.3727107,1.152961,0.002243934,-0.01257799,0.01690036,0.9997755,-0.002270192,0.00010699,-0.000581549,0.9999972,-0.02190987,0.0003323,0.005570929,0.9427106,0.2213162,-0.0425865,-0.2760747,-0.0393501,0.3561442,0.9999999,1
36.18748303,0.306017,-0.3727165,1.152928,0.002232614,-0.01262265,0.01690726,0.9997749,-0.002201919,2.66675E-05,-0.000577187,0.9999973,-0.03901359,0.003997383,-0.09460802,0.9562306,0.1960455,-0.04907011,-0.2807251,-0.03249051,0.3561544,0.9999999,1
36.25813103,0.3060219,-0.3727284,1.152922,0.002238525,-0.01257983,0.01689729,0.9997756,-0.002201919,2.66675E-05,-0.000577187,0.9999973,-0.06222578,0.03576144,-0.122707,0.9451562,0.2124889,-0.04171586,-0.2761844,-0.03838896,0.36251,0.9999999,1
36.32851283,0.306026,-0.3727157,1.152922,0.002301823,-0.01258248,0.01690702,0.9997753,-0.002242395,5.14527E-05,-0.000530999,0.9999972,-0.03290512,-0.03021006,0.1350705,0.9566934,0.1851027,-0.04522466,-0.2761159,-0.04030077,0.3588727,0.9999999,1
36.39727893,0.3060223,-0.3727105,1.152908,0.002209979,-0.01259166,0.01689221,0.9997756,-0.002241703,7.35833E-05,-0.000530046,0.9999973,-0.02801834,0.003997383,0.005570929,0.9436495,0.199529,-0.04497328,-0.2761364,-0.03553169,0.3588716,0.9999999,1
36.46729973,0.3060194,-0.3727145,1.152913,0.002267827,-0.01257007,0.01688846,0.9997759,-0.002256829,8.47799E-05,-0.000531581,0.9999973,-0.02679664,0.002775689,-0.03107991,0.9574453,0.1864605,-0.05163225,-0.275208,-0.03652209,0.3588695,0.9999999,1
36.53718593,0.306026,-0.3727219,1.152925,0.002264281,-0.01258628,0.01686198,0.9997761,-0.002270704,9.69007E-05,-0.000582043,0.9999971,-0.02924003,-0.01921481,0.07276413,0.9458973,0.2137162,-0.04025717,-0.2798063,-0.03824789,0.3579723,0.9999999,1
36.60726343,0.3060261,-0.3727192,1.152918,0.002242625,-0.0125962,0.01689989,0.9997754,-0.002238729,0.000123508,-0.000596332,0.9999972,-0.04634375,-0.009441256,0.05932548,0.9495577,0.1955516,-0.04170647,-0.2751435,-0.03748009,0.355232,0.9999999,1
36.67800203,0.3060299,-0.3727146,1.152931,0.002247262,-0.01254498,0.01688845,0.9997762,-0.002238729,0.000123508,-0.000596332,0.9999972,-0.02435326,-0.01310634,0.07276413,0.9483541,0.2055148,-0.04676843,-0.275234,-0.03747381,0.3606885,0.9999999,1
36.74755063,0.3060254,-0.3727154,1.152928,0.002266875,-0.01256607,0.01692144,0.9997753,-0.002119317,9.02084E-05,-0.000648115,0.9999974,-0.04267867,-0.01310634,-0.02252804,0.9426727,0.2069545,-0.03943025,-0.2724802,-0.03662867,0.3615907,0.9999999,1
36.81724933,0.3060193,-0.3727211,1.152932,0.002222571,-0.01259569,0.01691243,0.9997752,-0.002065173,7.37468E-05,-0.00065913,0.9999976,-0.04145698,0.01621433,-0.1190419,0.946382,0.2077902,-0.0441027,-0.2788682,-0.0344713,0.3561502,0.9999999,1
36.88729553,0.3060125,-0.3727308,1.152941,0.002236415,-0.01257896,0.01692683,0.9997751,-0.002025784,5.99652E-05,-0.000604488,0.9999977,-0.02435326,0.002775689,-0.04818363,0.9424567,0.2151358,-0.04815052,-0.2770526,-0.03740275,0.3588744,0.9999999,1
36.95762253,0.3060096,-0.3727208,1.152934,0.002276812,-0.01258397,0.01690316,0.9997754,-0.002071206,3.92747E-05,-0.000598146,0.9999976,-0.01946648,0.002775689,-0.02252804,0.9574517,0.1916514,-0.04728338,-0.2742795,-0.03751248,0.3588673,0.9999999,1
37.02706813,0.3060184,-0.3727211,1.152939,0.002250359,-0.01259522,0.01691842,0.999775,-0.002183498,6.16716E-05,-0.000563772,0.9999973,-0.04634375,0.007662467,-0.001759239,0.9483542,0.204761,-0.04823213,-0.2761131,-0.03744037,0.3579626,0.9999999,1
37.09735443,0.3060216,-0.3727212,1.152939,0.002220328,-0.01252638,0.01685177,0.9997771,-0.002216112,0.000111216,-0.000527998,0.9999973,-0.02679664,0.006440773,-0.04818363,0.9424263,0.2069559,-0.03967664,-0.2770869,-0.03644684,0.360693,0.9999999,1
37.16780803,0.3060216,-0.3727246,1.152927,0.002244001,-0.01257989,0.01689804,0.9997756,-0.002216112,0.000111216,-0.000527998,0.9999973,-0.01946648,-0.004554478,-0.006646017,0.9399814,0.215776,-0.0410387,-0.278838,-0.03447339,0.3543313,0.9999999,1
37.23806843,0.3060153,-0.3727132,1.15292,0.002271346,-0.01258749,0.01689502,0.9997755,-0.002257526,0.000124182,-0.00048609,0.9999972,-0.03412681,0.006440773,-0.02374974,0.9532633,0.19643,-0.04343039,-0.2742274,-0.03560903,0.3552291,0.9999999,1
37.30787152,0.3060209,-0.3727213,1.152939,0.002232685,-0.01257806,0.01689645,0.9997756,-0.002159606,7.85005E-05,-0.000500866,0.9999976,-0.04512206,-0.009441256,0.07887261,0.94809,0.1999506,-0.04349389,-0.2761213,-0.03553274,0.3579622,0.9999999,1
37.37716002,0.3060198,-0.3727219,1.152928,0.00223206,-0.0125636,0.01686029,0.9997765,-0.002159606,7.85005E-05,-0.000500866,0.9999976,-0.04145698,0.01621433,-0.05673549,0.948075,0.1946044,-0.04169645,-0.2816343,-0.03245498,0.3552474,0.9999999,1
37.44744733,0.3060275,-0.3727181,1.152918,0.00223458,-0.01255485,0.01691898,0.9997756,-0.002049355,4.60027E-05,-0.000471802,0.9999977,-0.03412681,0.01254924,0.005570929,0.9569417,0.1878366,-0.04157704,-0.2780275,-0.032595,0.3606945,0.9999999,1
37.51739592,0.306036,-0.3727148,1.152936,0.002260947,-0.01257662,0.0169185,0.9997752,-0.002013703,4.78757E-05,-0.000504185,0.9999977,-0.03168342,0.0003323,0.01534449,0.9458805,0.2073899,-0.03869136,-0.2769853,-0.03550035,0.3543268,0.9999999,1
37.58765193,0.3060334,-0.3727181,1.152923,0.00228404,-0.01256624,0.01689091,0.9997758,-0.002060676,-1.95411E-05,-0.000540508,0.9999976,-0.02801834,0.01132755,-0.02985821,0.9441649,0.2120557,-0.03925442,-0.2780316,-0.03164119,0.3606943,0.9999999,1
37.65733382,0.3060247,-0.3727262,1.152929,0.002259482,-0.01259076,0.01695281,0.9997745,-0.002102251,3.88769E-06,-0.000531021,0.9999976,-0.04756545,0.0223228,-0.1080467,0.9495669,0.2029682,-0.0354236,-0.2770567,-0.03644893,0.3588742,0.9999999,1
37.72736673,0.3060162,-0.3727261,1.152945,0.002258296,-0.01257152,0.01691538,0.9997754,-0.002141897,-6.05473E-05,-0.000568116,0.9999974,-0.0353485,-0.01677142,0.0361133,0.9426907,0.2172795,-0.03466389,-0.2798022,-0.0392017,0.3579725,0.9999999,1
37.79723673,0.3060104,-0.3727084,1.152941,0.002276468,-0.01255202,0.01690418,0.9997758,-0.002164263,-2.41706E-05,-0.000593197,0.9999974,-0.009692922,0.001553995,-0.07872599,0.9542452,0.1944609,-0.04315381,-0.2779548,-0.03546064,0.3570575,0.9999999,1
37.86861593,0.3060192,-0.3727286,1.152946,0.002234344,-0.01256196,0.01690913,0.9997757,-0.002164263,-2.41706E-05,-0.000593197,0.9999974,-0.0365702,-0.02898837,0.005570929,0.9709523,0.1630906,-0.04487209,-0.2779467,-0.03736827,0.3570579,0.9999999,1
37.93736213,0.3060197,-0.3727362,1.152933,0.002253066,-0.01257459,0.01692166,0.9997753,-0.002187935,-4.55948E-05,-0.000581469,0.9999973,-0.04023528,-0.008219562,0.005570929,0.9466234,0.2043354,-0.04626413,-0.2770375,-0.0374038,0.357965,0.9999999,1
38.00736333,0.3060204,-0.3727185,1.152929,0.002227759,-0.0125648,0.0168576,0.9997765,-0.002107023,-4.43182E-05,-0.000610924,0.9999975,-0.01946648,-0.003332783,-0.1141551,0.9380496,0.2316345,-0.04471291,-0.2752271,-0.03556723,0.3597787,0.9999999,1
38.07719203,0.3060136,-0.372705,1.152927,0.002249642,-0.01260125,0.01694466,0.9997745,-0.002107023,-4.43182E-05,-0.000610924,0.9999975,-0.03046173,-0.01799312,-0.1092684,0.9527595,0.1927954,-0.04215038,-0.2742603,-0.03846734,0.3579581,0.9999999,1
38.14944522,0.3060149,-0.3727108,1.152921,0.002224815,-0.01261794,0.01688451,0.9997754,-0.002118868,-3.75945E-05,-0.000621264,0.9999976,-0.01091462,-0.02043651,-0.1007165,0.9400162,0.2286693,-0.04441954,-0.2760788,-0.03839628,0.356144,0.9999999,1
38.21705593,0.3060259,-0.3727297,1.152932,0.002263533,-0.01256967,0.0169119,0.9997754,-0.00205729,-8.22193E-05,-0.000713652,0.9999976,-0.02679664,-0.01921481,-0.07017413,0.954257,0.1955821,-0.05005132,-0.273325,-0.03755115,0.3570461,0.9999999,1
38.28718983,0.3060275,-0.3727273,1.152933,0.002302879,-0.01259203,0.01691617,0.999775,-0.0020337,-0.000113376,-0.00072116,0.9999976,-0.03168342,0.02110111,-0.06528735,0.937818,0.2329728,-0.05382603,-0.274248,-0.04132879,0.3579588,0.9999999,1
38.35724243,0.3060229,-0.3727167,1.152931,0.002249025,-0.01258619,0.01688503,0.9997758,-0.001989793,-0.000151731,-0.000745765,0.9999977,-0.03412681,0.005219078,-0.1459192,0.9490842,0.207369,-0.03573404,-0.2733142,-0.04708721,0.3588673,0.9999999,1
38.42739413,0.3060155,-0.3727285,1.152932,0.002224764,-0.01257978,0.01689349,0.9997758,-0.001989793,-0.000151731,-0.000745765,0.9999977,-0.013358,-0.006997867,-0.04451855,0.9375867,0.2465902,-0.04124335,-0.2733265,-0.04422577,0.3588666,0.9999999,1
38.49710314,0.3060148,-0.3727326,1.152933,0.002262517,-0.01257591,0.01691654,0.9997753,-0.00201078,-0.000269184,-0.000802825,0.9999975,-0.008471228,-0.002111089,-0.1679097,0.9395651,0.2414871,-0.0536988,-0.2770458,-0.04598501,0.3606953,0.9999999,1
38.56784234,0.3060241,-0.372716,1.152949,0.002241711,-0.01256134,0.01692784,0.9997753,-0.00205085,-0.000347199,-0.000763586,0.9999974,0.02084944,-0.000889394,-0.3010744,0.9334538,0.2670354,-0.05162475,-0.275204,-0.04796474,0.3616005,0.9999999,1
38.63709954,0.3060322,-0.3727075,1.152939,0.002281899,-0.0125804,0.01689861,0.9997755,-0.002002478,-0.000497315,-0.000773001,0.9999974,-0.006027838,-0.003332783,-0.2534283,0.9317595,0.2747222,-0.06279914,-0.2741549,-0.0489635,0.3543229,0.9999999,1
38.70835594,0.3060361,-0.3727188,1.152928,0.002200409,-0.01259111,0.01693344,0.999775,-0.00206129,-0.000594206,-0.000778968,0.9999973,-0.007249534,-0.01066295,-0.1324805,0.9329791,0.2738527,-0.05369036,-0.2732964,-0.0547167,0.3597785,0.9999999,1
38.77744174,0.3060342,-0.3727246,1.152935,0.002261122,-0.01256372,0.01689508,0.9997758,-0.00206129,-0.000594206,-0.000778968,0.9999973,-0.002362756,0.008884161,-0.06040057,0.9382003,0.290847,-0.05343118,-0.2668206,-0.05974076,0.3606725,0.9999999,1
38.84789703,0.3060198,-0.3727267,1.152935,0.002262103,-0.01257675,0.01689424,0.9997756,-0.002182695,-0.000696004,-0.000742288,0.9999971,0.00985419,-0.03265345,0.04222176,0.918742,0.3136667,-0.03881661,-0.2714244,-0.05669852,0.3588648,0.9999999,1
38.91714283,0.3060077,-0.3727278,1.152939,0.002246008,-0.01257278,0.01692937,0.9997751,-0.002317544,-0.000781397,-0.000774875,0.9999967,-0.02557495,-0.01188464,-0.05062702,0.9008474,0.3518111,-0.06005495,-0.2732567,-0.06044063,0.3588705,0.9999999,1
38.98762513,0.3060063,-0.3727162,1.152943,0.002326311,-0.01257431,0.01689566,0.9997755,-0.002403537,-0.000767706,-0.000755975,0.9999964,0.03795316,-0.008219562,-0.1581361,0.9418491,0.2690523,-0.05261628,-0.2714272,-0.05955893,0.3597749,0.9999999,1
39.05719164,0.3060161,-0.3727165,1.152931,0.002234276,-0.0125942,0.01691334,0.9997752,-0.00241465,-0.000782763,-0.000706223,0.9999964,-0.02313156,0.006440773,-0.1373673,0.9192366,0.3066256,-0.0522308,-0.2704878,-0.05959655,0.3588631,0.9999999,1
39.12727974,0.3060302,-0.3727191,1.152932,0.002256194,-0.01259109,0.01693118,0.9997749,-0.002381994,-0.000826828,-0.000645513,0.9999965,-0.008471228,-0.01799312,-0.1275938,0.9126054,0.3186956,-0.05414155,-0.2723104,-0.05857167,0.3570488,0.9999999,1
39.19767754,0.3060401,-0.3727257,1.152945,0.002272054,-0.01258228,0.01691762,0.9997751,-0.002417732,-0.000850943,-0.000616878,0.9999965,-0.01213631,-0.02654498,-0.04696193,0.8949341,0.3530887,-0.06426588,-0.2658456,-0.06454851,0.3588524,0.9999999,1
39.26723094,0.3060231,-0.3727254,1.152924,0.002273548,-0.01259395,0.01689629,0.9997754,-0.002417732,-0.000850943,-0.000616878,0.9999965,-0.04512206,0.03942652,-0.2082256,0.8879241,0.3117572,-0.06122921,-0.2723558,-0.06905738,0.3625079,0.9953907,1
39.33717664,0.3060091,-0.3727223,1.152937,0.002268913,-0.01256109,0.01691701,0.9997755,-0.00235503,-0.001013916,-0.000670636,0.9999963,-0.03290512,-0.005776173,-0.1104901,0.8959307,0.3579733,-0.06285933,-0.2659321,-0.06549605,0.3643093,0.9813499,1
39.40752824,0.3060039,-0.3727204,1.15293,0.00225648,-0.01254828,0.01689658,0.9997759,-0.002355815,-0.001035722,-0.000699041,0.9999963,0.04283994,-0.03876192,-0.2717537,0.9393142,0.4460418,-0.06009106,-0.2686516,-0.06729709,0.3615885,0.9654465,1
39.47734354,0.3060133,-0.37272,1.152932,0.00221586,-0.01259143,0.01689304,0.9997756,-0.002289256,-0.001086332,-0.000682199,0.9999965,-0.02435326,-0.05708734,-0.1312588,0.8959218,0.3570713,-0.0576853,-0.2667069,-0.07214455,0.3570378,0.9099935,1
39.54718364,0.3060308,-0.3727197,1.152927,0.002229887,-0.01257241,0.01690389,0.9997756,-0.002133802,-0.001146968,-0.000636485,0.9999968,-0.1196454,0.01743602,-0.1556928,0.911597,0.4114331,-0.05965986,-0.2676369,-0.07782879,0.3588604,0.9339169,1
39.61767274,0.3060435,-0.3727223,1.152947,0.002293107,-0.01260114,0.01688848,0.9997754,-0.00202567,-0.001215007,-0.000619542,0.9999969,-0.07566442,0.06752549,-0.2656453,0.8935966,0.4254522,-0.04368593,-0.2704017,-0.07962669,0.3588679,0.9628283,1
39.68721594,0.3060348,-0.3727185,1.152912,0.00225142,-0.01261623,0.01690235,0.9997751,-0.002004882,-0.001181174,-0.000599147,0.9999972,-0.06711256,-0.04242701,-0.08849955,0.8495361,0.365011,-0.04513407,-0.2685105,-0.08256339,0.3570451,0.9631747,1
39.75717774,0.3060228,-0.372716,1.152928,0.002247795,-0.01258079,0.01690012,0.9997756,-0.002004882,-0.001181174,-0.000599147,0.9999972,-0.1086502,-0.000889394,-0.1605795,0.9135037,0.3803171,-0.06412156,-0.2638299,-0.08942507,0.3552159,0.924495,1
39.82748124,0.3060134,-0.372718,1.152934,0.002218875,-0.01256861,0.01694136,0.9997751,-0.002004882,-0.001181174,-0.000599147,0.9999972,-0.1000983,0.05775194,-0.1300372,0.8758067,0.4245844,-0.02675944,-0.2647762,-0.09129404,0.3570376,0.9455912,1
39.89734035,0.3060147,-0.3727266,1.152943,0.002264368,-0.01256423,0.01689834,0.9997757,-0.001971771,-0.001163527,-0.000538376,0.9999971,-0.03779189,0.05897363,-0.1813483,0.8449595,0.4187448,-0.03387809,-0.2637833,-0.09324243,0.353398,0.9651713,1
39.96750664,0.3060122,-0.3727186,1.152911,0.002235475,-0.01256653,0.0168792,0.9997761,-0.001971771,-0.001163527,-0.000538376,0.9999971,-0.07322104,-0.0216582,-0.1935653,0.8250027,0.4321051,-0.0323995,-0.2683955,-0.0987814,0.3543206,0.9539576,1
40.03761864,0.306018,-0.3727127,1.152902,0.00225075,-0.01258741,0.01689917,0.9997755,-0.001945212,-0.001151265,-0.000497744,0.9999973,-0.04023528,0.04309161,-0.1837917,0.8576806,0.4833668,-0.02273669,-0.2665606,-0.1026677,0.3561357,0.9298212,1
40.10727404,0.3060243,-0.3727156,1.152934,0.002268071,-0.0125725,0.01688781,0.9997758,-0.001909939,-0.001179773,-0.000549738,0.9999972,-0.1025417,0.01621433,-0.3022961,0.8905323,0.4895765,-0.03798292,-0.2645584,-0.1103798,0.3488573,0.9469643,1
40.17716085,0.3060236,-0.3727205,1.152935,0.00222063,-0.01259193,0.01690437,0.9997754,-0.001909939,-0.001179773,-0.000549738,0.9999972,-0.05978239,-0.03631853,-0.3059612,0.798242,0.4850323,-0.03986437,-0.2636355,-0.117091,0.3506754,0.9443347,1
40.24739905,0.3060176,-0.3727132,1.152929,0.002293965,-0.01260115,0.01690944,0.9997751,-0.001905167,-0.001157668,-0.000555529,0.9999971,0.01107588,0.02110111,-0.3132913,0.8380707,0.5374547,-0.0245482,-0.2598916,-0.1210546,0.348848,0.9308454,1
40.33382965,0.3060181,-0.3727199,1.152939,0.002261774,-0.01255833,0.01689529,0.9997759,-0.001922651,-0.001152763,-0.000548558,0.9999972,-0.1025417,-0.02532328,-0.2778622,0.8799389,0.500133,-0.03177138,-0.2589153,-0.1296766,0.3479383,0.9518707,1
40.38707195,0.3060211,-0.3727295,1.152938,0.002303272,-0.01257623,0.01689097,0.9997756,-0.001901402,-0.001091465,-0.000522103,0.9999973,-0.0145797,0.01254924,-0.298631,0.8380859,0.5417959,-0.02829723,-0.254306,-0.1374868,0.3506566,0.9667945,1
40.45757255,0.3060152,-0.3727334,1.152925,0.002192625,-0.01259847,0.0169156,0.9997752,-0.001880603,-0.000968561,-0.00043165,0.9999976,-0.007249534,-0.02898837,-0.2888574,0.8132581,0.5838646,-0.02404984,-0.2523957,-0.1413784,0.3479245,0.9800054,1
40.52726365,0.3060214,-0.3727278,1.152933,0.002271644,-0.01257069,0.01688103,0.9997759,-0.001893564,-0.000858626,-0.000333207,0.9999977,-0.04512206,-0.07541276,-0.2949659,0.7253066,0.645039,-0.01802122,-0.2515099,-0.1499941,0.3524713,0.9887531,1
40.59736595,0.3060184,-0.3727186,1.152931,0.002245029,-0.01256779,0.01687015,0.9997762,-0.001888481,-0.000778456,-0.000256952,0.999998,-0.08788136,-0.01188464,-0.4073618,0.7719634,0.5435908,-0.02873129,-0.2486588,-0.1577375,0.3497378,0.9900777,1
40.66737035,0.3060223,-0.3727073,1.152929,0.002214177,-0.01256654,0.0168954,0.9997759,-0.001888457,-0.000763442,-0.000236812,0.9999977,-0.1062068,-0.0216582,-0.4049184,0.7498674,0.5914224,-0.02750948,-0.2394224,-0.1600098,0.350624,0.9818788,1
40.73724685,0.3060324,-0.3727136,1.152933,0.002300556,-0.01257052,0.01690688,0.9997754,-0.00194498,-0.000817758,-0.000262366,0.9999977,-0.05611731,0.04797839,-0.4855503,0.7738612,0.6100648,-0.03951613,-0.2375354,-0.1724816,0.3515317,0.9871099,1
40.80711825,0.3060343,-0.3727214,1.15294,0.002207054,-0.01257891,0.01690131,0.9997756,-0.00194498,-0.000817758,-0.000262366,0.9999977,-0.1184237,-0.1328324,-0.4672248,0.6637227,0.6852526,-0.02366787,-0.2310213,-0.1794153,0.3506073,0.9927493,1
40.87758475,0.306024,-0.3727227,1.152918,0.002267678,-0.0125791,0.01691468,0.9997753,-0.002022069,-0.00068128,-0.000262482,0.9999977,-0.1086502,-0.01799312,-0.4892153,0.7423737,0.6572549,-0.02798607,-0.2254013,-0.1863146,0.3478664,0.9959215,1
40.94826426,0.3060154,-0.3727309,1.152926,0.002253599,-0.01257038,0.01691806,0.9997754,-0.002022069,-0.00068128,-0.000262482,0.9999977,-0.0353485,-0.03509684,-0.4427909,0.6291614,0.6788818,-0.0219405,-0.2189749,-0.1903817,0.3514884,0.9818677,1
41.01715805,0.3060131,-0.3727266,1.152938,0.002228104,-0.01259169,0.01690548,0.9997754,-0.002009504,-0.000654196,-0.000265359,0.9999976,-0.06466917,-0.114507,-0.4195787,0.6389941,0.656037,-0.03461224,-0.2151831,-0.201977,0.3487535,0.9148527,1
41.08772556,0.3060074,-0.372722,1.152932,0.002257918,-0.01255716,0.01688744,0.9997759,-0.001972092,-0.000654608,-0.000285948,0.9999976,-0.006027838,-0.1108419,-0.4928804,0.6466281,0.7465224,-0.04892431,-0.1931061,-0.2095221,0.3568832,0.8665424,1
41.15733006,0.3060251,-0.3727163,1.152934,0.0022514,-0.01260411,0.01687621,0.9997756,-0.001981564,-0.000587855,-0.000302319,0.9999978,0.02451452,0.003997383,-0.3682676,0.6417422,0.764619,-0.05386688,-0.1949246,-0.209451,0.355069,0.9085343,1
41.22720296,0.3060346,-0.3727189,1.15294,0.002281125,-0.01259034,0.01687516,0.9997758,-0.002032224,-0.000565587,-0.000306152,0.9999977,-0.07932951,-0.2537802,-0.5270879,0.5105781,0.8177649,-0.03750652,-0.1810733,-0.2138128,0.3568533,0.9485506,1
41.29737696,0.3060329,-0.3727272,1.15295,0.002253484,-0.01259085,0.01691874,0.9997751,-0.00204914,-0.00059011,-0.000406461,0.9999976,-0.1367491,-0.1951388,-0.6883515,0.6888902,0.8651842,-0.07682903,-0.1644766,-0.2259107,0.3622701,0.9096414,1
41.36718676,0.3060179,-0.3727307,1.152939,0.002227527,-0.01259475,0.01691873,0.9997751,-0.00204914,-0.00059011,-0.000406461,0.9999976,-0.00358445,0.01254924,-0.4098052,0.4411839,0.7774845,-0.06437558,-0.1597837,-0.2356339,0.3604416,0.7242103,1
41.43708766,0.3060089,-0.3727298,1.152947,0.002270858,-0.01257096,0.01692287,0.9997752,-0.002126667,-0.000594267,-0.000512405,0.9999974,0.04894841,0.03576144,-0.3047395,0.5188338,0.8514174,-0.06328534,-0.1532284,-0.241617,0.3567887,0.6894489,1
41.50766286,0.3060111,-0.3727216,1.152948,0.002233225,-0.01255418,0.01686378,0.9997765,-0.002155288,-0.000626211,-0.000581637,0.9999972,-0.01580139,0.01499263,-0.3817062,0.4021863,0.8916968,-0.03859352,-0.1514401,-0.2416859,0.3604217,0.7994044,1
41.57720396,0.3060223,-0.3727242,1.152948,0.002192657,-0.01257579,0.01692708,0.9997753,-0.002246894,-0.000671574,-0.000652484,0.999997,-0.03290512,0.007662467,-0.4989889,0.4352433,0.8785647,-0.05700089,-0.1393648,-0.2488402,0.3585737,0.887165,1
41.64725236,0.3060313,-0.3727179,1.152927,0.002229234,-0.01260218,0.01694445,0.9997746,-0.002296333,-0.000659785,-0.000686067,0.9999968,-0.1734,-0.09862495,-0.8777142,0.4649714,0.9224923,-0.0688667,-0.1281988,-0.2559589,0.3558186,0.919921,1
41.71745586,0.3060291,-0.3727147,1.152916,0.002275229,-0.01256796,0.01688018,0.9997759,-0.002301972,-0.000735408,-0.000771769,0.9999967,-0.1672915,-0.1096202,-0.7958606,0.3060104,0.9035765,-0.0584164,-0.1179517,-0.2678092,0.3539765,0.897822,1
41.78729316,0.306024,-0.3727134,1.152928,0.002262454,-0.0126029,0.01691364,0.999775,-0.002362374,-0.000746628,-0.000724072,0.9999965,-0.06344748,-0.004554478,-0.4049184,0.2937693,0.9516237,-0.04562263,-0.1022216,-0.2722462,0.3539371,0.9300679,1
41.85753756,0.306018,-0.3727184,1.152934,0.002255002,-0.01256956,0.01690608,0.9997755,-0.002471642,-0.000751649,-0.000650962,0.9999964,-0.02190987,0.1115065,-0.2900791,0.3001389,0.9339612,-0.04240302,-0.09938974,-0.2790347,0.3521128,0.9606632,1
41.92750856,0.3060194,-0.3727246,1.152924,0.002268454,-0.01258772,0.01691635,0.9997751,-0.002471642,-0.000751649,-0.000650962,0.9999964,-0.03412681,0.149379,-0.3536072,0.258133,0.9056578,-0.04775043,-0.09482563,-0.2763531,0.3548286,0.973186,1
41.99711116,0.3060242,-0.3727245,1.152922,0.002274318,-0.0125782,0.01689855,0.9997756,-0.002462197,-0.000710837,-0.000631741,0.9999964,0.007410802,-0.1035117,-0.3646025,0.2261772,0.9535784,-0.05392702,-0.08739258,-0.2785553,0.3529912,0.9685903,1
42.06731326,0.3060354,-0.3727305,1.152952,0.002247124,-0.01257708,0.01693359,0.9997751,-0.002441316,-0.000681085,-0.000585368,0.9999965,-0.08665967,0.05164347,-0.402475,0.2334495,1.010772,-0.04047997,-0.08002263,-0.2836139,0.3557017,0.9603896,1
42.13724036,0.3060237,-0.3727182,1.152927,0.002275239,-0.01257095,0.01689933,0.9997756,-0.002458916,-0.000627082,-0.000525126,0.9999966,-0.1306407,0.1689261,-0.418357,0.1932339,1.011551,-0.0418188,-0.07624443,-0.2885334,0.3520557,0.9018911,1
42.20734116,0.3060162,-0.3727247,1.152938,0.002245566,-0.01258497,0.01690993,0.9997753,-0.002485005,-0.000618534,-0.000462722,0.9999967,-0.00358445,0.03209636,-0.2070039,0.1171768,0.9919689,-0.03115528,-0.06967813,-0.2935638,0.3474931,0.8848246,1
42.27716035,0.3060144,-0.3727273,1.152951,0.002228993,-0.01255776,0.01686661,0.9997765,-0.002485005,-0.000618534,-0.000462722,0.9999967,0.01229758,-0.03876192,-0.1117117,0.1607868,0.9667286,-0.02798065,-0.07248396,-0.2858236,0.3474984,0.9250113,1
42.34747206,0.3060131,-0.3727148,1.152933,0.002303059,-0.01255947,0.01691293,0.9997755,-0.002532301,-0.000563375,-0.000402389,0.9999965,-0.02924003,-0.0436487,-0.2460981,0.1524468,0.978878,-0.04365949,-0.0669353,-0.2936715,0.3493049,0.9578189,1
42.41704526,0.3060223,-0.3727196,1.152934,0.002213218,-0.01257932,0.01688422,0.9997759,-0.002585558,-0.000427182,-0.000319901,0.9999964,-0.04023528,-0.1010683,-0.122707,0.1327807,1.014298,-0.03610858,-0.05774542,-0.2921264,0.352009,0.9672954,1
42.48734086,0.3060243,-0.3727195,1.152935,0.002283193,-0.01254956,0.01688092,0.9997761,-0.002569655,-0.000201479,-0.000155317,0.9999965,0.03673147,-0.09129479,-0.1446975,0.1543231,1.04409,-0.04041767,-0.0587534,-0.290177,0.3565581,0.9217299,1
42.55736406,0.3060244,-0.3727273,1.152937,0.002236185,-0.01259437,0.01688447,0.9997756,-0.002569655,-0.000201479,-0.000155317,0.9999965,0.03062299,0.02965297,-0.3804845,0.1496677,1.158601,-0.04822515,-0.05777691,-0.2883101,0.3529175,0.7671024,1
42.62753006,0.3060186,-0.3727281,1.152946,0.002279113,-0.01256855,0.01686905,0.9997762,-0.002629671,-8.15232E-05,-0.000119997,0.9999964,-0.08177289,-0.01799312,-0.3132913,0.1295382,0.9931989,-0.04736304,-0.04668767,-0.2916094,0.3537993,0.5637661,1
42.69706366,0.3060132,-0.3727185,1.152927,0.002235695,-0.01259675,0.01690019,0.9997754,-0.002640485,-1.29415E-05,-9.25874E-05,0.9999964,-0.09032475,-0.003332783,-0.3792628,0.07231487,1.007914,-0.03714803,-0.04382969,-0.2974463,0.3501558,0.682667,1
42.76758006,0.3060233,-0.3727157,1.152927,0.002275944,-0.01258045,0.0168958,0.9997755,-0.002665058,2.02658E-05,-9.2864E-05,0.9999964,-0.1000983,-0.005776173,-0.4195787,0.0636522,0.9946036,-0.04066375,-0.03269929,-0.2997949,0.348309,0.8187347,1
42.83711566,0.3060381,-0.3727167,1.152929,0.002233959,-0.01260348,0.01690132,0.9997753,-0.002656379,9.31623E-05,-7.46651E-05,0.9999964,-0.04145698,0.01254924,-0.02741482,0.04000651,1.013667,-0.03829343,-0.02528952,-0.3000885,0.3473806,0.8940048,1
42.90781616,0.3060409,-0.3727258,1.152936,0.002262253,-0.0126043,0.01689303,0.9997753,-0.002575085,0.000215036,-3.93987E-05,0.9999966,-0.03779189,-0.01921481,-0.09582971,0.04688294,1.004115,-0.03076585,-0.02814895,-0.3009263,0.3528445,0.9283781,1
42.97735245,0.3060333,-0.3727183,1.152937,0.002218027,-0.01260932,0.01691922,0.9997749,-0.002518987,0.000259895,-7.43391E-05,0.9999967,-0.04634375,-0.003332783,-0.1373673,0.02447135,1.016632,-0.04034046,-0.02529362,-0.2991347,0.3473804,0.9520082,1
43.04765726,0.3060164,-0.3727264,1.152942,0.002277445,-0.01253284,0.01690241,0.9997761,-0.002518987,0.000259895,-7.43391E-05,0.9999967,-0.04878715,-0.004554478,-0.1679097,0.01531378,1.008611,-0.03336588,-0.01790861,-0.3041943,0.3491815,0.9551631,1
43.11842186,0.3060061,-0.3727247,1.152929,0.002240691,-0.01257112,0.016875,0.9997761,-0.002408751,0.000229619,-8.25282E-05,0.999997,-0.04023528,0.01499263,-0.3536072,-0.01007863,1.014645,-0.0394136,-0.0132005,-0.3034297,0.3437128,0.9673094,1
43.18733416,0.3060092,-0.3727225,1.152927,0.002272925,-0.01259651,0.01691344,0.9997751,-0.002310037,0.000254917,-7.21077E-05,0.9999972,-0.02435326,-0.004554478,-0.1495843,-0.02707961,1.026248,-0.03716512,-0.004021602,-0.3028374,0.3473267,0.957746,1
43.25727946,0.3060178,-0.3727221,1.152938,0.002277816,-0.01257725,0.01689493,0.9997756,-0.002265156,0.000327458,-4.44166E-05,0.9999973,-0.02679664,-0.009441256,-0.1642446,-0.0209551,1.006566,-0.03883225,-0.004952821,-0.3047074,0.3482389,0.9342517,1
43.32742386,0.3060161,-0.3727086,1.15292,0.002221033,-0.01257373,0.01693026,0.9997752,-0.002265156,0.000327458,-4.44166E-05,0.9999973,-0.02557495,-0.005776173,-0.1129334,-0.03032788,1.008974,-0.03716966,-0.002190801,-0.3057699,0.3491415,0.9544011,1
43.39884575,0.3060189,-0.3727194,1.152931,0.002250115,-0.0125774,0.01685375,0.9997764,-0.002130981,0.000409548,-1.12047E-05,0.9999975,-0.02557495,-0.01554973,-0.07383921,-0.04314685,1.010608,-0.04312303,-0.000324259,-0.3029837,0.3473172,0.9724561,1
43.46719386,0.3060101,-0.3727176,1.152917,0.002248485,-0.01257049,0.01691209,0.9997754,-0.002130981,0.000409548,-1.12047E-05,0.9999975,-0.03046173,-0.01066295,-0.09094293,-0.04831442,1.02008,-0.03688252,-0.0012568,-0.3010395,0.3473191,0.9709466,1
43.53735406,0.3060174,-0.372724,1.152937,0.002179921,-0.01256942,0.01688364,0.9997761,-0.002095707,0.000435209,1.79615E-05,0.9999976,-0.02801834,-0.02410159,-0.08239107,-0.05524657,1.01146,-0.03456333,0.003315513,-0.3002654,0.3500353,0.9528817,1
43.60753946,0.3060204,-0.3727219,1.152935,0.002253696,-0.01258883,0.01692269,0.999775,-0.002113413,0.000448174,3.52683E-05,0.9999976,-0.02313156,0.001553995,-0.01153279,-0.05152313,1.010883,-0.05248658,0.003312732,-0.3031258,0.3509454,0.9570517,1
43.67750476,0.3060277,-0.3727236,1.152931,0.002254968,-0.0125466,0.01688575,0.9997762,-0.002089534,0.000449502,3.24501E-05,0.9999977,-0.04023528,-0.004554478,-0.01275449,-0.05621771,1.015814,-0.03880649,-0.000362638,-0.301074,0.3491356,0.9605027,1
43.74708156,0.3060291,-0.3727162,1.152923,0.002285206,-0.01261484,0.01689714,0.9997751,-0.001985504,0.000428695,8.62591E-06,0.9999977,-0.02924003,-0.008219562,-0.009089405,-0.06016419,1.017633,-0.03663056,0.003323717,-0.302173,0.3500358,0.9508117,1
43.81759966,0.3060241,-0.3727172,1.152931,0.002239739,-0.01254727,0.01687844,0.9997763,-0.001975739,0.000409455,2.35066E-06,0.999998,-0.03901359,-0.003332783,-0.01764126,-0.0586907,1.014423,-0.03707216,0.003357995,-0.303129,0.3482172,0.9408442,1
43.88712766,0.3060234,-0.3727169,1.152938,0.002309102,-0.01258536,0.01691137,0.9997752,-0.001933499,0.000368398,-6.6367E-05,0.999998,-0.03779189,-0.009441256,-0.01397618,-0.05548515,1.014632,-0.03510119,0.000569901,-0.3030182,0.3491337,0.9417039,1
43.95751896,0.3060223,-0.3727323,1.15294,0.002228803,-0.01259205,0.01690899,0.9997754,-0.001933499,0.000368398,-6.6367E-05,0.999998,-0.02801834,-0.008219562,-0.01519788,-0.06066934,1.011758,-0.0382674,0.002445966,-0.3059538,0.3482202,0.9454651,1
44.02826916,0.3060242,-0.3727253,1.15294,0.002266129,-0.01259581,0.01693545,0.9997748,-0.001842279,0.00023855,-0.000147895,0.9999983,-0.0353485,0.006440773,0.009236012,-0.06043376,1.009373,-0.03405442,0.004282329,-0.3031656,0.3482148,0.9548758,1
44.09713386,0.3060254,-0.3727164,1.152934,0.002217914,-0.01256772,0.01688639,0.9997759,-0.001830127,0.000157861,-0.000178108,0.9999983,-0.03901359,-0.02287989,-0.007867711,-0.05770446,1.014662,-0.03609013,0.002407585,-0.3040441,0.3500386,0.9638184,1
44.16711186,0.306025,-0.3727162,1.152924,0.002227794,-0.0125791,0.01691503,0.9997754,-0.001863862,0.000137299,-0.000133446,0.9999981,-0.01702309,-0.004554478,-0.02130635,-0.06387117,1.01627,-0.03465389,-0.00407785,-0.3037871,0.3509646,0.9569758,1
44.23758326,0.3060146,-0.3727264,1.152922,0.002216464,-0.01257469,0.01687956,0.9997761,-0.001944896,0.000153301,-0.00014574,0.999998,-0.02924003,-0.000889394,0.000684153,-0.05844623,1.01319,-0.0375453,0.004274126,-0.3012579,0.3482143,0.9483759,1
44.30722485,0.3060126,-0.3727181,1.152926,0.002225518,-0.01258215,0.01691844,0.9997753,-0.001944896,0.000153301,-0.00014574,0.999998,-0.02313156,-0.009441256,-0.001759239,-0.05697142,1.011218,-0.03677594,0.00148325,-0.3040076,0.350041,0.9514381,1
44.37727886,0.306013,-0.3727133,1.152949,0.002264817,-0.01256241,0.0169175,0.9997754,-0.001984198,1.0523E-05,-0.0003431,0.999998,-0.02924003,-0.01677142,-0.007867711,-0.0618871,1.018622,-0.03812364,0.002328045,-0.3030851,0.3545856,0.9544827,1
44.44740926,0.306021,-0.3727243,1.152946,0.002265639,-0.01255475,0.01689719,0.9997759,-0.001984198,1.0523E-05,-0.0003431,0.999998,-0.0353485,0.006440773,-0.002980933,-0.05942032,1.016574,-0.04128296,-0.000328361,-0.3020299,0.347317,0.9410591,1
44.51719036,0.3060248,-0.3727319,1.152936,0.002248217,-0.01257206,0.01690349,0.9997756,-0.002012308,-3.16941E-05,-0.000412937,0.9999979,-0.0353485,0.0003323,-0.006646017,-0.05867786,1.019291,-0.03812541,0.001466842,-0.3001923,0.3500401,0.9327953,1
44.58721616,0.3060329,-0.3727332,1.15295,0.002225975,-0.01257914,0.01689312,0.9997758,-0.002008156,-3.53154E-05,-0.000431998,0.9999979,-0.03412681,-0.004554478,-0.01397618,-0.06113286,1.023713,-0.03966982,0.004274126,-0.3012579,0.3482143,0.92053,1
44.65859656,0.3060211,-0.372723,1.152937,0.002291649,-0.01259817,0.01690876,0.9997751,-0.002040056,-0.000100092,-0.000468955,0.9999977,-0.03168342,0.01132755,0.008014318,-0.05769004,1.018008,-0.04105364,0.001524412,-0.3030569,0.3473125,0.9059104,1
44.72739266,0.3060203,-0.37272,1.152946,0.002226382,-0.01257313,0.01689293,0.9997758,-0.002040056,-0.000100092,-0.000468955,0.9999977,-0.03779189,-0.000889394,-0.006646017,-0.05252374,1.014566,-0.03558449,0.002422673,-0.3040452,0.3491292,0.9109305,1
44.79726936,0.3060177,-0.3727232,1.152929,0.002244592,-0.0125633,0.01690616,0.9997757,-0.00204268,-9.26551E-05,-0.000526408,0.9999976,-0.02801834,-0.005776173,-0.006646017,-0.064357,1.017447,-0.03835852,0.008895805,-0.3014408,0.3482025,0.923012,1
44.86753816,0.3060231,-0.3727221,1.152929,0.002238754,-0.01256915,0.01691038,0.9997755,-0.001997022,-7.42078E-05,-0.000505989,0.9999979,-0.03290512,0.0003323,-0.002980933,-0.05425664,1.012159,-0.03555403,0.002411688,-0.3049979,0.3500389,0.9299693,1
44.93703146,0.3060344,-0.3727227,1.152947,0.002266275,-0.01259144,0.01694039,0.9997747,-0.00198857,-2.81702E-05,-0.000482211,0.9999979,-0.03412681,-0.008219562,-0.01275449,-0.06115649,1.013201,-0.04050127,0.002406265,-0.3002299,0.3491283,0.9513899,1
45.00734406,0.3060277,-0.3727121,1.15293,0.002316264,-0.01259563,0.01694229,0.9997745,-0.001977587,-7.37573E-06,-0.000464214,0.9999978,-0.04145698,-0.01554973,-0.01275449,-0.05820671,1.010008,-0.03774456,0.002509099,-0.3030976,0.3436723,0.9574862,1
45.07741456,0.3060234,-0.3727195,1.152926,0.002245114,-0.01258901,0.0169024,0.9997754,-0.001881019,-1.12504E-05,-0.000453199,0.999998,-0.03046173,0.005219078,-0.009089405,-0.05744989,1.014819,-0.04174433,0.006100827,-0.3032366,0.3500289,0.9628243,1
45.14712316,0.3060226,-0.3727326,1.152954,0.002259475,-0.01255612,0.01693536,0.9997752,-0.001881019,-1.12504E-05,-0.000453199,0.999998,-0.0353485,-0.000889394,-0.007867711,-0.05672706,1.008984,-0.03895498,-0.000354434,-0.3029816,0.3491361,0.9601837,1
45.21727126,0.306016,-0.372728,1.152936,0.002240665,-0.01257231,0.01689276,0.9997758,-0.001923717,-1.73238E-05,-0.000454791,0.9999979,-0.02313156,-0.008219562,-0.0103111,-0.05696127,1.015365,-0.0370815,-0.003156297,-0.306684,0.3518724,0.9658429,1
45.28930436,0.3060212,-0.3727185,1.152942,0.002273089,-0.01258506,0.01689251,0.9997755,-0.001944896,-1.55927E-05,-0.000423655,0.9999979,-0.03168342,0.01010586,-0.007867711,-0.05769962,1.014106,-0.0407516,0.000521856,-0.3058755,0.3527721,0.9582307,1
45.35735696,0.3060218,-0.3727261,1.15294,0.002316715,-0.01257485,0.01694144,0.9997748,-0.001964892,-2.9632E-05,-0.000394488,0.9999979,-0.02801834,-0.004554478,-0.004202627,-0.05501078,1.006565,-0.03498366,-0.001313049,-0.3019891,0.350957,0.9575928,1
45.42847326,0.3060174,-0.3727217,1.152923,0.002239525,-0.01258128,0.01690347,0.9997755,-0.001964491,-1.32991E-05,-0.000385839,0.999998,-0.04756545,-0.01188464,-0.01275449,-0.05819587,1.0154,-0.03634775,0.001455857,-0.301145,0.3509497,0.9677614,1
45.49726376,0.306021,-0.372718,1.152944,0.002261585,-0.01258338,0.01688633,0.9997756,-0.001960407,5.27952E-05,-0.000285232,0.999998,-0.02557495,-0.003332783,-0.01519788,-0.06238936,1.015473,-0.03709638,0.000595974,-0.3020665,0.3473146,0.9588114,1
45.56724916,0.3060203,-0.3727215,1.152932,0.002222915,-0.01256605,0.01689874,0.9997758,-0.001960407,5.27952E-05,-0.000285232,0.999998,-0.03901359,-0.009441256,-0.005424321,-0.04758501,1.015926,-0.03608351,0.001512106,-0.3001954,0.3473118,0.9494808,1
45.63726406,0.3060227,-0.3727265,1.152953,0.002253143,-0.01254912,0.01688343,0.9997762,-0.001986377,0.000203083,-0.000213346,0.9999978,-0.02801834,-0.002111089,0.003127541,-0.07125673,1.020995,-0.03891817,0.004286431,-0.3041194,0.348215,0.9407254,1
45.70772365,0.3060212,-0.3727207,1.152927,0.002243201,-0.01257361,0.01687891,0.9997761,-0.001984905,0.000216189,-0.000167708,0.9999979,-0.03290512,0.001553995,-0.005424321,-0.04660951,1.01027,-0.0374741,-0.001293859,-0.302944,0.3500479,0.9291316,1
45.77722166,0.3060287,-0.3727286,1.15294,0.002270197,-0.01261348,0.01694145,0.9997744,-0.001981797,0.000278324,-0.000155005,0.9999979,-0.03168342,-0.006997867,-0.009089405,-0.06585752,1.009933,-0.03653346,0.004249373,-0.3060239,0.3509438,0.9465787,1
45.84729366,0.3060273,-0.372727,1.152941,0.002252984,-0.01255854,0.01690019,0.9997758,-0.001995732,0.000362115,-0.000129743,0.9999979,-0.03290512,-0.002111089,-0.009089405,-0.05522652,1.018002,-0.03809834,0.002369206,-0.3021344,0.351857,0.9558659,1
45.91731266,0.3060245,-0.3727277,1.152936,0.002250912,-0.01259137,0.01689562,0.9997755,-0.001996655,0.000407752,-0.000176006,0.9999979,-0.04267867,-0.01921481,-0.01397618,-0.05868965,1.015414,-0.03610339,0.00340736,-0.3040859,0.3454891,0.9453467,1
45.98749676,0.3060166,-0.3727133,1.152929,0.002319769,-0.01256803,0.01691791,0.9997752,-0.00197879,0.000377812,-0.000179535,0.9999978,-0.02801834,0.0003323,0.01045771,-0.0572121,1.013912,-0.03656963,0.001399607,-0.3020947,0.3545877,0.9423788,1
46.05734116,0.3060146,-0.3727126,1.152927,0.002238782,-0.01253845,0.01684064,0.9997771,-0.00197879,0.000377812,-0.000179535,0.9999978,-0.03168342,-0.006997867,-0.009089405,-0.06238646,1.016693,-0.03711399,0.005221752,-0.3032032,0.347303,0.9434413,1
46.12759945,0.3060228,-0.3727198,1.152941,0.002243458,-0.01260113,0.01688025,0.9997756,-0.00197879,0.000377812,-0.000179535,0.9999978,-0.04267867,-0.005776173,-0.000537541,-0.05621887,1.015326,-0.03879945,0.002407585,-0.3040441,0.3500386,0.9388656,1
46.19710716,0.306025,-0.372733,1.152931,0.002223042,-0.01259953,0.01688374,0.9997756,-0.001915835,0.000289145,-0.000202582,0.999998,-0.01946648,-0.002111089,-0.01153279,-0.0574562,1.013386,-0.0395118,0.005183374,-0.3012934,0.3491214,0.9397316,1
46.26774866,0.3060211,-0.3727219,1.152927,0.002272893,-0.01257451,0.01688788,0.9997758,-0.001869033,0.000280044,-0.000243126,0.9999982,-0.03412681,0.001553995,-0.005424321,-0.05942579,1.014129,-0.04149347,0.000578105,-0.3049258,0.3491342,0.9445904,1
46.33729666,0.3060213,-0.3727071,1.152933,0.002269638,-0.01258357,0.01692652,0.999775,-0.001832714,0.000280186,-0.000260728,0.9999981,-0.04145698,-0.008219562,-0.001759239,-0.05648827,1.007815,-0.03500532,0.003315513,-0.3002654,0.3500353,0.950471,1
46.40753406,0.3060223,-0.3727156,1.152933,0.002238032,-0.01258652,0.01690452,0.9997755,-0.001832714,0.000280186,-0.000260728,0.9999981,-0.02924003,0.003997383,-0.000537541,-0.05796466,1.009805,-0.03454612,0.005229956,-0.3051108,0.3473035,0.9674186,1
46.47714316,0.3060191,-0.3727299,1.152934,0.002282469,-0.0125428,0.01687475,0.9997764,-0.001789246,0.000199037,-0.000322692,0.9999983,-0.04267867,-0.000889394,-0.0103111,-0.05722173,1.010261,-0.03577969,0.002411688,-0.3049979,0.3500389,0.975222,1
46.54825886,0.3060209,-0.3727273,1.152937,0.002246299,-0.01258509,0.01689454,0.9997755,-0.001804033,7.10745E-05,-0.000423608,0.9999982,-0.02435326,0.001553995,-0.000537541,-0.06091249,1.015734,-0.0339016,0.00239528,-0.3011827,0.3500379,0.9738501,1
46.61713726,0.3060224,-0.3727171,1.152946,0.002242725,-0.01255299,0.01690274,0.9997759,-0.001688561,-0.000153556,-0.000540638,0.9999983,-0.03779189,-0.000889394,-0.02130635,-0.0495516,1.015883,-0.04174028,0.004237066,-0.3031624,0.3509431,0.9601602,1
46.68734436,0.3060193,-0.3727183,1.152939,0.002274196,-0.01259717,0.01689928,0.9997753,-0.001707684,-0.000255949,-0.000585035,0.9999982,-0.03168342,-0.01310634,-0.000537541,-0.05474306,1.013092,-0.03925513,0.001512106,-0.3001954,0.3473118,0.9518253,1
46.75743136,0.3060172,-0.3727379,1.152936,0.002229114,-0.01255434,0.01688371,0.9997762,-0.001789567,-0.000331205,-0.00059827,0.999998,-0.02924003,-0.01066295,-0.009089405,-0.05818377,1.017771,-0.04129718,0.000574003,-0.303972,0.3491339,0.9499586,1
46.82712816,0.3060153,-0.3727243,1.152922,0.00223961,-0.01261105,0.01688319,0.9997755,-0.00178299,-0.000341042,-0.000596228,0.999998,-0.03412681,0.003997383,-0.009089405,-0.06117574,1.005898,-0.03892139,0.001442089,-0.3049582,0.3527695,0.9456384,1
46.89775266,0.3060206,-0.3727133,1.152925,0.002235385,-0.01258457,0.01690716,0.9997754,-0.00178299,-0.000341042,-0.000596228,0.999998,-0.01580139,0.01010586,0.000684153,-0.05472233,1.022383,-0.03840607,0.00702106,-0.3023193,0.3500263,0.9547056,1
46.96738536,0.3060296,-0.3727203,1.152953,0.002284827,-0.01257937,0.01690535,0.9997754,-0.001861273,-0.00036298,-0.000597722,0.9999979,-0.04145698,-0.004554478,-0.01519788,-0.06016819,1.015673,-0.03709382,-0.002157843,-0.3029116,0.3464125,0.9360131,1
47.03719426,0.3060288,-0.3727241,1.152943,0.002253805,-0.01258216,0.0168945,0.9997756,-0.001927207,-0.000322869,-0.000483667,0.999998,-0.02924003,0.01010586,0.0116794,-0.05647412,1.010915,-0.04021103,-0.00032704,-0.3058441,0.3482273,0.9360496,1
47.10724426,0.3060185,-0.3727258,1.152931,0.002211792,-0.01260016,0.01688713,0.9997756,-0.001929193,-0.000273314,-0.000400142,0.999998,-0.02924003,-0.000889394,-0.0103111,-0.05548483,1.013124,-0.03802861,0.0023966,-0.3049969,0.3509483,0.9488545,1
47.17750806,0.3060165,-0.3727202,1.15294,0.002217133,-0.01260929,0.01691256,0.9997751,-0.001929193,-0.000273314,-0.000400142,0.999998,-0.02435326,-0.005776173,-0.02252804,-0.06436331,1.013006,-0.04148939,0.007088295,-0.3004169,0.3454787,0.9533484,1
47.24864166,0.30602,-0.372719,1.152949,0.002230692,-0.01257648,0.01689992,0.9997756,-0.002029713,-8.1163E-05,-0.00026794,0.9999979,-0.02557495,0.002775689,-0.01641957,-0.05818357,1.021277,-0.03520369,-0.00226756,-0.3019505,0.3527783,0.9486797,1
47.31724276,0.306022,-0.3727299,1.152931,0.002259225,-0.01260069,0.01693211,0.9997747,-0.00203789,-1.03909E-05,-0.000215231,0.9999978,-0.03412681,-0.01066295,-0.006646017,-0.06412525,1.010843,-0.03875421,0.00152031,-0.302103,0.3473122,0.9349635,1
47.38730566,0.3060294,-0.3727362,1.152947,0.002274979,-0.01257352,0.01688362,0.9997759,-0.002024307,-1.40184E-05,-0.000230503,0.9999979,-0.0365702,-0.01188464,-0.004202627,-0.057213,1.013672,-0.0363204,0.00327025,-0.3002622,0.3527636,0.944474,1
47.45853806,0.3060239,-0.3727156,1.152926,0.002233633,-0.01260046,0.0169081,0.9997752,-0.002009831,1.87559E-05,-0.000251604,0.9999979,-0.02557495,-0.01554973,-0.02619313,-0.06015267,1.022767,-0.03621307,0.005160082,-0.2993847,0.3500304,0.9434002,1
47.52707806,0.3060263,-0.3727132,1.152938,0.002302464,-0.01256615,0.01688046,0.9997759,-0.002094967,3.95186E-05,-0.000275916,0.9999976,-0.02435326,-0.005776173,-0.01397618,-0.06115701,1.01421,-0.03830396,0.005225855,-0.304157,0.3473032,0.9263244,1
47.59757436,0.3060282,-0.372725,1.152938,0.002290514,-0.01256627,0.01688922,0.9997758,-0.002090012,-7.12462E-06,-0.000321906,0.9999976,-0.02435326,0.001553995,-0.02252804,-0.05917627,1.018855,-0.03517119,0.001414695,-0.3020957,0.3536783,0.9282598,1
47.66763556,0.3060327,-0.3727198,1.152932,0.002210855,-0.01260654,0.01688514,0.9997755,-0.002090012,-7.12462E-06,-0.000321906,0.9999976,-0.03046173,-0.005776173,-0.02008465,-0.06337628,1.015492,-0.03709909,0.002403484,-0.3030903,0.3500384,0.9254436,1
47.73753326,0.306035,-0.3727236,1.152946,0.002304722,-0.01255462,0.01692423,0.9997754,-0.002091553,4.19823E-05,-0.000350838,0.9999977,-0.01824478,-0.009441256,-0.0323016,-0.06484345,1.017127,-0.04425342,0.005194359,-0.3003407,0.3482117,0.9272642,1
47.80763365,0.3060203,-0.3727217,1.152937,0.002245052,-0.01254241,0.01686366,0.9997766,-0.002102417,8.49188E-05,-0.000390596,0.9999976,-0.002362756,-0.01921481,-0.04329685,-0.06286687,1.013047,-0.0535287,0.005149096,-0.3003375,0.35094,0.9276408,1
47.87712755,0.3060177,-0.3727407,1.152951,0.002215526,-0.01259246,0.01688511,0.9997758,-0.002120135,5.99545E-05,-0.00043761,0.9999976,0.008632496,-0.03143176,-0.03596668,-0.06730776,1.014887,-0.05061699,0.00976257,-0.2986128,0.3509277,0.9340655,1
47.94755205,0.3059999,-0.372725,1.152935,0.002297979,-0.01253005,0.01686805,0.9997765,-0.002073694,4.82476E-05,-0.000434592,0.9999976,0.03550977,-0.01310634,-0.02741482,-0.06780923,1.015488,-0.04349976,0.005162863,-0.2965244,0.3491203,0.9348481,1
48.01735654,0.3060094,-0.3727247,1.152947,0.002252966,-0.01258675,0.01692195,0.9997751,-0.002075188,2.76158E-05,-0.000428752,0.9999977,0.05750027,-0.02776667,-0.04574024,-0.06731676,1.014236,-0.04495507,0.005099731,-0.2993805,0.3536681,0.9344357,1
48.08749545,0.3060166,-0.3727196,1.152942,0.002260841,-0.01257215,0.01687283,0.9997761,-0.002125151,-1.72842E-06,-0.000415232,0.9999976,0.05505688,-0.000889394,-0.03841007,-0.07024327,1.013157,-0.07296371,0.008757374,-0.2938029,0.3545667,0.9363241,1
48.15721375,0.3060329,-0.372719,1.152934,0.002259247,-0.01257487,0.01689441,0.9997757,-0.001965963,-9.20483E-05,-0.000439471,0.9999978,0.08071247,-0.08640801,-0.03474499,-0.08179477,1.03519,-0.0681489,0.007815168,-0.2966257,0.3563886,0.9220435,1
48.22753825,0.3060327,-0.3727207,1.152933,0.002300709,-0.01256825,0.01693283,0.999775,-0.001965963,-9.20483E-05,-0.000439471,0.9999978,0.06849552,-0.03143176,0.01045771,-0.08824018,1.013602,-0.08382792,0.006767491,-0.2889523,0.3618458,0.8771996,1
48.29707075,0.3060263,-0.3727212,1.152932,0.002246923,-0.0125848,0.01694308,0.9997748,-0.001865569,-0.000167345,-0.000457832,0.9999982,0.1088114,-0.03265345,0.006792624,-0.1033207,1.009223,-0.06954751,0.01235466,-0.2882211,0.359103,0.8869001,1
48.36725725,0.3060178,-0.3727253,1.152933,0.00222866,-0.01260948,0.01692222,0.9997749,-0.001815321,-0.000276477,-0.000486176,0.9999982,0.1503491,-0.0644175,0.01656618,-0.0857636,1.009939,-0.09728599,0.01319404,-0.2825305,0.362737,0.909817,1
48.43736795,0.3060156,-0.3727253,1.152927,0.002261458,-0.01258657,0.01689315,0.9997756,-0.001798464,-0.000366222,-0.000528331,0.9999982,0.1161416,-0.09129479,0.04955192,-0.07242303,1.010736,-0.1083241,0.01213537,-0.2758099,0.3691038,0.9210275,1
48.50791185,0.3060215,-0.3727237,1.152925,0.002222507,-0.012623,0.01690029,0.9997751,-0.001755559,-0.000349547,-0.000495172,0.9999982,0.0513918,-0.0644175,-0.04451855,-0.07907427,0.9999723,-0.1357106,0.0176663,-0.2760284,0.369999,0.9291558,1
48.57739365,0.3060395,-0.37271,1.152938,0.002268252,-0.0126078,0.01689307,0.9997753,-0.001755559,-0.000349547,-0.000495172,0.9999982,0.04772671,-0.01921481,-0.006646017,-0.07387947,1.007739,-0.1318777,0.01842203,-0.268425,0.3781797,0.9445236,1
48.64735245,0.3060421,-0.3727065,1.152927,0.002280958,-0.01260451,0.01693299,0.9997747,-0.001709681,-0.000247144,-0.000422352,0.9999983,0.102703,-0.02532328,0.02267465,-0.07387794,1.009476,-0.1299366,0.02023232,-0.2665884,0.3799934,0.9401574,1
48.71713625,0.3060363,-0.3727241,1.152932,0.002215643,-0.01256303,0.016894,0.9997759,-0.001751986,-0.00019061,-0.000374932,0.9999983,0.1479057,-0.0448704,0.02023126,-0.08202568,1.000427,-0.1421143,0.01841529,-0.2598428,0.3763588,0.9354158,1
48.78800385,0.3060164,-0.3727249,1.152931,0.002276486,-0.0125854,0.01691794,0.9997751,-0.001836014,-8.83916E-05,-0.000349151,0.9999982,0.2236507,-0.02532328,0.004349235,-0.0787966,1.007139,-0.1463811,0.020179,-0.2541888,0.3799904,0.9426578,1
48.85736494,0.3060132,-0.3727365,1.152963,0.002283787,-0.01257067,0.01688195,0.9997758,-0.001861978,-5.38598E-05,-0.000306296,0.9999982,0.2871788,-0.002111089,-0.002980933,-0.0797529,1.003806,-0.1755812,0.01814663,-0.2464747,0.3890876,0.9333353,1
48.92723464,0.3060031,-0.3727301,1.152942,0.002261822,-0.01255114,0.01692149,0.9997755,-0.001861978,-5.38598E-05,-0.000306296,0.9999982,0.26641,0.01865772,0.02756143,-0.0718667,0.9829489,-0.2054898,0.01518993,-0.238724,0.3981872,0.9294124,1
48.99716745,0.3060072,-0.3727202,1.15293,0.002214789,-0.0125648,0.01689344,0.9997759,-0.001841389,3.09362E-05,-0.000253139,0.9999983,0.1760046,0.08340751,-0.09094293,-0.08190592,1.009105,-0.2174427,0.01790683,-0.2292945,0.3990873,0.9375443,1
49.06739674,0.3060184,-0.372724,1.152938,0.002282595,-0.01258543,0.01689094,0.9997756,-0.001840205,5.17967E-05,-0.000280389,0.9999982,0.2114338,0.02476619,-0.01397618,-0.08192064,0.9892188,-0.2417322,0.01598008,-0.2215877,0.4018185,0.90021,1
49.13745455,0.3060217,-0.3727219,1.152938,0.00224752,-0.01257207,0.0169431,0.9997749,-0.001840426,8.41696E-05,-0.000317587,0.9999983,0.2077687,0.02843127,-0.01397618,-0.07450549,0.9846624,-0.259589,0.01314408,-0.2138453,0.4036426,0.8979701,1
49.20725205,0.3060204,-0.3727155,1.152934,0.00224785,-0.01260138,0.01690992,0.9997752,-0.001761032,8.73456E-05,-0.000304141,0.9999984,0.2236507,0.0223228,-0.02008465,-0.07425208,0.9843317,-0.2652361,0.01493108,-0.2101001,0.4063652,0.9038725,1
49.27865665,0.306022,-0.3727208,1.152932,0.002267006,-0.01258841,0.01687998,0.9997757,-0.001761032,8.73456E-05,-0.000304141,0.9999984,0.2529714,0.002775689,-0.02252804,-0.07965427,0.9766283,-0.2988079,0.01292347,-0.19762,0.4127331,0.903554,1
49.34717735,0.3060168,-0.3727335,1.152928,0.002263828,-0.01258513,0.01693206,0.9997749,-0.001798619,0.000210556,-0.000298613,0.9999982,0.2774053,-0.02287989,-0.007867711,-0.08037819,0.9711962,-0.32085,0.01282342,-0.1918918,0.4172789,0.8968362,1
49.41772705,0.3060271,-0.3727286,1.152924,0.002248412,-0.01259548,0.0169131,0.9997752,-0.001847746,0.000271219,-0.000262895,0.9999982,0.3299381,-0.02776667,0.000684153,-0.08604589,0.9569414,-0.3518702,0.01459957,-0.1786105,0.4181803,0.8903012,1
49.48742595,0.3060356,-0.3727132,1.152927,0.002256454,-0.01256974,0.01690993,0.9997755,-0.001887347,0.000254437,-0.000310086,0.9999981,0.3140561,-0.06930429,0.004349235,-0.0853178,0.942525,-0.3683723,0.01630439,-0.1662778,0.4236292,0.8968456,1
49.55820425,0.3060399,-0.3727037,1.152911,0.002264471,-0.0125922,0.01690944,0.9997752,-0.00187239,0.000246632,-0.000350681,0.9999981,0.2835138,-0.06808259,0.02023126,-0.08036518,0.9467365,-0.3743192,0.02174625,-0.1598153,0.4281606,0.9153749,1
49.62726685,0.3060443,-0.3727159,1.152914,0.002263451,-0.01257143,0.01692183,0.9997753,-0.001854538,0.000148978,-0.00039625,0.9999981,0.3030609,-0.1352758,0.04100007,-0.09145965,0.9368355,-0.39878,0.01616332,-0.1510115,0.4281727,0.9160655,1
49.69731224,0.3060363,-0.3727237,1.152943,0.002242507,-0.01258141,0.01688079,0.9997758,-0.001834973,9.42228E-05,-0.000495633,0.999998,0.3213863,-0.1218372,0.0361133,-0.0771324,0.9223258,-0.4368746,0.02531497,-0.1370679,0.4299645,0.9106197,1
49.76747304,0.3060195,-0.3727109,1.152924,0.002258457,-0.01255896,0.01690717,0.9997757,-0.001767022,8.562E-05,-0.000483424,0.9999981,0.3201646,-0.1059551,0.04100007,-0.08009064,0.9298758,-0.4254399,0.02793446,-0.1295387,0.437231,0.9029992,1
49.83712954,0.3060069,-0.3727231,1.152931,0.002303682,-0.01255654,0.01691011,0.9997755,-0.001767022,8.562E-05,-0.000483424,0.9999981,0.2993958,-0.06930429,0.02756143,-0.08451485,0.9107233,-0.4726067,0.02505055,-0.1141648,0.4399627,0.8908529,1
49.90781714,0.305999,-0.3727286,1.152928,0.002294318,-0.01257583,0.01689882,0.9997755,-0.001682394,0.000177587,-0.000407022,0.9999983,0.3397117,-0.0436487,0.02878312,-0.0818241,0.8851145,-0.5004935,0.02777434,-0.1028288,0.4399529,0.8805323,1
49.97703644,0.306,-0.3727265,1.152943,0.002225474,-0.01256863,0.01688479,0.999776,-0.001616836,0.000272833,-0.000402142,0.9999985,0.294509,-0.05586565,0.01534449,-0.08182374,0.8848597,-0.5012271,0.03321356,-0.08873784,0.4426636,0.8935657,1
50.04725994,0.305997,-0.3727146,1.15292,0.00225358,-0.01254155,0.01687736,0.9997764,-0.001619083,0.000285568,-0.000418171,0.9999984,0.3213863,-0.1059551,0.05443871,-0.08651134,0.8686571,-0.5304964,0.02946553,-0.08382035,0.4444907,0.904268,1
50.11882114,0.306011,-0.3727154,1.152931,0.002233562,-0.01257242,0.01691187,0.9997755,-0.001686731,0.000274584,-0.000438036,0.9999984,0.3470419,-0.1083985,0.06787735,-0.0852728,0.858802,-0.5517327,0.03392973,-0.06492168,0.4490215,0.9056242,1
50.18715254,0.3060228,-0.372721,1.152948,0.002314595,-0.01257409,0.01685237,0.9997762,-0.001686731,0.000274584,-0.000438036,0.9999984,0.2847354,-0.1230588,0.06787735,-0.08331261,0.8413711,-0.5723663,0.03666582,-0.05644706,0.4490123,0.9016577,1
50.25797185,0.3060248,-0.3727179,1.152932,0.002270336,-0.01256734,0.01692103,0.9997753,-0.001758744,0.00018569,-0.00045248,0.9999983,0.3189429,0.01377094,-0.01519788,-0.08798949,0.8325673,-0.5965813,0.03937041,-0.04415613,0.4499117,0.9009888,1
50.32741424,0.3060342,-0.3727241,1.15293,0.002229719,-0.01260243,0.01688915,0.9997755,-0.0017911,0.000178332,-0.000465918,0.9999982,0.3714758,-0.002111089,-0.006646017,-0.08432766,0.8058639,-0.6143736,0.03926084,-0.03270615,0.4535466,0.8937522,1
50.39853174,0.3060403,-0.3727277,1.152923,0.002219239,-0.01257166,0.01688798,0.9997759,-0.00192898,0.000135091,-0.000400702,0.999998,0.3763625,-0.04120531,0.01290109,-0.08184987,0.796423,-0.6390534,0.03652913,-0.02115691,0.4480944,0.9063369,1
50.46717844,0.3060434,-0.3727164,1.15292,0.002260352,-0.01258197,0.01691509,0.9997753,-0.001904028,0.000122307,-0.000426435,0.9999979,0.2993958,-0.0644175,0.03855668,-0.08185986,0.7794909,-0.6616651,0.0420287,-0.007070164,0.4471673,0.9011309,1
50.53728094,0.3060472,-0.3727145,1.152929,0.002250532,-0.01261106,0.01689733,0.9997752,-0.001887008,0.000177931,-0.000391596,0.9999981,0.3348249,-0.0888514,0.08742446,-0.08656663,0.7599947,-0.6822853,0.0465518,0.005149709,0.4498808,0.8921701,1
50.60728984,0.3060386,-0.3727121,1.152919,0.002276763,-0.01259706,0.01689524,0.9997754,-0.001887008,0.000177931,-0.000391596,0.9999981,0.3726974,-0.04609209,0.02145296,-0.0865784,0.7410777,-0.7070803,0.04560841,0.01662998,0.4480616,0.8862721,1
50.67737173,0.3060273,-0.3727173,1.152925,0.002217963,-0.0126084,0.01692032,0.9997749,-0.001910265,0.000203369,-0.000343229,0.9999981,0.3507069,-0.03631853,0.0336699,-0.0878332,0.723293,-0.7228014,0.04652747,0.03185029,0.4444178,0.8778817,1
50.74750863,0.3060178,-0.3727308,1.152949,0.002255079,-0.01256119,0.01689832,0.9997758,-0.001953491,0.000209989,-0.000362082,0.9999979,0.322608,0.01987941,-0.02497143,-0.08440343,0.7031969,-0.7399523,0.04458841,0.04241855,0.4471483,0.8765993,1
50.81717093,0.3059989,-0.3727185,1.152935,0.002262603,-0.012581,0.01688846,0.9997756,-0.002012731,0.000201353,-0.000408417,0.9999978,0.3629239,0.01377094,-0.006646017,-0.08342001,0.6884285,-0.7635759,0.04541694,0.05764513,0.4489611,0.876591,1
50.88719783,0.3059958,-0.3727117,1.152921,0.002280437,-0.01257458,0.01692074,0.9997752,-0.002085846,0.000154566,-0.000419338,0.9999977,0.3714758,-0.01310634,-0.009089405,-0.085422,0.6664761,-0.7814506,0.04826143,0.06897282,0.4416758,0.862485,1
50.95764433,0.3060089,-0.3727213,1.152937,0.002277034,-0.01256404,0.01691558,0.9997754,-0.002097589,0.000199373,-0.000416273,0.9999976,0.3372683,-0.01432803,-0.004202627,-0.09336504,0.6325787,-0.8060489,0.04451896,0.07961111,0.4416828,0.854156,1
51.02737513,0.306016,-0.3727205,1.152928,0.002274219,-0.01255463,0.01687339,0.9997763,-0.002097589,0.000199373,-0.000416273,0.9999976,0.3531503,0.01621433,-0.02130635,-0.08301538,0.623998,-0.8110607,0.04359755,0.09299693,0.4380442,0.8549413,1
51.09704913,0.306023,-0.372722,1.152941,0.002306284,-0.01258478,0.01691967,0.999775,-0.002092789,0.000214657,-0.000431588,0.9999977,0.4252303,-0.01799312,0.02633974,-0.08156135,0.6054663,-0.824061,0.04728961,0.1081075,0.4343933,0.8614669,1
51.16746403,0.3060231,-0.3727227,1.152933,0.002246027,-0.01262278,0.01693463,0.9997744,-0.002068338,0.000140018,-0.000435134,0.9999977,0.4130134,0.008884161,-0.004202627,-0.08308554,0.5771636,-0.8413514,0.04550832,0.1205719,0.4271196,0.8693858,1
51.23708383,0.3060185,-0.3727237,1.152935,0.002290353,-0.01256555,0.0168767,0.9997759,-0.002034989,0.000122104,-0.000484164,0.9999977,0.4606595,0.02110111,-0.01397618,-0.0821448,0.543575,-0.8661782,0.04634373,0.137705,0.4280226,0.8775748,1
51.30715913,0.3060275,-0.3727299,1.152948,0.002222043,-0.01256869,0.01688733,0.9997759,-0.00209103,0.000133165,-0.000432961,0.9999977,0.4667679,-0.01677142,0.02633974,-0.08169416,0.5149714,-0.8846882,0.0426603,0.1521534,0.4234814,0.8776569,1
51.37750193,0.3060288,-0.372732,1.152937,0.002262282,-0.01260421,0.01687876,0.9997755,-0.002048357,9.03939E-05,-0.000416348,0.9999978,0.41057,0.01987941,-0.01764126,-0.08125472,0.4872457,-0.8931347,0.04360953,0.1673716,0.4180188,0.8783845,1
51.44710253,0.3060388,-0.3727191,1.152934,0.002299543,-0.0125457,0.01685322,0.9997767,-0.002048357,9.03939E-05,-0.000416348,0.9999978,0.3421551,0.08951599,-0.1837917,-0.08275715,0.4722333,-0.9032438,0.04186529,0.1817404,0.4080163,0.8909152,1
51.51739933,0.3060437,-0.3727195,1.152943,0.00223475,-0.0125658,0.01692215,0.9997754,-0.001991899,1.97073E-05,-0.000484878,0.9999977,0.3971314,0.02720958,-0.0530704,-0.07394584,0.4292428,-0.9257038,0.04003595,0.1913476,0.404381,0.8963045,1
51.58731333,0.3060332,-0.3727144,1.152916,0.00220959,-0.01259568,0.01692546,0.999775,-0.001989427,-4.90609E-06,-0.000555112,0.9999978,0.3494852,0.01743602,-0.0103111,-0.07005069,0.4034375,-0.9317117,0.03357674,0.2030452,0.4007571,0.9007689,1
51.65738203,0.3060217,-0.3727181,1.152925,0.002265812,-0.01256373,0.01687674,0.9997761,-0.00197369,-7.50014E-05,-0.00064595,0.9999977,0.3177212,0.03209636,-0.03474499,-0.06570007,0.3574962,-0.9448011,0.03541603,0.2191828,0.3971108,0.9185105,1
51.72714283,0.3060164,-0.3727174,1.152928,0.002269349,-0.01254312,0.01689813,0.999776,-0.001955762,-8.799E-05,-0.000628243,0.9999978,0.3690324,0.04920008,-0.006646017,-0.07138082,0.3499053,-0.9540445,0.03096178,0.2260288,0.3852983,0.9392503,1
51.79817633,0.3060216,-0.3727231,1.152942,0.002230085,-0.01257283,0.01688409,0.9997759,-0.001952746,-0.000119928,-0.000667303,0.9999978,0.3445985,-0.000889394,-0.004202627,-0.07412606,0.3275007,-0.9704399,0.0383484,0.2381326,0.3825481,0.933787,1
51.86817373,0.3060172,-0.3727176,1.152931,0.002286522,-0.01254596,0.01687782,0.9997763,-0.001868492,-0.000136476,-0.000663887,0.999998,0.3262731,0.01010586,-0.01153279,-0.0697062,0.3148691,-0.9766367,0.03020091,0.2441711,0.3707454,0.908478,1
51.93723873,0.3060215,-0.3727194,1.152948,0.00227388,-0.01258718,0.01689809,0.9997754,-0.001868492,-0.000136476,-0.000663887,0.999998,0.2358677,0.1029546,-0.2729754,-0.07122415,0.2957702,-0.9822632,0.02741573,0.2576311,0.368021,0.8870271,1
52.00817583,0.3060147,-0.3727284,1.15295,0.002287891,-0.01257189,0.01691885,0.9997753,-0.001850087,-0.000100282,-0.000612848,0.999998,0.2981741,0.01987941,-0.01886296,-0.06291099,0.2601112,-0.9881182,0.02746114,0.2681168,0.3625619,0.8775019,1
52.07705953,0.3060115,-0.3727262,1.152949,0.002268841,-0.01257492,0.01687235,0.999776,-0.00184052,-6.32583E-05,-0.000585809,0.999998,0.234646,-0.006997867,-0.009089405,-0.07032454,0.2496106,-0.998307,0.02660682,0.2729162,0.3571065,0.8774093,1
52.14719363,0.3060089,-0.3727257,1.152935,0.002256322,-0.012552,0.01689592,0.999776,-0.00184052,-6.32583E-05,-0.000585809,0.999998,0.2993958,0.01499263,-0.007867711,-0.06593557,0.2295564,-0.9943205,0.0303317,0.2803962,0.3534575,0.8681927,1
52.21734023,0.3060151,-0.372726,1.152934,0.002241476,-0.01254659,0.01687445,0.9997765,-0.001906149,-8.81054E-05,-0.000507924,0.999998,0.2273158,0.0003323,-0.02008465,-0.06277068,0.2089175,-0.9986845,0.02581988,0.2901068,0.3443727,0.8789253,1
52.28714193,0.3060293,-0.3727277,1.152933,0.002240565,-0.01259267,0.01689316,0.9997755,-0.001930537,-8.89669E-05,-0.00046273,0.999998,0.3348249,0.01621433,-0.01397618,-0.06403504,0.1857263,-1.016785,0.0286588,0.2957137,0.3389076,0.881565,1
52.35723904,0.3060389,-0.372722,1.152944,0.00228431,-0.01260555,0.01690676,0.999775,-0.001930537,-8.89669E-05,-0.00046273,0.999998,0.2884005,0.01377094,-0.1031599,-0.06653577,0.176877,-1.007325,0.02871241,0.3042918,0.3334489,0.8609032,1
52.42731903,0.3060345,-0.372716,1.152926,0.002288383,-0.01255308,0.01690239,0.9997758,-0.00194616,-2.47036E-05,-0.000389349,0.999998,0.2749619,0.02843127,-0.06895243,-0.06190106,0.1510641,-1.012839,0.02230798,0.3102644,0.3280075,0.8655444,1
52.49745193,0.3060313,-0.372719,1.152934,0.002278633,-0.01260061,0.01693415,0.9997746,-0.002106119,0.000101387,-0.000285457,0.9999976,0.2358677,0.01621433,-0.04696193,-0.06121857,0.1243777,-1.016631,0.01965304,0.3179942,0.3189185,0.8708451,1
52.56733853,0.3060311,-0.3727122,1.152928,0.002282924,-0.01259655,0.0169348,0.9997747,-0.002106119,0.000101387,-0.000285457,0.9999976,0.2187639,-0.01921481,-0.04574024,-0.06004621,0.09822308,-1.016742,0.02062409,0.3246291,0.3143674,0.8748254,1
52.63734443,0.3060244,-0.3727231,1.152948,0.002254514,-0.01256879,0.01690298,0.9997756,-0.002240522,0.000230526,-0.000254261,0.9999973,0.1149199,-0.01432803,-0.05062702,-0.06623148,0.08926234,-1.020069,0.01699677,0.3295382,0.3089191,0.8813503,1
52.70719613,0.3060239,-0.3727201,1.152942,0.002248814,-0.01256582,0.01689278,0.9997758,-0.002240522,0.000230526,-0.000254261,0.9999973,0.07460399,-0.008219562,-0.009089405,-0.06227662,0.09261277,-1.01937,0.01977388,0.3284747,0.3089122,0.8804499,1
52.77706363,0.3060136,-0.3727203,1.152921,0.002245764,-0.01255967,0.01690312,0.9997758,-0.002278767,0.000248325,-0.000256433,0.9999972,0.05627858,-0.01188464,-0.005424321,-0.06228268,0.08992366,-1.019577,0.01607111,0.333389,0.3080111,0.880031,1
52.84839313,0.3060144,-0.372729,1.152945,0.002251639,-0.0125439,0.01687595,0.9997764,-0.002308405,0.000208605,-0.000266931,0.9999972,0.006189108,0.01743602,-0.05673549,-0.05198826,0.06090975,-1.019133,0.01618215,0.3286136,0.3025556,0.8821474,1
52.91731923,0.3060125,-0.3727127,1.152929,0.002259539,-0.01258454,0.01689863,0.9997755,-0.002311411,0.000148422,-0.000312139,0.9999972,-0.05000884,-0.000889394,-0.009089405,-0.06134126,0.07111594,-1.018566,0.0161946,0.336241,0.2998255,0.8899182,1
52.98747573,0.3060255,-0.3727091,1.152936,0.002281832,-0.01258567,0.01689818,0.9997755,-0.002344326,0.000172027,-0.000309195,0.9999971,-0.1697349,0.01621433,-0.06162227,-0.06673747,0.08740783,-1.013899,0.01792799,0.3314082,0.3080068,0.8963556,1
53.05733603,0.3060344,-0.3727284,1.152927,0.00225926,-0.01253957,0.01692425,0.9997756,-0.002376472,0.000239051,-0.000269759,0.999997,0.2077687,-0.009441256,-0.007867711,-0.06229894,0.08785076,-1.010945,0.01241493,0.334486,0.305292,0.9085021,1
53.12812453,0.3060401,-0.3727324,1.152932,0.002234146,-0.01254938,0.01689845,0.999776,-0.002376472,0.000239051,-0.000269759,0.999997,-0.08177289,-0.000889394,0.000684153,-0.06256471,0.07353204,-1.022044,0.01524419,0.3353259,0.301647,0.9175705,1
53.19706733,0.306028,-0.3727143,1.152934,0.002254773,-0.01259068,0.01688937,0.9997756,-0.002344348,0.000277542,-0.000281511,0.9999971,-0.01580139,0.002775689,-0.0103111,-0.06405151,0.07112707,-1.021522,0.01520171,0.3381895,0.3034651,0.9025207,1
53.26756453,0.3060114,-0.3727172,1.152942,0.002251441,-0.01256493,0.0168921,0.9997759,-0.002272084,0.000225663,-0.000306411,0.9999972,-0.1355274,-0.003332783,-0.004202627,-0.06330485,0.07479939,-1.019853,0.01330089,0.3363591,0.307108,0.8915955,1
53.33716404,0.3060035,-0.3727304,1.152927,0.002255402,-0.01260078,0.01687577,0.9997756,-0.002232077,0.000193037,-0.00033516,0.9999974,-0.09398983,-0.005776173,-0.0103111,-0.06304833,0.07919614,-1.019424,0.01520303,0.3343752,0.3043755,0.8889702,1
53.40776154,0.3060071,-0.3727309,1.152935,0.002235793,-0.0125853,0.01687177,0.999776,-0.002229109,0.000187934,-0.00035723,0.9999973,-0.1123153,-0.000889394,0.004349235,-0.06377848,0.08536406,-1.016074,0.01426903,0.3296448,0.3061979,0.8901775,1
53.47729484,0.3060191,-0.3727217,1.15294,0.002218058,-0.01259599,0.01694566,0.9997746,-0.002245729,0.000197846,-0.000322375,0.9999974,-0.04512206,-0.005776173,-0.006646017,-0.06202969,0.09461074,-1.015957,0.01702973,0.3323965,0.3061901,0.8967091,1
53.54823854,0.3060323,-0.3727055,1.152928,0.002208389,-0.01259843,0.01689961,0.9997754,-0.002245729,0.000197846,-0.000322375,0.9999974,-0.004806144,0.002775689,-0.01397618,-0.06377438,0.08381394,-1.02195,0.01146174,0.3307105,0.3080236,0.8971606,1
53.61723254,0.3060388,-0.3727208,1.152936,0.002231201,-0.01257573,0.01695773,0.9997746,-0.002272873,0.000182598,-0.000329706,0.9999972,-0.04390037,0.006440773,-0.0103111,-0.06327955,0.08779924,-1.015862,0.01788961,0.333318,0.3098252,0.8894703,1
53.68739064,0.3060282,-0.3727241,1.15292,0.002226293,-0.01254781,0.01694965,0.9997752,-0.002256851,0.000174754,-0.000311964,0.9999973,-0.03168342,-0.01310634,-0.002980933,-0.06673105,0.0883382,-1.017107,0.0105333,0.3317008,0.3080257,0.8944459,1
53.75729644,0.3060193,-0.3727261,1.152936,0.002205962,-0.01255234,0.01696311,0.9997749,-0.002222473,0.000197658,-0.00031059,0.9999974,-0.04512206,-0.01432803,0.01045771,-0.05932764,0.08867627,-1.01734,0.01416619,0.3325125,0.3116538,0.8967648,1
53.82710584,0.3060151,-0.3727321,1.152952,0.002288519,-0.01257242,0.01696263,0.9997745,-0.002222473,0.000197658,-0.00031059,0.9999974,0.03917485,-0.004554478,0.000684153,-0.06328197,0.08732517,-1.014872,0.01610261,0.3295727,0.3071026,0.8992661,1
53.89838814,0.3060152,-0.3727357,1.152947,0.002219057,-0.01256685,0.01695741,0.9997748,-0.002208096,0.000254447,-0.000320633,0.9999974,-0.01580139,0.003997383,-0.000537541,-0.05908654,0.08547624,-1.018768,0.01609031,0.3324341,0.3071019,0.9037468,1
53.96720834,0.3060262,-0.3727388,1.152952,0.002208808,-0.01254722,0.0169383,0.9997755,-0.00215297,0.000241975,-0.000326242,0.9999975,-0.02435326,-0.01310634,-0.0103111,-0.06821906,0.08268834,-1.021453,0.01430198,0.3325031,0.3034689,0.8978046,1
54.03757804,0.3060237,-0.3727333,1.152933,0.002213689,-0.01255197,0.01694981,0.9997752,-0.002092329,0.00029004,-0.000299494,0.9999976,-0.06222578,-0.01799312,-0.009089405,-0.059346,0.08161396,-1.016009,0.01235737,0.3373506,0.3080196,0.890016,1
54.10947974,0.3060319,-0.3727214,1.152947,0.00221313,-0.01258276,0.01694157,0.9997749,-0.001993217,0.000248493,-0.000279436,0.9999979,-0.04634375,-0.008219562,-0.005424321,-0.06525292,0.08708106,-1.017577,0.0142951,0.3305965,0.3043787,0.8960642,1
54.17814934,0.3060181,-0.3727069,1.152915,0.002288011,-0.01263678,0.0169275,0.9997743,-0.002039886,0.000236008,-0.000314912,0.9999977,-0.02557495,0.01132755,-0.002980933,-0.05982805,0.08425243,-1.019981,0.0160862,0.3333879,0.3071016,0.8959383,1
54.24724834,0.3060197,-0.37273,1.152955,0.002265573,-0.01257104,0.01690559,0.9997756,-0.002089574,0.000234417,-0.000328491,0.9999977,-0.0365702,0.007662467,-0.001759239,-0.06476204,0.08735096,-1.015122,0.0207092,0.3293909,0.3080002,0.8934172,1
54.31768604,0.3060096,-0.3727286,1.15293,0.002244109,-0.01253997,0.01688593,0.9997764,-0.002095955,0.000195837,-0.00038853,0.9999976,-0.02924003,0.002775689,-0.01886296,-0.05956969,0.09188697,-1.015175,0.01512071,0.3324739,0.3098325,0.9005077,1
54.38705914,0.3060109,-0.3727224,1.152932,0.002248025,-0.01256071,0.01690367,0.9997758,-0.002095955,0.000195837,-0.00038853,0.9999976,-0.08177289,0.001553995,0.000684153,-0.06253782,0.08801806,-1.016601,0.0169392,0.3324028,0.3116467,0.9054341,1
54.45721915,0.3060168,-0.3727197,1.152945,0.002215776,-0.01256171,0.01686358,0.9997765,-0.002027728,4.33609E-05,-0.000408732,0.9999978,0.003745716,0.0003323,-0.000537541,-0.06203989,0.0877073,-1.020527,0.01420047,0.3315566,0.3098352,0.9029183,1
54.52731834,0.3060229,-0.3727201,1.152926,0.00225472,-0.01257658,0.01687887,0.9997759,-0.002027728,4.33609E-05,-0.000408732,0.9999978,-0.01946648,-0.01432803,-0.004202627,-0.06326877,0.0934429,-1.013978,0.01421278,0.3286952,0.3098359,0.8961555,1
54.59720425,0.306023,-0.3727074,1.152916,0.002243863,-0.01257533,0.01693234,0.9997751,-0.001960097,-4.1318E-05,-0.000418711,0.999998,-0.07810781,-0.008219562,0.001905847,-0.06622953,0.09199763,-1.016667,0.01514532,0.326751,0.3098339,0.901916,1
54.66733824,0.3060328,-0.3727031,1.152927,0.002308199,-0.01257007,0.01687094,0.999776,-0.001960097,-4.1318E-05,-0.000418711,0.999998,-0.09398983,-0.01066295,0.009236012,-0.05683455,0.09786209,-1.020415,0.0141785,0.3296511,0.3116545,0.8995801,1
54.73819614,0.3060327,-0.3727194,1.152929,0.002280173,-0.01261172,0.01690144,0.9997751,-0.00196568,-4.95134E-05,-0.000381534,0.9999979,-0.03168342,0.008884161,0.008014318,-0.06423753,0.0985219,-1.018723,0.01051544,0.3288415,0.3098453,0.8895782,1
54.80725704,0.3060278,-0.3727295,1.152929,0.00227067,-0.01261832,0.01694397,0.9997742,-0.001936897,-4.29538E-05,-0.000409214,0.9999979,-0.002362756,-0.004554478,-0.002980933,-0.05979875,0.09921252,-1.015527,0.01784567,0.3295069,0.3134639,0.8869166,1
54.87727584,0.3060252,-0.3727208,1.152936,0.002259886,-0.01256613,0.01692335,0.9997754,-0.001970724,-8.779E-06,-0.000412928,0.9999979,-0.1110936,0.008884161,-0.000537541,-0.06375417,0.09712189,-1.01354,0.01419359,0.32965,0.310745,0.8946507,1
54.94745584,0.3060237,-0.3727145,1.152937,0.002333087,-0.01257294,0.01688739,0.9997756,-0.002048142,-6.84989E-05,-0.000448789,0.9999977,-0.02313156,-0.01188464,-0.009089405,-0.062283,0.09143114,-1.016649,0.0151522,0.3286576,0.308924,0.90334,1
55.01732794,0.3060222,-0.372728,1.152936,0.002208368,-0.01257645,0.01691425,0.9997754,-0.002059059,-0.000160367,-0.000460539,0.9999977,-0.008471228,-0.008219562,0.009236012,-0.06202269,0.09578525,-1.019169,0.01603948,0.3267165,0.3116504,0.9018238,1
55.08738494,0.306027,-0.37273,1.152932,0.002238815,-0.01258857,0.01687522,0.9997758,-0.002038709,-0.000313935,-0.000556357,0.9999976,-0.06833426,-0.004554478,0.009236012,-0.06276314,0.09705615,-1.016732,0.01325006,0.3306415,0.3116566,0.8948537,1
55.15774734,0.3060365,-0.3727213,1.152946,0.002263331,-0.01257516,0.01693734,0.9997749,-0.002038709,-0.000313935,-0.000556357,0.9999976,-0.0585607,-0.01188464,-0.002980933,-0.06251699,0.09680712,-1.016728,0.01140271,0.3269004,0.3125717,0.8945687,1
55.22792894,0.3060244,-0.3727151,1.152938,0.002241695,-0.01258405,0.01691698,0.9997752,-0.002048234,-0.000342256,-0.000553108,0.9999977,0.01229758,-0.01188464,-0.004202627,-0.06448133,0.1010002,-1.016547,0.01328844,0.3287317,0.3098382,0.8953505,1
55.29732164,0.306022,-0.3727271,1.152952,0.002244042,-0.01255693,0.01686114,0.9997765,-0.002118173,-0.000324188,-0.000533884,0.9999976,-0.02068817,0.003997383,0.004349235,-0.06104029,0.09631793,-1.014751,0.01331862,0.3287297,0.3080193,0.896588,1
55.36856094,0.3060058,-0.3727336,1.152938,0.002228466,-0.01258275,0.0169123,0.9997754,-0.002135831,-0.000286165,-0.000464458,0.9999975,-0.02801834,0.006440773,-0.0103111,-0.05859623,0.08550199,-1.016309,0.01329532,0.3306383,0.3089283,0.9022673,1
55.43717254,0.3059975,-0.37272,1.152934,0.002276474,-0.01254252,0.01686405,0.9997766,-0.002167642,-0.000290057,-0.000443764,0.9999974,-0.02924003,-0.006997867,-0.004202627,-0.0647532,0.09025932,-1.016639,0.0169666,0.3295403,0.3107379,0.9049373,1
55.50847514,0.3060035,-0.3727183,1.152942,0.002269825,-0.01258601,0.01693424,0.9997748,-0.002150892,-0.000320839,-0.000452282,0.9999974,-0.06589086,0.001553995,-0.01397618,-0.0593239,0.08888488,-1.0198,0.01597371,0.3314887,0.3143776,0.9020656,1
55.57739324,0.3060167,-0.3727187,1.152934,0.002185794,-0.01259024,0.01692762,0.9997752,-0.002123823,-0.000323959,-0.000444451,0.9999975,-0.01213631,-0.002111089,-0.02252804,-0.05955806,0.09200675,-1.023778,0.01421688,0.3277414,0.3098361,0.8913437,1
55.64752044,0.3060272,-0.3727209,1.152918,0.002286582,-0.01259128,0.01688243,0.9997756,-0.002123823,-0.000323959,-0.000444451,0.9999975,-0.04634375,-0.003332783,-0.006646017,-0.05979754,0.09794563,-1.018703,0.01330763,0.3277769,0.308929,0.8776025,1
55.71722074,0.306043,-0.3727188,1.152928,0.002240194,-0.01259185,0.01691995,0.9997751,-0.002102623,-0.000396472,-0.000455043,0.9999974,-0.01824478,-0.01188464,-0.002980933,-0.06152434,0.09647237,-1.021636,0.01238198,0.3316277,0.308021,0.8758478,1
55.78743024,0.3060396,-0.3727072,1.152918,0.002254321,-0.01257077,0.0169169,0.9997754,-0.001988342,-0.000472118,-0.000477727,0.9999977,-0.05123053,-0.006997867,-0.007867711,-0.06129659,0.0909162,-1.017131,0.01608064,0.3276671,0.3089219,0.8737979,1
55.85719494,0.3060394,-0.3727044,1.152911,0.002281544,-0.01259439,0.01693583,0.9997747,-0.001883154,-0.000559402,-0.000509516,0.9999979,-0.07077765,-0.009441256,-0.001759239,-0.0593167,0.09507012,-1.014237,0.01140139,0.3307146,0.3116613,0.8839085,1
55.92728174,0.3060334,-0.3727311,1.152933,0.002241737,-0.01254886,0.01693066,0.9997754,-0.001870595,-0.00058539,-0.000540198,0.9999979,-0.008471228,-0.008219562,0.000684153,-0.06523003,0.09659899,-1.01796,0.01510972,0.3315211,0.3107422,0.8950981,1
55.99740634,0.3060236,-0.3727399,1.152943,0.002185232,-0.01254383,0.01695714,0.9997752,-0.001873118,-0.000572127,-0.000540262,0.9999979,-0.01824478,-0.008219562,0.001905847,-0.06005,0.09676179,-1.016475,0.0197711,0.3256143,0.3098223,0.894448,1
56.06730594,0.3060047,-0.3727351,1.15296,0.002209793,-0.01248613,0.01706961,0.999774,-0.001873118,-0.000572127,-0.000540262,0.9999979,0.0294013,0.003997383,-0.007867711,-0.06350549,0.09534051,-1.018183,0.01238886,0.3335342,0.3071111,0.8948976,1
56.13724255,0.3059926,-0.372743,1.152961,0.002176651,-0.01241566,0.0171992,0.9997727,-0.001960822,-0.000546229,-0.000563114,0.9999977,0.04039655,-0.01066295,-0.000537541,-0.06056371,0.08822665,-1.016353,0.01050313,0.3317029,0.3098446,0.893741,1
56.20848045,0.3059714,-0.3727391,1.152943,0.002172723,-0.01187744,0.01688919,0.9997845,-0.002129781,-0.000655218,-0.000634152,0.9999973,0.02084944,-0.003332783,0.008014318,-0.06254324,0.08682578,-1.014618,0.01334469,0.3296814,0.3062002,0.8991771,1
56.27751765,0.3059533,-0.372741,1.152981,0.002254068,-0.01123069,0.01698389,0.9997901,-0.00214653,-0.000671447,-0.000817493,0.9999971,0.01229758,0.007662467,-0.001759239,-0.06131401,0.07933145,-1.024583,0.01238754,0.3373485,0.3062007,0.9014739,1
56.34714035,0.3059126,-0.3727213,1.152963,0.002298216,-0.01048556,0.01702177,0.9997975,-0.002201845,-0.000649941,-0.000845746,0.9999969,-0.01946648,-0.01066295,-0.004202627,-0.06403179,0.08068053,-1.019448,0.01885511,0.3342321,0.3070943,0.8863354,1
56.41792655,0.3058936,-0.3727328,1.153007,0.002267003,-0.009760175,0.01691584,0.9998067,-0.002141924,-0.000617033,-0.000897075,0.999997,-0.06589086,-0.01066295,-0.02130635,-0.06205294,0.08534761,-1.014841,0.0114988,0.3326149,0.3052948,0.8867838,1
56.48793445,0.305865,-0.3727486,1.153044,0.002316181,-0.009025618,0.01692542,0.9998133,-0.002046627,-0.000568922,-0.001072512,0.9999971,-0.0805512,0.0003323,-0.004202627,-0.06427399,0.08314104,-1.018501,0.01241083,0.3354398,0.3052918,0.8966079,1
56.55837355,0.3058324,-0.372755,1.15305,0.002353116,-0.008365692,0.01699684,0.9998178,-0.002046627,-0.000568922,-0.001072512,0.9999971,-0.03779189,-0.01677142,-0.01153279,-0.06155748,0.08331009,-1.019971,0.01424163,0.3325073,0.3071066,0.8953964,1
56.62742805,0.30583,-0.3727505,1.15308,0.002333506,-0.007880854,0.01698133,0.9998221,-0.001955569,-0.000401664,-0.001095568,0.9999973,-0.004806144,-0.009441256,-0.01397618,-0.06056856,0.08276673,-1.022419,0.01703383,0.3314427,0.3061903,0.8886776,1
56.69761635,0.3058363,-0.3727443,1.153085,0.002404797,-0.007572065,0.01700791,0.9998238,-0.001929526,-0.000351068,-0.001045501,0.9999975,-0.03168342,-0.005776173,-0.01153279,-0.06230778,0.08193453,-1.014792,0.01888528,0.33423,0.3052754,0.8839043,1
56.76832964,0.3058528,-0.3727487,1.153095,0.002344108,-0.00742599,0.01696723,0.9998257,-0.00192568,-0.000318001,-0.001081943,0.9999974,-0.009692922,-0.005776173,-0.006646017,-0.06330364,0.07503643,-1.020348,0.01519614,0.3324686,0.3052854,0.8935658,1
56.83727544,0.3058578,-0.3727471,1.153082,0.002308183,-0.007345798,0.01691013,0.9998274,-0.00192568,-0.000318001,-0.001081943,0.9999974,-0.02190987,-0.002111089,-0.01275449,-0.05860786,0.07936651,-1.018432,0.01332008,0.3354043,0.3061988,0.8925623,1
56.90746105,0.3058456,-0.3727382,1.153077,0.002333069,-0.007294451,0.016971,0.9998267,-0.001935057,-0.000255716,-0.001100621,0.9999973,-0.03779189,-0.01188464,-0.002980933,-0.06477935,0.07676764,-1.020868,0.01056216,0.335513,0.3052965,0.8920687,1
56.97711305,0.3058256,-0.3727466,1.153083,0.002365865,-0.007244405,0.0169582,0.9998271,-0.001935057,-0.000255716,-0.001100621,0.9999973,-0.02679664,-0.006997867,-0.01275449,-0.06477924,0.07776907,-1.019162,0.01426639,0.3372732,0.3043771,0.8879772,1
57.04767085,0.3058092,-0.3727623,1.153092,0.002352953,-0.007190853,0.01695816,0.9998276,-0.001920739,-0.000207017,-0.000989107,0.9999976,-0.04023528,0.003997383,-0.009089405,-0.06428766,0.07627669,-1.020368,0.01430887,0.3344097,0.302559,0.887351,1
57.11733665,0.3057899,-0.3727542,1.153082,0.002372131,-0.007107788,0.01697592,0.9998279,-0.001922157,-0.000178624,-0.000939941,0.9999976,-0.02190987,-0.004554478,-0.01153279,-0.06749144,0.08106062,-1.014792,0.01337355,0.3334935,0.303471,0.8885663,1
57.18719284,0.3057807,-0.3727479,1.153093,0.002444156,-0.007115833,0.01711369,0.9998253,-0.001976962,-9.3998E-05,-0.000787264,0.9999977,0.002524022,0.01010586,-0.001759239,-0.061584,0.07458498,-1.015422,0.01614245,0.3343376,0.3034637,0.8999252,1
57.25755094,0.3057775,-0.3727517,1.153096,0.002358063,-0.006968557,0.0170053,0.9998283,-0.001976962,-9.3998E-05,-0.000787264,0.9999977,0.002524022,-0.004554478,-0.01397618,-0.06627062,0.07466365,-1.016417,0.01705448,0.3371625,0.3034606,0.9084063,1
57.32731494,0.3057775,-0.3727641,1.1531,0.002425085,-0.006840065,0.01692777,0.9998304,-0.001936492,8.77209E-05,-0.000431472,0.9999979,0.003745716,-0.003332783,-0.006646017,-0.05887605,0.07058943,-1.017815,0.01340372,0.3334914,0.3016522,0.9099979,1
57.39719784,0.3057706,-0.3727615,1.153104,0.00240265,-0.006749503,0.01699973,0.9998299,-0.001979581,0.000483888,-0.000635257,0.9999976,-0.02435326,-0.01432803,-0.002980933,-0.06430487,0.06819873,-1.021726,0.01245478,0.3392509,0.3016532,0.9062638,1
57.46732105,0.3057784,-0.3727376,1.153091,0.002377096,-0.006718612,0.016898,0.9998319,-0.002043101,0.000554423,-0.00068478,0.9999975,-0.02801834,-0.004554478,-0.01764126,-0.05764161,0.06980414,-1.019767,0.01338731,0.3373067,0.3016513,0.8963155,1
57.53808524,0.3058015,-0.3727513,1.153103,0.002404086,-0.006715138,0.01683285,0.9998329,-0.002071475,0.00055133,-0.000673806,0.9999974,-0.04512206,-0.003332783,-0.004202627,-0.06824762,0.07173043,-1.019329,0.01892235,0.3361345,0.3025467,0.8935099,1
57.60738765,0.3058111,-0.3727556,1.153077,0.002387946,-0.006758512,0.01680013,0.9998333,-0.00207463,0.000532582,-0.000682959,0.9999975,0.0281796,-0.01066295,-0.005424321,-0.05838975,0.06865495,-1.01582,0.01612604,0.3381529,0.3034627,0.8949422,1
57.67744344,0.3058251,-0.3727562,1.153086,0.002333555,-0.00673018,0.01676731,0.9998341,-0.001939003,0.000559881,-0.000618509,0.9999977,-0.01702309,-0.01188464,0.005570929,-0.06578168,0.07069433,-1.020045,0.01064038,0.3383681,0.2998393,0.9021145,1
57.74750634,0.3058325,-0.3727528,1.1531,0.002381725,-0.006752859,0.01668484,0.9998353,-0.001939003,0.000559881,-0.000618509,0.9999977,-0.04512206,-0.002111089,-0.02130635,-0.06210213,0.06008387,-1.022587,0.009689972,0.337453,0.3016607,0.8965581,1
57.81710105,0.3058353,-0.372749,1.153093,0.002345036,-0.006739538,0.01660648,0.9998367,-0.001938332,0.000557622,-0.000676244,0.9999977,-0.02679664,-0.01677142,-0.0103111,-0.06528643,0.07266966,-1.017861,0.01433084,0.3363152,0.3007397,0.8899181,1
57.88739374,0.3058361,-0.3727511,1.153075,0.002321143,-0.006815115,0.01663115,0.9998359,-0.00189412,0.000595232,-0.000697205,0.9999977,-0.07322104,-0.002111089,-0.006646017,-0.06183219,0.07109729,-1.020533,0.0134065,0.3363518,0.3007421,0.8920708,1
57.95738804,0.3058445,-0.3727582,1.15307,0.002290196,-0.006823087,0.01648695,0.9998383,-0.001884026,0.000614677,-0.00071466,0.9999977,-0.03046173,-0.009441256,-0.006646017,-0.06628325,0.06879006,-1.017316,0.01711073,0.3381121,0.2998227,0.8918183,1
58.02711134,0.3058473,-0.3727639,1.153099,0.002253874,-0.006881375,0.01644673,0.9998387,-0.00187833,0.000673082,-0.000726546,0.9999978,0.03550977,-0.002111089,-0.001759239,-0.06061564,0.06399633,-1.020182,0.01435281,0.3382208,0.2989204,0.895997,1
58.09870554,0.3058378,-0.3727687,1.153089,0.002238074,-0.007012808,0.016459,0.9998375,-0.001898076,0.000718232,-0.000779516,0.9999974,-0.04390037,-0.008219562,-0.000537541,-0.06529474,0.06724882,-1.021223,0.01246986,0.3392498,0.3007438,0.8939996,1
58.16716955,0.3058234,-0.3727784,1.153079,0.002242993,-0.007261536,0.01644963,0.9998359,-0.001898076,0.000718232,-0.000779516,0.9999974,-0.06466917,-0.01188464,-0.005424321,-0.06332863,0.06353694,-1.021902,0.01434051,0.3410822,0.2989197,0.8882764,1
58.23731245,0.3058175,-0.3727839,1.153081,0.00225866,-0.007470904,0.01640604,0.999835,-0.001834368,0.000678995,-0.00075773,0.9999978,-0.03168342,0.0003323,-0.0103111,-0.06185892,0.06187324,-1.016714,0.01712582,0.3381111,0.2989132,0.8870062,1
58.30739155,0.3058247,-0.3727845,1.153091,0.002207402,-0.007657465,0.01642774,0.9998333,-0.001826764,0.000667801,-0.000748361,0.9999977,0.008632496,-0.009441256,0.006792624,-0.06159562,0.06694557,-1.020227,0.01523599,0.3372335,0.3016465,0.895578,1
58.37833206,0.3058455,-0.3727831,1.153097,0.002303188,-0.007743363,0.01638506,0.9998332,-0.001854497,0.00070563,-0.000724132,0.9999978,-0.02435326,-0.000889394,-0.007867711,-0.06357741,0.06281296,-1.021647,0.01154553,0.3392864,0.3007461,0.8937262,1
58.44726886,0.3058603,-0.3727754,1.153075,0.002282924,-0.007740228,0.01638709,0.9998333,-0.001863069,0.000754465,-0.000713456,0.9999976,-0.07810781,-0.01554973,-0.002980933,-0.06161803,0.05667034,-1.021553,0.01524287,0.3391401,0.3007367,0.8884488,1
58.51751256,0.305875,-0.3727661,1.15306,0.002273299,-0.007736003,0.01636503,0.9998336,-0.001944994,0.00081727,-0.000670452,0.9999974,-0.08421628,-0.009441256,-0.004202627,-0.06431545,0.06606186,-1.017517,0.0152168,0.3381884,0.3025557,0.8882006,1
58.58737206,0.3058719,-0.372761,1.153058,0.002318988,-0.00772272,0.01629698,0.9998348,-0.002005283,0.00087248,-0.000594595,0.9999973,-0.07932951,0.005219078,-0.009089405,-0.06283516,0.0650311,-1.019219,0.01335304,0.3382626,0.3034698,0.894627,1
58.65720246,0.3058667,-0.3727574,1.153047,0.002295986,-0.00774971,0.01628202,0.9998348,-0.002056451,0.000953808,-0.000457423,0.9999972,-0.04267867,0.001553995,-0.006646017,-0.06430855,0.06773887,-1.019753,0.01521812,0.3343742,0.303466,0.8958958,1
58.72726846,0.3058749,-0.3727742,1.153054,0.002277344,-0.007987669,0.01643797,0.9998304,-0.002056451,0.000953808,-0.000457423,0.9999972,-0.08421628,-0.01066295,-0.004202627,-0.0625717,0.07235754,-1.018833,0.01523731,0.3334193,0.3025568,0.8945641,1
58.79729816,0.3058959,-0.3727825,1.153053,0.002292615,-0.00832375,0.01638698,0.9998285,-0.002022412,0.001017577,-0.000364326,0.9999973,-0.05489562,0.002775689,-0.0103111,-0.06231893,0.07353782,-1.021307,0.01612736,0.3343386,0.3043731,0.8934051,1
58.86745065,0.305908,-0.3727776,1.153022,0.002234922,-0.008603453,0.01635798,0.9998267,-0.001961533,0.000996168,-0.000326994,0.9999976,-0.03046173,0.003997383,-0.007867711,-0.0613311,0.07526278,-1.018872,0.01336944,0.3344473,0.3034708,0.889002,1
58.93738686,0.3059245,-0.3727643,1.15302,0.002300099,-0.008902537,0.01639755,0.9998233,-0.001974481,0.000972805,-0.000360625,0.9999974,-0.10132,0.007662467,0.000684153,-0.06329601,0.07770776,-1.021369,0.01154407,0.3326118,0.3025665,0.8887644,1
59.00745875,0.305925,-0.3727675,1.153021,0.002241248,-0.009048092,0.01632666,0.9998233,-0.001974481,0.000972805,-0.000360625,0.9999974,-0.09643323,-0.002111089,0.008014318,-0.0571189,0.08350177,-1.017505,0.01517007,0.3315169,0.3071045,0.8859729,1
59.07701525,0.3059202,-0.3727608,1.152997,0.002264778,-0.009246669,0.01635005,0.999821,-0.001978535,0.000990922,-0.000353024,0.9999974,-0.08543798,0.003997383,-0.005424321,-0.06476203,0.08434311,-1.020486,0.0114906,0.3345226,0.3052944,0.8891473,1
59.14753875,0.3059191,-0.3727739,1.152995,0.002262842,-0.009511766,0.01631731,0.999819,-0.001988476,0.000926306,-0.00037463,0.9999975,-0.0353485,-0.008219562,-0.004202627,-0.06253982,0.08703795,-1.016833,0.01883314,0.3323265,0.3089136,0.8881774,1
59.21718595,0.3059227,-0.3727797,1.152991,0.002200341,-0.009774462,0.01631759,0.9998167,-0.00210652,0.000975415,-0.000278728,0.9999972,-0.06589086,-0.01310634,0.003127541,-0.0630304,0.0867645,-1.019533,0.01792799,0.3314082,0.3080068,0.8944234,1
59.28718275,0.3059317,-0.3727713,1.152968,0.002293761,-0.01009523,0.01625983,0.9998142,-0.002178042,0.000994731,-0.000275738,0.999997,-0.06833426,0.0003323,-0.004202627,-0.05686202,0.08764372,-1.01781,0.01330631,0.3315911,0.3080187,0.8923828,1
59.35739785,0.3059517,-0.3727728,1.152974,0.002326267,-0.01040936,0.01628672,0.9998105,-0.002240008,0.001026688,-0.000271106,0.9999968,-0.04756545,-0.004554478,-0.004202627,-0.06623727,0.08832487,-1.017352,0.01610261,0.3295727,0.3071026,0.8935726,1
59.42740884,0.3059657,-0.3727501,1.152939,0.002312588,-0.01065096,0.01627929,0.9998081,-0.002240008,0.001026688,-0.000271106,0.9999968,-0.04267867,-0.004554478,-0.002980933,-0.05906571,0.09576923,-1.016213,0.0169748,0.3276327,0.3107384,0.8953895,1
59.49714915,0.3059931,-0.3727363,1.152932,0.002360125,-0.01089903,0.01632352,0.9998046,-0.002289976,0.001000501,-0.000320656,0.9999967,-0.03901359,-0.005776173,-0.000537541,-0.06720493,0.09715125,-1.016253,0.01886595,0.324696,0.3089155,0.8979025,1
59.56756075,0.3060111,-0.3727427,1.152931,0.002426159,-0.01109097,0.01632322,0.9998023,-0.002235607,0.000930386,-0.000330073,0.9999969,0.03917485,-0.01677142,-0.001759239,-0.05733795,0.09422398,-1.019381,0.01329943,0.3296845,0.3089285,0.8968455,1
59.63709575,0.3060181,-0.3727267,1.152876,0.002423638,-0.01127838,0.01636462,0.9997995,-0.002174231,0.000774005,-0.000371769,0.9999972,-0.002362756,-0.008219562,-0.002980933,-0.06525371,0.08633798,-1.018304,0.0133214,0.33159,0.3071092,0.8918231,1
59.70779755,0.3060203,-0.372732,1.1529,0.002410048,-0.0112944,0.01640994,0.9997987,-0.002046993,0.000704992,-0.000429447,0.9999974,-0.01580139,-0.01310634,-0.02497143,-0.059583,0.0847678,-1.017776,0.01699955,0.3323986,0.308009,0.8891762,1
59.77734655,0.3060119,-0.3727292,1.152895,0.002481019,-0.01134977,0.01653715,0.9997959,-0.002046993,0.000704992,-0.000429447,0.9999974,-0.03168342,-0.003332783,-0.007867711,-0.06277661,0.09069073,-1.017869,0.01422376,0.329648,0.3089262,0.884414,1
59.84729335,0.3059993,-0.3727242,1.152893,0.002587491,-0.01132361,0.01664389,0.9997941,-0.001962632,0.000669262,-0.000514264,0.9999976,-0.05245223,-0.002111089,0.001905847,-0.06031404,0.08768729,-1.01954,0.01426082,0.3315524,0.3061974,0.8858299,1
59.91719376,0.3059926,-0.3727127,1.152881,0.002619066,-0.01131434,0.01683572,0.9997908,-0.001935386,0.000709747,-0.000443777,0.9999977,-0.004806144,-0.01066295,-0.01153279,-0.0637669,0.08723902,-1.021508,0.01332828,0.3334966,0.3061993,0.8838506,1
59.98731545,0.3059829,-0.3727068,1.152877,0.002724342,-0.01126215,0.0169026,0.99979,-0.001904464,0.000781885,-0.000386173,0.9999979,-0.05611731,-0.01432803,-0.01519788,-0.0632764,0.08625979,-1.021001,0.01609031,0.3324341,0.3071019,0.8778877,1
60.05752815,0.3059742,-0.3726863,1.152871,0.002861802,-0.01127312,0.01699567,0.9997879,-0.001813926,0.00083315,-0.000321355,0.9999979,-0.02557495,-0.008219562,-0.006646017,-0.06624053,0.08435111,-1.021964,0.01422522,0.3363225,0.3071057,0.8742709,1
60.12719195,0.3059703,-0.3726763,1.152898,0.003028658,-0.01118709,0.01706388,0.9997873,-0.001793851,0.000874735,-0.000297776,0.9999979,-0.01946648,-0.01188464,-0.007867711,-0.06180079,0.08503107,-1.019505,0.01700366,0.3314448,0.3080092,0.8720374,1
60.19765355,0.3059534,-0.3726804,1.152903,0.003195765,-0.01110007,0.01719227,0.9997855,-0.001768559,0.000858526,-0.000305622,0.999998,0.004967414,0.001553995,-0.01397618,-0.06255003,0.08163843,-1.018721,0.01609031,0.3324341,0.3071019,0.8767755,1
60.26711336,0.305941,-0.3726674,1.152904,0.003364959,-0.01087669,0.01727942,0.9997859,-0.001768559,0.000858526,-0.000305622,0.999998,-0.0585607,-0.003332783,-0.01153279,-0.06131406,0.08108662,-1.021413,0.01055806,0.3364668,0.3052963,0.8854496,1
60.33758926,0.3059299,-0.3726473,1.152899,0.003540857,-0.01061263,0.01723324,0.9997889,-0.001675277,0.000749447,-0.00024207,0.9999983,-0.008471228,-0.01310634,-0.007867711,-0.05958958,0.08158332,-1.018467,0.01798014,0.3333117,0.3043686,0.8974439,1
60.40750065,0.305924,-0.3726413,1.152905,0.003683485,-0.01035348,0.01728865,0.9997902,-0.001710074,0.000705365,-0.000176814,0.9999983,-0.01946648,-0.002111089,-0.007867711,-0.06478697,0.07560023,-1.017165,0.01429788,0.3334569,0.3034686,0.8990596,1
60.47764325,0.3059231,-0.3726364,1.152905,0.003801893,-0.01012952,0.01716387,0.9997941,-0.001710074,0.000705365,-0.000176814,0.9999983,-0.02435326,0.001553995,-0.004202627,-0.06477914,0.07576265,-1.022819,0.01516597,0.3324707,0.3071042,0.8978941,1
60.54732405,0.3059276,-0.3726297,1.152906,0.003983403,-0.009996081,0.01695583,0.9997984,-0.001699857,0.000701482,-0.00010527,0.9999982,0.006189108,-0.006997867,-0.0103111,-0.06723944,0.07848997,-1.023356,0.01518926,0.3305621,0.3061953,0.8849974,1
60.61764815,0.3059358,-0.3726307,1.152913,0.00412916,-0.009927532,0.01675688,0.9998018,-0.001817469,0.000622112,-0.000164482,0.9999981,-0.02190987,-0.000889394,-0.009089405,-0.05935747,0.07472473,-1.019596,0.01245053,0.3297158,0.3043837,0.8759633,1
60.68723646,0.3059308,-0.3726096,1.152898,0.004431716,-0.009814903,0.0167066,0.9998024,-0.001900623,0.000588811,-0.000293892,0.9999979,-0.013358,-0.01921481,-0.007867711,-0.06577285,0.07510663,-1.01888,0.01057036,0.3336053,0.305297,0.880491,1
60.75802956,0.3059354,-0.3726195,1.152928,0.004670709,-0.009664231,0.01664421,0.9998039,-0.001900623,0.000588811,-0.000293892,0.9999979,-0.07199934,0.005219078,-0.001759239,-0.06009803,0.07349026,-1.021546,0.0161177,0.3295716,0.3061931,0.884428,1
60.82739976,0.3059264,-0.3726049,1.152935,0.004977352,-0.00948783,0.01636178,0.9998087,-0.001953374,0.000492781,-0.000458748,0.9999977,-0.03168342,0.003997383,-0.009089405,-0.06527917,0.07709972,-1.015467,0.01428001,0.3305976,0.3052882,0.8854053,1
60.89763786,0.3059193,-0.372599,1.152955,0.005302644,-0.009385821,0.0162713,0.9998096,-0.001905959,0.000424274,-0.000552411,0.9999979,-0.04390037,-0.004554478,-0.005424321,-0.05639559,0.07390167,-1.021789,0.01334747,0.3325418,0.3052901,0.8935024,1
60.96718506,0.3059072,-0.372592,1.152945,0.005617855,-0.009365175,0.01619487,0.9998093,-0.001923205,0.000439408,-0.000664444,0.9999978,-0.03901359,-0.005776173,-0.004202627,-0.07019875,0.08053729,-1.020936,0.01888939,0.3332762,0.3052757,0.8881425,1
61.03940086,0.3059013,-0.3725643,1.152935,0.006053511,-0.009319857,0.0161584,0.9998078,-0.00198323,0.000444005,-0.000702904,0.9999976,-0.006027838,-0.01310634,-0.0103111,-0.05539467,0.08224685,-1.017483,0.01616296,0.3295685,0.3034648,0.8840633,1
61.10721306,0.3059017,-0.3725406,1.15293,0.006242797,-0.009167843,0.01616561,0.9998078,-0.001988808,0.000424165,-0.000699696,0.9999976,-0.009692922,-0.01188464,-0.0103111,-0.06576338,0.07800789,-1.020888,0.01422522,0.3363225,0.3071057,0.8884677,1
61.17888366,0.3059058,-0.3725279,1.152928,0.006450284,-0.0089879,0.01613156,0.9998087,-0.001988808,0.000424165,-0.000699696,0.9999976,0.01962775,-0.01066295,0.008014318,-0.06132637,0.07972126,-1.014512,0.01333927,0.3344494,0.3052897,0.8889304,1
61.24742535,0.3058992,-0.3725272,1.152924,0.006530568,-0.008816607,0.01623607,0.999808,-0.002029975,0.000395214,-0.000722548,0.9999977,0.002524022,-0.005776173,0.008014318,-0.06355563,0.07159137,-1.022511,0.01797472,0.3380797,0.303458,0.8970631,1
61.31828386,0.3058923,-0.372543,1.152942,0.006564702,-0.008599723,0.01620138,0.9998102,-0.002035984,0.000413928,-0.000677842,0.9999975,-0.03168342,-0.000889394,-0.0103111,-0.05836428,0.07638929,-1.021338,0.01526338,0.3343711,0.3007378,0.8888941,1
61.38719266,0.3058764,-0.3725595,1.152952,0.006394209,-0.008453332,0.01611395,0.999814,-0.001946413,0.000364046,-0.000646962,0.9999977,-0.02924003,-0.000889394,-0.0103111,-0.06478845,0.0751155,-1.016912,0.01616853,0.3352893,0.3016446,0.8858261,1
61.45731136,0.305865,-0.3725753,1.152966,0.006134083,-0.008335521,0.01612789,0.9998164,-0.001859496,0.000421508,-0.000634866,0.9999979,-0.04023528,-0.008219562,-0.01153279,-0.063544,0.07772686,-1.020387,0.01616443,0.3362431,0.3016444,0.8914361,1
61.52717266,0.3058617,-0.3725905,1.152972,0.005658288,-0.008226681,0.01612559,0.9998201,-0.001859496,0.000421508,-0.000634866,0.9999979,-0.05611731,-0.003332783,-0.000537541,-0.06157642,0.07449971,-1.021319,0.01428968,0.3353646,0.3034682,0.8883024,1
61.59740746,0.3058696,-0.3726095,1.15298,0.005311125,-0.008112113,0.01614575,0.9998226,-0.001835047,0.000453003,-0.000707451,0.9999979,-0.02313156,0.001553995,-0.005424321,-0.06577873,0.07316771,-1.017869,0.01619592,0.3324268,0.3007359,0.8856603,1
61.66741756,0.3058859,-0.3726331,1.153003,0.004859958,-0.008040216,0.01610035,0.9998263,-0.001897427,0.000499119,-0.000695488,0.9999978,0.02207113,-0.003332783,-0.000537541,-0.06282401,0.07041995,-1.018068,0.01242592,0.3354388,0.3043824,0.8912172,1
61.73714647,0.3058804,-0.3726461,1.152994,0.004413961,-0.007986487,0.01608693,0.999829,-0.001897427,0.000499119,-0.000695488,0.9999978,-0.02190987,-0.01066295,-0.01397618,-0.06774659,0.07464324,-1.019861,0.01064448,0.3374143,0.2998395,0.894775,1
61.80725077,0.3058694,-0.3726757,1.153012,0.003936201,-0.007911446,0.01617772,0.9998301,-0.001954662,0.00048997,-0.000706792,0.9999976,-0.02313156,-0.01310634,-0.01641957,-0.05886837,0.07451345,-1.016643,0.01426639,0.3372732,0.3043771,0.8939383,1
61.87801847,0.3058559,-0.3726778,1.152996,0.003618177,-0.00788372,0.01635895,0.9998286,-0.001953394,0.000489045,-0.000732421,0.9999976,-0.04756545,-0.009441256,-0.001759239,-0.06331753,0.06917705,-1.020263,0.01152356,0.3373809,0.3025654,0.8984438,1
61.94719147,0.3058547,-0.3726971,1.153009,0.003429784,-0.007886955,0.01648142,0.9998273,-0.001881549,0.00054586,-0.000674379,0.9999977,0.02084944,-0.01432803,-0.000537541,-0.06529337,0.06823605,-1.0205,0.01527026,0.3362776,0.2998279,0.8948491,1
62.01720027,0.3058557,-0.3727083,1.153002,0.003330013,-0.007916877,0.01663377,0.9998248,-0.001845933,0.000649262,-0.000624914,0.9999978,0.008632496,-0.01066295,0.001905847,-0.0618424,0.0672017,-1.01974,0.01431853,0.3391767,0.300739,0.8911774,1
62.08762267,0.3058626,-0.3727027,1.15301,0.003298916,-0.0079061,0.01669758,0.9998239,-0.001792113,0.000671952,-0.00059781,0.9999979,-0.04023528,-0.005776173,-0.002980933,-0.06233276,0.0674272,-1.02171,0.009738018,0.3403102,0.2980223,0.8899978,1
62.15718947,0.3058689,-0.3726935,1.153007,0.003315165,-0.007909381,0.01669553,0.9998239,-0.001760848,0.000719385,-0.000535895,0.999998,-0.02190987,-0.01799312,0.003127541,-0.06481875,0.06192125,-1.017459,0.01430066,0.3363173,0.3025585,0.8881943,1
62.22722837,0.3058549,-0.3726829,1.15297,0.003323355,-0.007858443,0.01679374,0.9998226,-0.001760848,0.000719385,-0.000535895,0.999998,-0.04145698,0.006440773,-0.009089405,-0.06778699,0.05705091,-1.020591,0.01709154,0.339067,0.3007319,0.8940889,1
62.29746997,0.3058555,-0.3726893,1.152987,0.003376166,-0.007890017,0.01683624,0.9998214,-0.00174032,0.000766351,-0.000469989,0.999998,-0.05245223,0.001553995,0.001905847,-0.06579673,0.0658506,-1.017272,0.01247675,0.3411564,0.2998338,0.8946398,1
62.36738627,0.3058484,-0.3726828,1.152959,0.003412701,-0.008028678,0.01678905,0.999821,-0.001847787,0.000725358,-0.000431535,0.9999978,-0.06833426,-0.005776173,-0.004202627,-0.0643096,0.06825202,-1.01804,0.01616311,0.3400573,0.300734,0.8994257,1
62.43702318,0.3058508,-0.3726711,1.152929,0.003576529,-0.0082193,0.0168563,0.9998177,-0.00193216,0.000859695,-0.000372059,0.9999976,-0.001141062,-0.009441256,-0.02008465,-0.0662802,0.06925703,-1.018797,0.01520859,0.340096,0.3025552,0.9010624,1
62.50788107,0.3058597,-0.3726723,1.152938,0.003732977,-0.00841187,0.01703371,0.9998126,-0.00193216,0.000859695,-0.000372059,0.9999976,-0.02068817,-0.008219562,-0.01153279,-0.06776389,0.06706778,-1.020244,0.01710253,0.3400197,0.2998222,0.8986161,1
62.57716417,0.3058519,-0.3726505,1.152904,0.003846851,-0.008576626,0.01707249,0.9998101,-0.001953006,0.000915636,-0.000293173,0.9999975,-0.001141062,-0.000889394,-0.004202627,-0.06431571,0.06581417,-1.017759,0.01338321,0.3382605,0.301651,0.895473,1
62.64729587,0.3058485,-0.3726313,1.152913,0.00404219,-0.008584321,0.01714294,0.9998081,-0.001865429,0.001041949,-8.12104E-05,0.9999976,-0.02313156,-0.01432803,-0.009089405,-0.06308579,0.06558111,-1.015296,0.01710663,0.3390659,0.2998225,0.9008068,1
62.71752547,0.3058473,-0.3726272,1.152917,0.004196442,-0.00862407,0.0171863,0.9998063,-0.001814011,0.001125462,9.41847E-06,0.9999976,-0.02313156,-0.01188464,0.000684153,-0.06727737,0.05811261,-1.030927,0.01710663,0.3390659,0.2998225,0.901047,1
62.78714646,0.3058566,-0.3726205,1.152923,0.004514781,-0.008603238,0.01700038,0.9998083,-0.001805874,0.00118776,4.74043E-06,0.9999976,0.001302328,-0.009441256,-0.000537541,-0.05865205,0.0618168,-1.016213,0.01707646,0.339068,0.3016413,0.8780969,1
62.85839486,0.3058542,-0.3726027,1.1529,0.004805707,-0.00860156,0.01686258,0.9998093,-0.001805874,0.00118776,4.74043E-06,0.9999976,-0.03779189,-0.006997867,-0.009089405,-0.06185786,0.06136009,-1.018427,0.01531831,0.3391349,0.2961895,0.8892369,1
62.92731016,0.3058626,-0.3725929,1.152927,0.005155796,-0.008684352,0.01684324,0.9998072,-0.001839553,0.0011504,-5.98002E-05,0.9999976,-0.04267867,-0.01066295,-0.002980933,-0.06161609,0.05940563,-1.018152,0.01890184,0.3409036,0.3025455,0.8975987,1
62.99734446,0.3058649,-0.372573,1.152932,0.005622137,-0.008671591,0.01693239,0.9998032,-0.001906697,0.00116071,-9.87826E-05,0.9999973,-0.03046173,0.002775689,-0.01153279,-0.06628835,0.0660903,-1.01826,0.01609997,0.3372011,0.3052819,0.9015568,1
63.06781066,0.3058533,-0.3725315,1.152901,0.006312095,-0.008791031,0.01715778,0.9997942,-0.001906697,0.00116071,-9.87826E-05,0.9999973,-0.03046173,-0.002111089,-0.01397618,-0.06110926,0.06475984,-1.018719,0.01526484,0.3410457,0.2989173,0.9021456,1
63.13743496,0.3058609,-0.3724832,1.152883,0.007203779,-0.008930582,0.01712015,0.9997876,-0.001937314,0.001217725,-0.000126442,0.9999973,0.01351927,-0.01188464,-0.005424321,-0.06678391,0.06411854,-1.020199,0.009787383,0.3393533,0.2952942,0.9008509,1
63.20705006,0.3058702,-0.3724416,1.15287,0.008085406,-0.009010165,0.01719899,0.9997789,-0.001978865,0.001271126,-7.40886E-05,0.9999971,-0.04634375,0.0003323,-0.007867711,-0.06357762,0.06381795,-1.019695,0.01251923,0.3382929,0.2980157,0.8966092,1
63.27726346,0.3058721,-0.372402,1.152858,0.008960095,-0.008975094,0.01736884,0.9997687,-0.001978865,0.001271126,-7.40886E-05,0.9999971,-0.05367392,0.0003323,-0.006646017,-0.06135888,0.06354403,-1.018703,0.01525796,0.3391391,0.2998272,0.8956954,1
63.34742756,0.3058609,-0.3723567,1.152803,0.009926039,-0.00893868,0.01734714,0.9997604,-0.001934052,0.001343885,9.45106E-06,0.9999971,-0.06222578,0.006440773,-0.004202627,-0.06579641,0.06434312,-1.0202,0.01618229,0.3391025,0.2998248,0.8968984,1
63.41728806,0.305846,-0.3723079,1.152802,0.01085063,-0.008878928,0.01737778,0.9997507,-0.001934052,0.001343885,9.45106E-06,0.9999971,-0.06466917,-0.009441256,-0.01275449,-0.06160604,0.06555889,-1.0148,0.01163327,0.3364197,0.2961996,0.897615,1
63.48727506,0.3058227,-0.3722554,1.152802,0.01182657,-0.008800362,0.01785504,0.9997319,-0.001885057,0.001422476,0.000146195,0.9999971,-0.06955595,-0.002111089,-0.01153279,-0.06677092,0.06973732,-1.020034,0.01990293,0.3370475,0.2989064,0.9058213,1
63.55746696,0.3057823,-0.3721927,1.152771,0.01261652,-0.008564637,0.01835186,0.9997153,-0.00174754,0.001499749,0.000257139,0.9999972,-0.002362756,0.001553995,-0.007867711,-0.06430976,0.06750184,-1.019258,0.01523877,0.3400939,0.3007364,0.9008659,1
63.62814536,0.305754,-0.3721279,1.152754,0.01343529,-0.00833517,0.01882165,0.9996979,-0.001518971,0.001462541,0.000359536,0.9999976,-0.03290512,-0.005776173,-0.009089405,-0.06332811,0.06553626,-1.018736,0.01706547,0.3381152,0.3025509,0.8981552,1
63.69731036,0.3057105,-0.372056,1.15272,0.01424726,-0.007995237,0.01925322,0.9996812,-0.00118349,0.001473856,0.000572377,0.9999979,-0.05733901,0.006440773,-0.009089405,-0.06406377,0.06499869,-1.023154,0.01238622,0.3411627,0.3052904,0.8959265,1
63.76736726,0.3056625,-0.3719736,1.1527,0.01506364,-0.007656497,0.0198333,0.9996605,-0.000684312,0.001534043,0.000843231,0.9999982,-0.0365702,-0.01188464,0.005570929,-0.06579094,0.06829201,-1.017307,0.01526616,0.3372315,0.2998277,0.8887643,1
63.83716926,0.3056085,-0.3718906,1.152676,0.01589989,-0.007294627,0.02045489,0.9996377,4.29753E-05,0.001741346,0.001167363,0.9999977,-0.06100409,-0.01066295,-0.01397618,-0.06281922,0.07161934,-1.01956,0.01431575,0.3363163,0.3016491,0.893321,1
63.90723906,0.3055653,-0.3718074,1.152647,0.01687494,-0.007014047,0.02064759,0.9996198,0.000892479,0.001923145,0.001476202,0.9999966,-0.05733901,0.0003323,-0.005424321,-0.06183251,0.07110085,-1.020287,0.01624119,0.3324237,0.2980076,0.8930463,1
63.97741186,0.3055248,-0.3717029,1.152593,0.01802094,-0.006750325,0.02090421,0.9995964,0.000892479,0.001923145,0.001476202,0.9999966,-0.02068817,0.002775689,-0.006646017,-0.06256986,0.06957961,-1.025182,0.01706137,0.339069,0.3025507,0.8874186,1
64.04717406,0.3055002,-0.3715988,1.15255,0.01908958,-0.00656669,0.02117203,0.999572,0.001592195,0.002171739,0.001731006,0.9999948,-0.05123053,0.001553995,-0.006646017,-0.06380484,0.07438128,-1.01567,0.0180172,0.3352162,0.3016399,0.8790979,1
64.11720996,0.3054875,-0.3715069,1.152507,0.02015636,-0.006319452,0.02124746,0.9995512,0.002817902,0.002550002,0.002128321,0.9999905,-0.03046173,0.008884161,-0.0103111,-0.06184224,0.06795189,-1.018522,0.01436101,0.3363132,0.2989208,0.8906325,1
64.18739665,0.3054815,-0.3714311,1.152466,0.02108159,-0.006145857,0.02128194,0.9995324,0.003820395,0.00271003,0.002407238,0.9999861,-0.04267867,-0.003332783,0.000684153,-0.06208997,0.06821868,-1.017297,0.01798014,0.3333117,0.3043686,0.8971327,1
64.25738985,0.3054693,-0.3713605,1.152439,0.02195088,-0.005927924,0.02121024,0.9995164,0.004751822,0.002791837,0.002666187,0.9999813,-0.04267867,-0.01188464,-0.009089405,-0.06430498,0.06870122,-1.02075,0.01897859,0.3370841,0.2989087,0.900056,1
64.32725895,0.3054594,-0.3713117,1.152444,0.02283133,-0.005682329,0.02106759,0.9995013,0.004751822,0.002791837,0.002666187,0.9999813,0.01107588,-0.003332783,-0.005424321,-0.06478444,0.07406788,-1.021812,0.01336124,0.3363549,0.3034703,0.893383,1
64.39740815,0.305454,-0.3712578,1.152436,0.0237367,-0.005515316,0.02079292,0.9994868,0.004751822,0.002791837,0.002666187,0.9999813,8.06339E-05,0.007662467,-0.007867711,-0.06430697,0.06922503,-1.0183,0.01333517,0.3354032,0.3052894,0.8871509,1
64.46714725,0.3054502,-0.3712137,1.152414,0.02464254,-0.005435044,0.02071447,0.999467,0.005680296,0.002892362,0.002786241,0.9999757,-0.03779189,-0.01066295,-0.0103111,-0.06134347,0.06813296,-1.022209,0.01058824,0.3364647,0.3034774,0.8891604,1
64.53732845,0.3054353,-0.3711412,1.152395,0.02565233,-0.005356006,0.02076058,0.999441,0.006584239,0.002959984,0.002876007,0.9999697,-0.07810781,-0.005776173,-0.004202627,-0.06257344,0.07162511,-1.018822,0.01337765,0.3325397,0.3034712,0.8860381,1
64.60762715,0.3054144,-0.3710477,1.152361,0.02662316,-0.005256734,0.02085413,0.9994142,0.007474001,0.003034049,0.002874582,0.9999633,-0.02801834,0.005219078,-0.01641957,-0.06478408,0.075317,-1.019864,0.01525928,0.3353249,0.3007376,0.8883909,1
64.67712505,0.305395,-0.3709567,1.152325,0.02749577,-0.005204254,0.02102759,0.9993872,0.007911658,0.00312104,0.002878057,0.9999596,0.01229758,-0.01066295,-0.002980933,-0.06306859,0.07215515,-1.016619,0.01618083,0.3324279,0.3016453,0.8902326,1
64.74742575,0.3053901,-0.3708837,1.152292,0.02840811,-0.005230788,0.02106161,0.9993608,0.007911658,0.00312104,0.002878057,0.9999596,0.01718435,-0.000889394,0.003127541,-0.06578315,0.0702096,-1.019793,0.01059922,0.3374175,0.3025678,0.8964512,1
64.81745815,0.3053916,-0.3708008,1.152263,0.02948264,-0.005249549,0.02098787,0.9993312,0.008489737,0.003227674,0.002937121,0.9999543,-0.0585607,-0.005776173,0.004349235,-0.05467331,0.07291931,-1.019804,0.01795963,0.3380808,0.3043675,0.8948591,1
64.88714855,0.3054118,-0.370715,1.152245,0.03066159,-0.005198951,0.02068183,0.9993024,0.009313917,0.003395243,0.003004948,0.9999462,-0.02924003,0.0003323,-0.0103111,-0.06527644,0.07456239,-1.022066,0.01709696,0.3342989,0.3016425,0.891571,1
64.95718755,0.3054435,-0.3706352,1.152226,0.03197356,-0.005138487,0.02021703,0.999271,0.01036637,0.003485883,0.003108196,0.9999353,-0.01213631,-0.01188464,-0.002980933,-0.05910984,0.07496043,-1.019845,0.01431985,0.3353625,0.3016494,0.8849809,1
65.02804865,0.3054873,-0.3705754,1.152141,0.03320608,-0.004978965,0.01898863,0.9992558,0.01036637,0.003485883,0.003108196,0.9999353,0.00985419,-0.008219562,-0.01275449,-0.06527759,0.07557803,-1.019377,0.01526616,0.3372315,0.2998277,0.8854995,1
65.09865405,0.3055569,-0.3705181,1.152138,0.03434205,-0.004847919,0.01790808,0.999238,0.01129613,0.00345768,0.003227535,0.999925,-0.02801834,-0.006997867,-0.006646017,-0.06332227,0.06772642,-1.019259,0.01615212,0.3391046,0.3016437,0.8875911,1
65.16724705,0.3055895,-0.3704138,1.152127,0.03535542,-0.004781882,0.01767372,0.999207,0.012569,0.003121512,0.003337475,0.9999104,-0.01824478,-0.008219562,-0.0103111,-0.06184008,0.06817826,-1.019754,0.01709696,0.3342989,0.3016425,0.8902575,1
65.23758145,0.3056039,-0.3703087,1.15209,0.03616485,-0.004954152,0.01776114,0.9991757,0.01327978,0.003003668,0.0030975,0.9999024,-0.03901359,0.0003323,-0.001759239,-0.06158726,0.0691073,-1.022716,0.01330367,0.3392195,0.3061979,0.8892954,1
65.30717855,0.3056219,-0.3702376,1.152008,0.03685233,-0.005147594,0.01780243,0.9991489,0.01327978,0.003003668,0.0030975,0.9999024,-0.009692922,-0.003332783,-0.005424321,-0.06233108,0.06841087,-1.021233,0.01709975,0.3371593,0.3007324,0.8829104,1
65.37741855,0.3056345,-0.3701805,1.151984,0.0375925,-0.005317646,0.01791196,0.9991185,0.01436476,0.003242124,0.001823611,0.9998899,-0.01702309,-0.01188464,-0.01764126,-0.06281765,0.07160158,-1.020789,0.01708744,0.3400208,0.3007317,0.8812677,1
65.44740785,0.3056205,-0.3700813,1.151927,0.03814373,-0.005450493,0.01804855,0.9990945,0.01436476,0.003242124,0.001823611,0.9998899,-0.004806144,-0.02287989,-0.009089405,-0.06356999,0.06648929,-1.020717,0.01888675,0.3409046,0.303455,0.8816948,1
65.51735395,0.3055921,-0.3700145,1.151897,0.03862942,-0.005569944,0.01838905,0.9990689,0.01636701,0.003191214,0.000785408,0.9998606,-0.02435326,-0.003332783,-0.009089405,-0.06778194,0.06000191,-1.019159,0.01620837,0.3400542,0.2980057,0.8838933,1
65.58710865,0.3055611,-0.3699751,1.15187,0.03908188,-0.005526456,0.01861358,0.9990474,0.01636701,0.003191214,0.000785408,0.9998606,-0.04267867,-0.008219562,-0.006646017,-0.06110378,0.06570087,-1.021191,0.01439807,0.3382176,0.296192,0.8877776,1
65.65833765,0.3055404,-0.3699344,1.15184,0.0394277,-0.005506778,0.01871647,0.999032,0.01775066,0.003346278,0.000725909,0.9998364,-0.05489562,0.0003323,-0.002980933,-0.06431933,0.06209521,-1.021638,0.01525518,0.3362787,0.3007374,0.8861973,1
65.72725856,0.3055357,-0.3698903,1.151825,0.03957253,-0.005505901,0.01878406,0.9990249,0.01882872,0.003443718,0.000708455,0.9998165,-0.05245223,0.008884161,-0.004202627,-0.05814664,0.06493111,-1.019698,0.01434461,0.3401284,0.2989199,0.884806,1
65.79731026,0.3055419,-0.36987,1.151794,0.03969996,-0.005518053,0.01854733,0.9990243,0.01882872,0.003443718,0.000708455,0.9998165,-0.02557495,-0.01677142,-0.001759239,-0.06480428,0.06652084,-1.020229,0.01431575,0.3363163,0.3016491,0.8878526,1
65.86764256,0.3055608,-0.3698647,1.151791,0.03989148,-0.00555674,0.01843332,0.9990185,0.01980503,0.003531248,0.000837112,0.9997972,-0.01702309,-0.01066295,-0.01519788,-0.06184319,0.06495469,-1.023148,0.01054986,0.3383744,0.3052958,0.8866552,1
65.93712686,0.3055611,-0.3698207,1.151773,0.04013944,-0.005721695,0.01846915,0.999007,0.02087016,0.003663652,0.001017465,0.9997749,0.01718435,-0.002111089,-0.004202627,-0.06259922,0.05938255,-1.021103,0.01804327,0.3361679,0.2998208,0.8812085,1
66.00727476,0.3055569,-0.3697698,1.151734,0.04033917,-0.005727772,0.01834531,0.9990012,0.02189543,0.003798296,0.001193497,0.9997522,-0.02679664,-0.003332783,-0.0103111,-0.05890682,0.05364069,-1.024698,0.01624675,0.3381445,0.2961873,0.8801011,1
66.07741346,0.3055488,-0.369731,1.151687,0.04039293,-0.005747796,0.0181456,0.9990026,0.02251264,0.003980424,0.001293185,0.9997377,-0.06100409,-0.004554478,-0.006646017,-0.06185313,0.06281072,-1.019431,0.01434871,0.3391746,0.2989201,0.8767552,1
66.14780726,0.3055511,-0.3697199,1.151673,0.04043679,-0.005904007,0.01823188,0.9989983,0.02323719,0.004124347,0.001390751,0.9997205,-0.07444273,0.003997383,-0.009089405,-0.06481028,0.06057264,-1.026287,0.0125412,0.3401984,0.2961963,0.8791069,1
66.21706577,0.305549,-0.3696876,1.151646,0.0404654,-0.006079861,0.0185406,0.9989904,0.02351592,0.004248015,0.001355999,0.9997134,-0.004806144,-0.004554478,-0.01275449,-0.06358115,0.06260435,-1.019186,0.01070073,0.3383639,0.2962015,0.8719415,1
66.28741416,0.3055492,-0.3696611,1.151638,0.04051334,-0.006260436,0.01881726,0.9989822,0.02420855,0.004345501,0.001601762,0.9996961,-0.03412681,-0.006997867,-0.009089405,-0.05914451,0.06156467,-1.01744,0.01526616,0.3372315,0.2998277,0.8813651,1
66.35737637,0.305545,-0.3696378,1.151612,0.04057563,-0.006452288,0.01898693,0.9989753,0.02503521,0.004541265,0.001765913,0.9996746,-0.05489562,-0.003332783,-0.0103111,-0.06432481,0.06115418,-1.019167,0.01988652,0.3408628,0.2989055,0.893298,1
66.42713296,0.3055423,-0.3695949,1.151579,0.04067745,-0.006815068,0.01931548,0.9989624,0.02503521,0.004541265,0.001765913,0.9996746,-0.05489562,-0.01554973,-0.002980933,-0.06258716,0.065012,-1.020201,0.01531142,0.3372283,0.2970994,0.8958036,1
66.49762627,0.3055432,-0.3695353,1.151531,0.04068792,-0.007172579,0.01986724,0.9989486,0.02580475,0.004846727,0.001841482,0.9996535,-0.04023528,-0.009441256,-0.01764126,-0.06480086,0.06823692,-1.019762,0.01802818,0.3361689,0.3007302,0.8937559,1
66.56710146,0.305536,-0.3694599,1.151488,0.04077199,-0.0075347,0.02037804,0.9989323,0.02580475,0.004846727,0.001841482,0.9996535,-0.1159803,0.001553995,0.003127541,-0.06430445,0.06919661,-1.020266,0.01342437,0.3392112,0.2989225,0.8919183,1
66.63798996,0.3055423,-0.3693948,1.151458,0.0409883,-0.007949224,0.02112481,0.9989047,0.02672385,0.005158616,0.002082975,0.9996274,-0.1074285,0.01254924,0.004349235,-0.06331301,0.07163267,-1.019315,0.01438152,0.3315441,0.298922,0.8902786,1
66.70751396,0.3055456,-0.3693141,1.151406,0.04112003,-0.008328178,0.02183471,0.9988809,0.02672385,0.005158616,0.002082975,0.9996274,-0.04390037,-0.005776173,-0.007867711,-0.06305128,0.07822669,-1.018919,0.01896893,0.3323171,0.3007288,0.8909096,1
66.77713626,0.3055669,-0.3692456,1.151371,0.04125861,-0.008650075,0.02219861,0.9988645,0.02726527,0.005218974,0.002196862,0.9996121,-0.04390037,-0.005776173,-0.01641957,-0.06058649,0.07820623,-1.016946,0.01336534,0.3354011,0.3034705,0.8928373,1
66.84770286,0.3056008,-0.3691696,1.151376,0.04141296,-0.008838983,0.02260827,0.9988472,0.02796313,0.005295808,0.002504587,0.9995918,-0.03046173,-0.002111089,-0.005424321,-0.06305265,0.07573554,-1.022323,0.01794864,0.337128,0.3052771,0.8952035,1
66.91735006,0.3056316,-0.3690859,1.151325,0.04151513,-0.009003829,0.02274716,0.9988384,0.02887794,0.005331296,0.002790671,0.9995648,0.01474097,0.0003323,-0.006646017,-0.06429125,0.07832219,-1.014008,0.01340782,0.3325376,0.3016524,0.8908586,1
66.98857796,0.3056569,-0.3690386,1.151302,0.04163134,-0.009005412,0.02252853,0.9988384,0.02887794,0.005331296,0.002790671,0.9995648,-0.06222578,0.01010586,-0.009089405,-0.06281681,0.07058948,-1.023232,0.01705991,0.3323944,0.3043712,0.8981969,1
67.05721466,0.3056898,-0.3690248,1.151306,0.04181809,-0.00897904,0.02206493,0.9988413,0.03094453,0.005059265,0.003445813,0.9995021,-0.1257539,0.005219078,0.01900957,-0.06255418,0.07892802,-1.020402,0.01337355,0.3334935,0.303471,0.8887214,1
67.12733566,0.3057176,-0.3689964,1.151306,0.04203168,-0.008831853,0.0214807,0.9988463,0.03188821,0.004686614,0.003588275,0.9994739,-0.1562963,0.003997383,0.009236012,-0.06501976,0.07970932,-1.020419,0.01704204,0.3295351,0.3061908,0.8841105,1
67.19720506,0.3057576,-0.3689501,1.151326,0.04229931,-0.008776679,0.02084284,0.9988491,0.03303844,0.004254623,0.003660774,0.9994382,-0.1233105,0.001553995,0.005570929,-0.06376501,0.09022556,-1.017619,0.01706811,0.3304868,0.3043717,0.8833005,1
67.26730076,0.3058128,-0.368907,1.151343,0.04249306,-0.008576213,0.01979044,0.9988639,0.03473113,0.003917603,0.003719432,0.999382,-0.1220888,0.001553995,0.003127541,-0.06152818,0.0997741,-1.012836,0.01511104,0.3277069,0.3116526,0.8896446,1
67.33737076,0.3059051,-0.3688702,1.151382,0.04276369,-0.008307503,0.01897219,0.9988706,0.03473113,0.003917603,0.003719432,0.999382,-0.08299459,0.001553995,-0.005424321,-0.06027406,0.1042817,-1.020271,0.01599011,0.3276734,0.3143785,0.8981155,1
67.40736476,0.3060967,-0.36883,1.151438,0.04294018,-0.007671794,0.01893971,0.9988687,0.03525709,0.003844915,0.003439184,0.9993649,-0.06100409,-0.008219562,-0.01153279,-0.06151392,0.1038748,-1.016336,0.01416605,0.3220237,0.3143846,0.8900946,1
67.47714347,0.3063636,-0.3687814,1.151565,0.04324587,-0.006810102,0.01952577,0.9988505,0.03542004,0.003653873,0.003021827,0.9993612,-0.08543798,-0.01188464,-0.002980933,-0.06521215,0.1059225,-1.0149,0.01411947,0.3258411,0.3162026,0.8910634,1
67.54844907,0.3066648,-0.3686952,1.15169,0.04355486,-0.005846905,0.02017117,0.9988303,0.03542004,0.003653873,0.003021827,0.9993612,-0.06833426,-0.01066295,-0.004202627,-0.06198965,0.10945,-1.019858,0.01603391,0.3209957,0.3134707,0.8924061,1
67.61708327,0.3070112,-0.3685844,1.151831,0.04369462,-0.004842366,0.02073419,0.9988181,0.0358434,0.003267377,0.002424363,0.9993491,-0.1025417,-0.002111089,-0.000537541,-0.06372024,0.1110272,-1.014478,0.01690888,0.3219161,0.3161964,0.8856184,1
67.68731736,0.307404,-0.368444,1.152059,0.04369107,-0.003546416,0.02087886,0.9988206,0.03642644,0.002579352,0.001899772,0.9993311,-0.145301,-0.01066295,0.006792624,-0.06468629,0.1210885,-1.012414,0.01508893,0.3153125,0.3162027,0.8910666,1
67.75743376,0.3078223,-0.3682769,1.152291,0.0438008,-0.002223021,0.0201907,0.9988338,0.03642644,0.002579352,0.001899772,0.9993311,-0.1391925,-0.005776173,0.004349235,-0.06713396,0.1281855,-1.014734,0.0140247,0.3163123,0.3243898,0.8962957,1
67.82764346,0.30823,-0.3680362,1.152472,0.04373197,-0.000815209,0.01858614,0.9988701,0.03676242,0.002490089,0.002496414,0.9993178,-0.1281973,-0.008219562,0.01656618,-0.06143469,0.1405811,-1.010967,0.01867377,0.3132669,0.3234692,0.8938506,1
67.89724326,0.3086263,-0.3677636,1.152748,0.04337956,0.000485803,0.01584248,0.998933,0.03762098,0.002759317,0.00525507,0.9992743,-0.1819518,-0.009441256,0.008014318,-0.06512509,0.1442952,-1.012504,0.01956105,0.3113258,0.3261956,0.8949005,1
67.96749376,0.3089759,-0.3674164,1.153012,0.04285973,0.001779333,0.01246529,0.9990017,0.03827375,0.004413354,0.006742344,0.9992347,-0.2039423,-0.0216582,0.006792624,-0.06238032,0.1599375,-1.007807,0.01677838,0.3066686,0.3280227,0.893222,1
68.03763767,0.3092145,-0.3669975,1.153232,0.04229273,0.002721597,0.008914396,0.9990619,0.03827375,0.004413354,0.006742344,0.9992347,-0.2418149,-0.006997867,0.000684153,-0.06804035,0.1691578,-1.002793,0.0120606,0.3011369,0.3353113,0.8986505,1
68.10757627,0.3093832,-0.3665156,1.153518,0.04190435,0.003448661,0.006584231,0.999094,0.03866065,0.005498091,0.00756908,0.9992086,-0.2479233,-0.01310634,0.01900957,-0.06108496,0.1840333,-1.011593,0.0147403,0.2981731,0.341671,0.9029169,1
68.17738006,0.3094838,-0.3659047,1.153763,0.04090729,0.003921626,0.005984658,0.9991374,0.03866065,0.005498091,0.00756908,0.9992086,-0.2112725,-0.009441256,0.008014318,-0.06946593,0.1931342,-1.001668,0.01760648,0.2904287,0.338028,0.8877993,1
68.24720656,0.3095358,-0.3652218,1.153988,0.04025073,0.004149727,0.006009598,0.999163,0.03866065,0.005498091,0.00756908,0.9992086,-0.2833525,-0.009441256,0.009236012,-0.06449554,0.2116835,-0.9955336,0.02022304,0.2846086,0.3489355,0.8924204,1
68.31726066,0.3095494,-0.3644734,1.154236,0.03939203,0.004202909,0.005974689,0.9991971,0.03893638,0.006826762,0.007960736,0.9991866,-0.2882392,-0.01554973,0.0116794,-0.07087161,0.2274143,-0.9972509,0.01926575,0.2817869,0.3516668,0.9009905,1
68.38759336,0.3095344,-0.3636743,1.154472,0.03849386,0.004242256,0.005280455,0.9992359,0.03893638,0.006826762,0.007960736,0.9991866,-0.2821308,-0.01677142,0.02511804,-0.06835744,0.2486447,-0.9948475,0.01822745,0.2732496,0.3607655,0.8934475,1
68.45847756,0.3094923,-0.3628349,1.15476,0.03733846,0.004191465,0.003752769,0.9992869,0.03898301,0.008389393,0.006793994,0.9991814,-0.3138948,-0.02043651,0.01290109,-0.06884148,0.2548149,-0.9910055,0.02105935,0.266461,0.3589412,0.882699,1
68.52728905,0.3094034,-0.3619237,1.154974,0.0362006,0.004226269,0.00189333,0.9993339,0.03883078,0.009879736,0.004580751,0.9991865,-0.2662488,-0.004554478,0.01045771,-0.06781636,0.2739165,-0.9858718,0.01906932,0.2608228,0.3689511,0.8803128,1
68.59743355,0.3092815,-0.3609491,1.155233,0.03483142,0.004126301,0.000198751,0.9993847,0.03824304,0.01196597,-0.00114379,0.9991961,-0.2919043,-0.01066295,0.008014318,-0.07196371,0.2957778,-0.9827567,0.0217956,0.2540416,0.3734927,0.8780926,1
68.66722605,0.309146,-0.3599732,1.155511,0.03362015,0.004052175,-0.001254287,0.9994257,0.03760088,0.01285983,-0.004384146,0.9992003,-0.3554325,-0.02043651,0.02023126,-0.07170168,0.3113918,-0.9665152,0.01811189,0.2475122,0.3744132,0.8763322,1
68.73787105,0.3089933,-0.3589654,1.155819,0.03243648,0.00376992,-0.002351779,0.9994639,0.03720031,0.01384807,-0.006992113,0.9991872,-0.3114515,-0.03387515,0.06054718,-0.0746142,0.3307091,-0.968767,0.02446827,0.2386823,0.3834931,0.8923856,1
68.80737355,0.3088297,-0.3579198,1.156115,0.03126493,0.003424957,-0.003526253,0.999499,0.03720031,0.01384807,-0.006992113,0.9991872,-0.3028996,-0.01310634,0.006792624,-0.07433912,0.3501868,-0.9555304,0.02078998,0.2273849,0.3853242,0.8917283,1
68.87735026,0.3086499,-0.3568762,1.15648,0.03029493,0.002825554,-0.004043235,0.9995289,0.03720031,0.01384807,-0.006992113,0.9991872,-0.2955694,-0.02287989,0.02267465,-0.0762853,0.3669589,-0.9466839,0.02811465,0.2223295,0.390763,0.9020468,1
68.94726196,0.3084407,-0.3557968,1.156822,0.02928073,0.002427179,-0.003872689,0.9995608,0.03640597,0.01427932,-0.007494006,0.999207,-0.289461,-0.01677142,0.02267465,-0.07895605,0.3873297,-0.9432979,0.02813238,0.2147,0.3916742,0.9127208,1
69.01736586,0.3082304,-0.3546652,1.157147,0.02834534,0.002028626,-0.002669603,0.9995926,0.03554958,0.01448228,-0.007533586,0.9992346,-0.3126731,-0.02410159,0.01045771,-0.07325999,0.400012,-0.9365855,0.02437044,0.2053155,0.398052,0.9106069,1
69.08721816,0.3080254,-0.3535196,1.157545,0.02710333,0.001724139,-0.001629263,0.9996299,0.03402323,0.01460545,-0.008668936,0.9992767,-0.3163382,-0.01310634,0.009236012,-0.07717092,0.4199793,-0.9290187,0.02527281,0.2033733,0.399869,0.9101503,1
69.15802326,0.3078165,-0.352281,1.157883,0.02592813,0.001380225,-0.000628761,0.9996627,0.03290588,0.01464285,-0.01050851,0.9992959,-0.2845742,-0.03387515,0.04955192,-0.07442515,0.4368636,-0.9228657,0.02800172,0.1889637,0.4062313,0.9067943,1
69.22800466,0.3076385,-0.3510591,1.158344,0.02465276,0.000967108,-0.000430404,0.9996955,0.03158334,0.0146753,-0.01271355,0.9993124,-0.365206,-0.01432803,0.02878312,-0.08033076,0.4495849,-0.9124959,0.0279714,0.178477,0.410781,0.9034881,1
69.29718836,0.3074486,-0.3497762,1.158689,0.02317004,0.000510981,-0.000767853,0.9997312,0.03031062,0.01469642,-0.01499916,0.9993199,-0.3920833,-0.008219562,-0.005424321,-0.07560958,0.4724281,-0.8968393,0.02698525,0.1718431,0.4162416,0.9109663,1
69.36831126,0.3072834,-0.348465,1.159081,0.02184016,0.00025477,-0.001189533,0.9997607,0.0293437,0.01467151,-0.01781755,0.9993027,-0.3713145,-0.006997867,0.005570929,-0.07704967,0.49356,-0.8897747,0.02978142,0.1593358,0.4180563,0.9230867,1
69.43739406,0.3071438,-0.3471963,1.159514,0.02033295,-0.00020473,-0.001545413,0.999792,0.02826766,0.01425254,-0.01951539,0.999308,-0.3542108,-0.0216582,0.009236012,-0.07972988,0.5140374,-0.8790174,0.02694381,0.1499148,0.4244318,0.9223153,1
69.50929626,0.3070033,-0.345928,1.159978,0.01895118,-0.00037431,-0.001462636,0.9998193,0.02551961,0.01310492,-0.01975515,0.9993932,-0.3590975,-0.03998362,0.02023126,-0.08067231,0.5376188,-0.8707582,0.02975506,0.1374065,0.4253371,0.9145275,1
69.57714426,0.3069173,-0.3447214,1.160531,0.01771937,-0.000510555,-0.001317316,0.999842,0.02551961,0.01310492,-0.01975515,0.9993932,-0.4043002,-0.01432803,0.006792624,-0.08114326,0.554921,-0.8570004,0.03157341,0.1268465,0.429882,0.8998422,1
69.64931456,0.3068289,-0.3435678,1.161022,0.01661077,-0.000801755,-0.000832896,0.9998614,0.02442763,0.01267879,-0.01841881,0.9994515,-0.4641632,0.003997383,-0.02497143,-0.08012325,0.5758346,-0.8447657,0.02596691,0.1165814,0.4362648,0.8934799,1
69.71716246,0.3067923,-0.3424455,1.161593,0.01579027,-0.000804509,-0.000359758,0.9998749,0.02325616,0.01231043,-0.01710548,0.9995073,-0.46905,-0.07419106,0.08620277,-0.07837925,0.5883936,-0.835112,0.02692669,0.1012858,0.4380849,0.8887212,1
69.78813646,0.3067656,-0.3413618,1.162073,0.01487531,-0.000840916,0.000216176,0.9998891,0.02208764,0.01193259,-0.01582721,0.9995595,-0.5521253,-0.09129479,0.11308,-0.08276529,0.6319762,-0.7993786,0.03346678,0.08481491,0.4380723,0.8888229,1
69.85753206,0.3067596,-0.3403339,1.162617,0.01427224,-0.000837821,0.000430147,0.9998978,0.02056297,0.01157548,-0.01625143,0.9995893,-0.4702717,-0.05586565,0.0556604,-0.08667558,0.6579521,-0.7815764,0.03345287,0.07051289,0.4426229,0.8923165,1
69.92724536,0.3067492,-0.3393416,1.163121,0.01360347,-0.000848789,0.000981186,0.9999066,0.02056297,0.01157548,-0.01625143,0.9995893,-0.4666066,-0.02410159,0.02756143,-0.08786897,0.6941185,-0.7476943,0.03442365,0.05617012,0.4435334,0.8896717,1
69.99723096,0.3067621,-0.3383804,1.163756,0.01317546,-0.000885165,0.001450506,0.9999118,0.01949003,0.0111341,-0.01677707,0.9996071,-0.5008141,-0.03387515,0.02756143,-0.08267883,0.706199,-0.7326185,0.03627071,0.0389335,0.4480799,0.8916408,1
70.06813986,0.3067727,-0.3374961,1.164392,0.01261307,-0.000998038,0.002113785,0.9999177,0.01817204,0.01037347,-0.01614069,0.9996507,-0.6339788,0.03576144,-0.02985821,-0.08588661,0.7150384,-0.7167792,0.0344616,0.02279388,0.4499075,0.9032825,1
70.13740666,0.3067989,-0.336594,1.165007,0.01236894,-0.001098115,0.002432784,0.99992,0.01679489,0.01018469,-0.01565591,0.9996845,-0.5228046,0.01132755,-0.001759239,-0.08139532,0.750731,-0.6909865,0.03549273,0.008446923,0.4471802,0.9173659,1
70.20720946,0.3068669,-0.3357911,1.165697,0.01191965,-0.001077603,0.002428362,0.9999254,0.01556397,0.01008098,-0.01499524,0.9997155,-0.5166961,0.01254924,-0.01153279,-0.08579247,0.7901773,-0.6542103,0.03184183,-0.005712972,0.4481026,0.9072012,1
70.27736856,0.3069698,-0.3349399,1.166383,0.01153971,-0.000930511,0.002165668,0.9999307,0.0145367,0.009955633,-0.01417885,0.9997441,-0.4348426,-0.0448704,0.0361133,-0.08085921,0.7951081,-0.644193,0.03094196,-0.02188814,0.4508371,0.8869487,1
70.34808276,0.307092,-0.3341323,1.167035,0.01106879,-0.000618792,0.001808855,0.999937,0.01368172,0.009898214,-0.0134163,0.9997673,-0.4653849,-0.06930429,0.05443871,-0.08652157,0.819895,-0.6096661,0.03286315,-0.03531576,0.4499262,0.8798762,1
70.41712266,0.3072699,-0.3333495,1.167844,0.01069513,-0.00017243,0.00149712,0.9999417,0.01302728,0.009794313,-0.01267079,0.9997868,-0.5020357,-0.004554478,0.02023126,-0.08332197,0.8364634,-0.5740158,0.03841444,-0.05079208,0.4535534,0.8844331,1
70.48779906,0.3074351,-0.332622,1.168579,0.01030856,0.000215485,0.00140534,0.9999459,0.01261516,0.009144761,-0.01128666,0.9998147,-0.4397294,0.005219078,0.001905847,-0.08799072,0.8503774,-0.563906,0.03760788,-0.06411313,0.4499212,0.9001759,1
70.55793066,0.3075934,-0.3318634,1.169364,0.01011902,0.000722106,0.001385624,0.9999476,0.01241936,0.00869104,-0.01040861,0.9998308,-0.2919043,-0.0888514,0.05688209,-0.08232497,0.858889,-0.5416504,0.03404209,-0.07351126,0.4444764,0.9021084,1
70.62734956,0.3077268,-0.3311809,1.1702,0.009939398,0.000982809,0.001711757,0.9999487,0.01241936,0.00869104,-0.01040861,0.9998308,-0.3517673,-0.03265345,0.02389634,-0.0838012,0.8586209,-0.5453366,0.03599755,-0.08789478,0.4417468,0.9110569,1
70.69735296,0.3078031,-0.3304822,1.170958,0.009638894,0.00117943,0.002163811,0.9999506,0.01218551,0.008370675,-0.00974386,0.9998432,-0.3615409,0.02110111,0.004349235,-0.08500199,0.9061503,-0.4855674,0.0369506,-0.09460808,0.4417461,0.9075793,1
70.76763416,0.3078429,-0.3298178,1.171804,0.009767384,0.001002284,0.002791494,0.999948,0.01193094,0.008146143,-0.009137386,0.9998537,-0.3016779,-0.003332783,0.009236012,-0.08452541,0.8920433,-0.4978967,0.03513475,-0.1021655,0.4417526,0.8848237,1
70.83715846,0.3078419,-0.3291797,1.172648,0.009500859,0.000692361,0.003292703,0.9999493,0.01156026,0.008067667,-0.00859308,0.9998637,-0.277244,-0.07174768,0.03855668,-0.07909266,0.9041651,-0.479626,0.03708479,-0.1117809,0.4381124,0.8800766,1
70.90782906,0.3077891,-0.3285086,1.173485,0.009815061,0.000535375,0.003371097,0.9999461,0.01109804,0.008130906,-0.008188993,0.9998718,-0.2686921,-0.02043651,0.0116794,-0.08600435,0.9151163,-0.457928,0.03534305,-0.1155293,0.4326615,0.8769956,1
70.97710156,0.3077604,-0.3279253,1.174465,0.009434316,0.000204724,0.00327833,0.9999502,0.01063039,0.008322318,-0.007974341,0.999877,-0.3126731,0.03209636,-0.01275449,-0.08527231,0.9254702,-0.4332534,0.04276499,-0.1291733,0.4344646,0.874736,1
71.04722346,0.307685,-0.3273023,1.175402,0.009709554,-6.49792E-05,0.003033765,0.9999483,0.009808096,0.009281704,-0.01015568,0.9998571,-0.3028996,0.01743602,-0.004202627,-0.08476969,0.9268613,-0.437696,0.03545937,-0.1355616,0.4308474,0.8746204,1
71.11758956,0.3076389,-0.3266647,1.176325,0.009504793,-0.000205541,0.002645576,0.9999513,0.009782583,0.009703598,-0.01204357,0.9998326,-0.2711355,-0.03754023,0.01045771,-0.08181514,0.9399065,-0.4096142,0.03831455,-0.1442588,0.4281141,0.8685002,1
71.18713506,0.3075703,-0.3259995,1.177204,0.009389279,-0.000153861,0.002107935,0.9999537,0.009927652,0.01009899,-0.0138456,0.9998038,-0.2320413,-0.06808259,0.02267465,-0.08084779,0.9416112,-0.3916957,0.04115744,-0.1500946,0.4253801,0.8669664,1
71.25790716,0.3075427,-0.3253626,1.178259,0.009495827,-0.000193173,0.002108017,0.9999527,0.01006493,0.01034422,-0.01557523,0.9997745,-0.2295979,-0.008219562,0.01656618,-0.08505528,0.9423425,-0.3806572,0.03934158,-0.1576519,0.4253866,0.8801442,1
71.32735386,0.3075056,-0.3247145,1.179322,0.009067012,-0.000245466,0.00208598,0.9999568,0.01009262,0.01031753,-0.01648696,0.9997598,-0.3175599,0.01132755,0.01656618,-0.07862969,0.9518719,-0.3714399,0.0375477,-0.1633037,0.4235739,0.8940487,1
71.39740666,0.3075039,-0.324005,1.180348,0.00913947,-0.000260313,0.002334956,0.9999556,0.01001869,0.01016411,-0.0169617,0.9997544,-0.2748006,-0.006997867,0.01290109,-0.08284065,0.9511383,-0.3603803,0.03950463,-0.1710127,0.4190238,0.8951772,1
71.46714836,0.3074826,-0.3232915,1.181325,0.008643165,-0.00029574,0.002544159,0.9999595,0.009897319,0.01010133,-0.0175143,0.9997466,-0.3297769,-0.06319581,0.02511804,-0.08236666,0.9538541,-0.3407573,0.04045489,-0.1805864,0.4199332,0.9057591,1
71.53758916,0.3074957,-0.3225451,1.182425,0.008390501,-0.000128341,0.002777595,0.999961,0.009692778,0.0100588,-0.01777937,0.9997443,-0.3016779,0.01621433,0.004349235,-0.0789108,0.968556,-0.3156472,0.03873088,-0.1919642,0.4153935,0.9197989,1
71.60716416,0.3074927,-0.3218605,1.18361,0.008058487,-1.62468E-05,0.003283732,0.9999622,0.009341595,0.01007571,-0.01752393,0.9997519,-0.3994134,0.05653024,-0.01641957,-0.08189785,0.9796882,-0.2760015,0.03792579,-0.1986106,0.4099409,0.9177836,1
71.67726656,0.3074589,-0.3210763,1.184733,0.007456987,0.000196028,0.003371543,0.9999666,0.009094058,0.01014358,-0.01717951,0.9997596,-0.3261118,0.0223228,0.0116794,-0.0833928,0.9696048,-0.2829868,0.04076179,-0.206353,0.4081167,0.9202992,1
71.74745056,0.307424,-0.3203282,1.185824,0.007250339,0.000284917,0.003575564,0.9999673,0.009094058,0.01014358,-0.01717951,0.9997596,-0.2686921,-0.009441256,0.004349235,-0.07821557,0.9860914,-0.2502797,0.03626756,-0.2147608,0.402674,0.9347961,1
71.81770326,0.3073842,-0.3195312,1.186958,0.006759899,0.000304242,0.00361761,0.9999706,0.008411657,0.01040515,-0.01630037,0.9997776,-0.3774229,0.02720958,0.01045771,-0.07452703,0.9881631,-0.2370293,0.03912816,-0.228226,0.4008513,0.9320406,1
71.88717556,0.3073495,-0.3188054,1.188172,0.006230126,0.000279151,0.003755941,0.9999736,0.007931048,0.01057111,-0.01590842,0.999786,-0.3627626,0.03331805,-0.004202627,-0.07901911,0.9787982,-0.2152781,0.03556383,-0.2309495,0.393586,0.9361798,1
71.95793766,0.3072979,-0.3180482,1.189358,0.005881367,0.000343847,0.003603304,0.9999762,0.007340813,0.01070992,-0.01576075,0.9997913,-0.277244,0.03820483,0.003127541,-0.07653686,0.9946229,-0.1982968,0.03388787,-0.2394701,0.3854079,0.9549677,1
72.02711706,0.3072501,-0.3173064,1.190556,0.005448906,0.000424562,0.003947869,0.9999773,0.006630682,0.01085706,-0.01603398,0.9997904,-0.261362,0.02598788,0.005570929,-0.08001195,1.005453,-0.1633175,0.03303473,-0.2489738,0.3835936,0.9506665,1
72.09744266,0.3071815,-0.3165967,1.191786,0.005205445,0.000589426,0.004258201,0.9999772,0.005508555,0.01100397,-0.01632133,0.999791,-0.3028996,0.01987941,0.005570929,-0.078277,1.013101,-0.1555591,0.03399877,-0.2547343,0.3826832,0.9303547,1
72.16728876,0.3071188,-0.3159154,1.193027,0.005018542,0.000623982,0.004617634,0.9999766,0.00484298,0.01108496,-0.01617915,0.9997959,-0.528913,0.1420489,-0.01397618,-0.05929754,1.009428,-0.1471035,0.03506564,-0.2633626,0.3763169,0.9069315,1
72.23790136,0.307026,-0.3152373,1.194225,0.004804278,0.000554837,0.004777898,0.999977,0.00434207,0.011227,-0.01581274,0.9998025,-0.2748006,0.01621433,0.0116794,-0.07366487,0.9988218,-0.1233926,0.03706372,-0.2701208,0.3690383,0.9119323,1
72.30717006,0.3069634,-0.3146151,1.195631,0.004573563,0.000668823,0.004964052,0.9999771,0.003901129,0.01141097,-0.01563575,0.9998049,-0.1660698,-0.02654498,0.003127541,-0.06968472,1.013668,-0.1213851,0.03054254,-0.2755824,0.3736034,0.9358238,1
72.37771697,0.3068809,-0.3139517,1.196919,0.004360258,0.00067166,0.004799102,0.9999788,0.003901129,0.01141097,-0.01563575,0.9998049,-0.2112725,-0.03876192,0.003127541,-0.07933139,1.019394,-0.0932286,0.03162728,-0.2813514,0.3654175,0.922824,1
72.44712157,0.3067729,-0.313331,1.198178,0.004108361,0.000645753,0.004615583,0.9999808,0.00345912,0.01154735,-0.01568379,0.9998043,-0.1660698,0.1041763,-0.002980933,-0.08407326,1.005055,-0.07804183,0.03630653,-0.2843988,0.3626781,0.9111561,1
72.51764887,0.3066672,-0.3127228,1.199608,0.003689905,0.000520745,0.004484002,0.999983,0.00345912,0.01154735,-0.01568379,0.9998043,-0.1587397,0.07852074,-0.001759239,-0.08552666,1.01606,-0.07894144,0.03079479,-0.2851352,0.3608736,0.929752,1
72.58732517,0.3065156,-0.3120964,1.200879,0.003471054,0.000414904,0.004253284,0.9999849,0.003057451,0.0118431,-0.01606433,0.999796,-0.1697349,0.04064822,0.004349235,-0.07786801,1.023817,-0.07239893,0.02994165,-0.2946389,0.3590594,0.9183002,1
72.65754497,0.306389,-0.3114565,1.20226,0.003215366,0.000269062,0.004424894,0.999985,0.002688817,0.01212176,-0.01666255,0.999784,-0.1257539,-0.03509684,0.01412279,-0.0791306,1.013139,-0.06954459,0.02910374,-0.2936548,0.353605,0.8987402,1
72.72714967,0.3062793,-0.3108779,1.203744,0.003057427,0.000280766,0.004307153,0.9999861,0.002184756,0.01252514,-0.01748162,0.9997663,-0.09276814,-0.02898837,0.03733498,-0.07739633,1.022549,-0.05812521,0.0272057,-0.2926247,0.3563378,0.9028656,1
72.79776877,0.3061801,-0.3102637,1.205121,0.002418894,0.000246757,0.004600484,0.9999865,0.001850941,0.01269814,-0.01765973,0.9997615,-0.1245322,-0.01799312,0.05443871,-0.06729345,1.023248,-0.0465596,0.02639651,-0.2983173,0.3508849,0.8918625,1
72.86808977,0.3061125,-0.3096637,1.206512,0.002282972,8.04507E-05,0.004521183,0.9999872,0.001540672,0.01279933,-0.01751865,0.9997633,-0.07322104,-0.008219562,0.03489159,-0.07446949,1.010089,-0.05449758,0.02912425,-0.2984239,0.3536061,0.8906727,1
72.93709467,0.3060815,-0.3090907,1.208045,0.001725243,0.000387473,0.004745861,0.9999872,0.001276995,0.01278461,-0.01701085,0.9997727,-0.07322104,-0.01554973,0.01534449,-0.0645953,1.017859,-0.0440176,0.02462049,-0.3011098,0.3472526,0.913365,1
73.00779857,0.3060839,-0.3085358,1.209567,0.001592025,0.000805808,0.004508211,0.9999883,0.00095618,0.01272474,-0.01604211,0.9997898,-0.05978239,-0.01188464,0.01045771,-0.06878952,1.01844,-0.043299,0.02731674,-0.2974001,0.3508823,0.9167256,1
73.07723107,0.3060656,-0.3079929,1.211008,0.000824583,0.000946014,0.004341249,0.9999898,0.000537987,0.01263091,-0.01482748,0.9998102,-0.04634375,0.006440773,-0.000537541,-0.06780887,1.016737,-0.04155167,0.02643621,-0.3040413,0.3499769,0.9147981,1
73.14819357,0.3061246,-0.3074826,1.212614,0.00091512,0.001449393,0.00418454,0.9999898,0.000537987,0.01263091,-0.01482748,0.9998102,-0.04267867,0.002775689,-0.000537541,-0.06783369,1.008995,-0.03652479,0.0273894,-0.3002657,0.3472453,0.9225162,1
73.21729018,0.3061636,-0.3069373,1.214114,0.000198488,0.001888348,0.003826287,0.9999909,9.35703E-05,0.01259536,-0.01377211,0.9998258,-0.03290512,0.01621433,-0.005424321,-0.06016324,1.016118,-0.04004939,0.02554205,-0.3040068,0.3481604,0.9413276,1
73.28738618,0.3062392,-0.3064837,1.215759,8.65946E-05,0.002232079,0.003948439,0.9999897,-0.00047336,0.01270254,-0.01242377,0.9998418,-0.04023528,-0.003332783,-0.009089405,-0.07372978,1.016847,-0.04205933,0.02643899,-0.3011808,0.3490668,0.9393083,1
73.35786448,0.3062969,-0.3059899,1.217416,-0.000137221,0.002673655,0.003903514,0.9999888,-0.000883893,0.01291412,-0.01185475,0.9998459,-0.03412681,-0.003332783,-0.009089405,-0.0638639,1.016188,-0.04030525,0.02823141,-0.3022036,0.3527,0.9319786,1
73.42755748,0.3063276,-0.3055483,1.218933,-0.000449729,0.003069429,0.00383448,0.9999879,-0.001298537,0.01319377,-0.01144035,0.9998465,-0.04878715,0.001553995,-0.01397618,-0.07201639,1.013208,-0.03807041,0.02546939,-0.3011411,0.3517974,0.9317847,1
73.49757917,0.3063263,-0.3050791,1.220535,-0.000465966,0.003241257,0.003991162,0.9999868,-0.001815127,0.01356817,-0.01136839,0.9998415,-0.04878715,0.001553995,-0.006646017,-0.0673297,1.011374,-0.04024431,0.0282588,-0.3050661,0.3517912,0.9393749,1
73.56726657,0.3063171,-0.3046795,1.222249,-0.000664177,0.003366364,0.003907233,0.9999866,-0.002219776,0.01389174,-0.01173744,0.9998322,-0.03779189,-0.002111089,-0.000537541,-0.06733102,1.011639,-0.03877357,0.02551465,-0.3011443,0.3490691,0.9451315,1
73.63770997,0.3063007,-0.3042715,1.223835,-0.000958579,0.003523933,0.004107235,0.999985,-0.002587361,0.01411741,-0.01240768,0.9998199,-0.0365702,0.003997383,-0.000537541,-0.05869486,1.01472,-0.03339001,0.02734956,-0.3050306,0.3508841,0.9366886,1
73.70786107,0.3063041,-0.3038056,1.225523,-0.001262121,0.003607993,0.004011715,0.9999847,-0.003000602,0.01440428,-0.01285907,0.999809,-0.03901359,-0.006997867,-0.006646017,-0.07276768,1.009086,-0.03702974,0.02827389,-0.3050672,0.3508818,0.9412574,1
73.77714567,0.3063022,-0.3033865,1.227211,-0.00162897,0.003949632,0.003915001,0.9999833,-0.003334344,0.01458316,-0.01291194,0.9998046,-0.04512206,0.001553995,-0.01153279,-0.06089365,1.020535,-0.03962337,0.02744696,-0.3031303,0.3445177,0.9493561,1
73.84872977,0.3062967,-0.3029636,1.228925,-0.002127215,0.004140943,0.004115855,0.9999807,-0.003821896,0.01482225,-0.01295837,0.9997987,-0.0365702,-0.009441256,-0.01275449,-0.05400697,1.014627,-0.03337715,0.02920921,-0.304151,0.3499698,0.9360588,1
73.91708647,0.3063129,-0.3025549,1.230679,-0.002141445,0.004274026,0.004035615,0.9999805,-0.004269562,0.01511128,-0.01284243,0.999794,-0.03901359,-0.003332783,-0.001759239,-0.08065823,1.013198,-0.03366776,0.02736054,-0.3040778,0.3499745,0.9378191,1
73.98731817,0.3063193,-0.3021767,1.232405,-0.002524235,0.004689894,0.00413274,0.9999772,-0.00467189,0.0154504,-0.01280753,0.9997875,-0.0353485,-0.005776173,-0.006646017,-0.05400071,1.014807,-0.03780347,0.02554483,-0.3011464,0.3472503,0.9411779,1
74.05787317,0.3063425,-0.3017995,1.234176,-0.002819813,0.004959285,0.004102708,0.9999753,-0.00467189,0.0154504,-0.01280753,0.9997875,-0.02801834,-0.006997867,-0.004202627,-0.06487397,1.010954,-0.03212203,0.02456835,-0.3030132,0.3508908,0.9451431,1
74.12718537,0.3063526,-0.3014427,1.235996,-0.002918128,0.0052718,0.003876561,0.9999744,-0.005067354,0.01584492,-0.01286591,0.9997787,-0.04145698,-0.003332783,-0.006646017,-0.0641293,1.010638,-0.03604786,0.02553384,-0.3020991,0.3481599,0.9553099,1
74.19732106,0.3063395,-0.301101,1.237754,-0.0032684,0.005546563,0.003923716,0.9999717,-0.005067354,0.01584492,-0.01286591,0.9997787,-0.04023528,-0.006997867,-0.009089405,-0.06141248,1.012308,-0.03508222,0.02641292,-0.3021326,0.3508858,0.9622708,1
74.26747137,0.3063299,-0.3007396,1.239611,-0.003527726,0.005793878,0.003599578,0.9999706,-0.005435612,0.01634111,-0.01307586,0.9997662,-0.02801834,-0.003332783,-0.0103111,-0.06188316,1.020834,-0.03717249,0.02736742,-0.3021712,0.3490646,0.9573455,1
74.33775607,0.3063372,-0.3003622,1.241471,-0.003696511,0.006143763,0.003556656,0.9999681,-0.006439548,0.01737712,-0.01368126,0.9997345,-0.0365702,0.0003323,-0.005424321,-0.05918485,1.014691,-0.03609418,0.02465609,-0.3058799,0.3463443,0.9385278,1
74.40721466,0.3063049,-0.3000087,1.243191,-0.004293902,0.006584398,0.003718331,0.9999622,-0.007112004,0.0178885,-0.01383784,0.9997188,-0.03046173,0.01132755,-0.004202627,-0.07425412,1.00793,-0.03455908,0.02551465,-0.3011443,0.3490691,0.9417882,1
74.47765937,0.3062815,-0.2997165,1.245226,-0.004608517,0.00686049,0.00398692,0.999958,-0.007112004,0.0178885,-0.01383784,0.9997188,-0.04023528,-0.01188464,-0.004202627,-0.05375308,1.015043,-0.03805203,0.02739071,-0.3040799,0.3481556,0.9560932,1
74.54712537,0.3061901,-0.2993731,1.247023,-0.004421453,0.007247636,0.004125134,0.9999555,-0.007631438,0.01841847,-0.01386638,0.999705,-0.04023528,0.005219078,-0.000537541,-0.0737384,1.017445,-0.03444932,0.02555991,-0.3011474,0.3463408,0.9511592,1
74.61724577,0.3060753,-0.2990524,1.248839,-0.004977599,0.007282653,0.004136839,0.9999526,-0.008116415,0.01903237,-0.01426841,0.999684,-0.02557495,-0.006997867,-0.004202627,-0.04561795,1.013707,-0.03481786,0.02360973,-0.3020207,0.3527118,0.941018,1
74.68779787,0.3059627,-0.2988072,1.250848,-0.005172541,0.007608512,0.003722117,0.9999508,-0.008614037,0.01965114,-0.01524679,0.9996535,-0.02435326,-0.005776173,-0.006646017,-0.08413036,1.005447,-0.03405599,0.02645818,-0.3021357,0.3481575,0.94924,1
74.75727727,0.3057915,-0.2984862,1.25261,-0.005138989,0.007385761,0.00389295,0.999952,-0.009274622,0.02014414,-0.01649281,0.9996179,-0.03290512,0.003997383,-0.006646017,-0.06140827,1.013263,-0.03657057,0.02741679,-0.3031282,0.3463365,0.9649529,1
74.82723997,0.3056361,-0.2982466,1.254559,-0.005502748,0.007239456,0.004269082,0.9999496,-0.009274622,0.02014414,-0.01649281,0.9996179,-0.04512206,-0.01188464,-0.01397618,-0.0379523,1.018127,-0.0395323,0.02371535,-0.3020281,0.3463458,0.9606412,1
74.89904547,0.3054551,-0.2979777,1.256417,-0.005576342,0.007333624,0.004221593,0.9999487,-0.01083795,0.02066863,-0.01785058,0.9995682,-0.04023528,0.003997383,0.01045771,-0.09598366,1.00329,-0.0306133,0.02737153,-0.3031251,0.3490649,0.9529408,1
74.96706347,0.3053043,-0.2977088,1.258277,-0.005680738,0.007116315,0.004561699,0.9999482,-0.01083795,0.02066863,-0.01785058,0.9995682,-0.03046173,-0.01921481,-0.007867711,-0.0275999,1.016032,-0.03505291,0.02184471,-0.3038605,0.3481698,0.9641071,1
75.03931607,0.3051747,-0.2974601,1.260183,-0.005950462,0.007229124,0.004830336,0.9999445,-0.0113562,0.02071315,-0.01756037,0.9995666,-0.02801834,0.01132755,-0.01397618,-0.07867703,1.014079,-0.03760781,0.02460262,-0.3039691,0.3490722,0.9586794,1
75.10730647,0.3050681,-0.2972377,1.262074,-0.005879047,0.00728197,0.005069151,0.9999434,-0.01184852,0.02069748,-0.01671111,0.9995758,-0.0365702,0.001553995,-0.01153279,-0.06782012,1.016362,-0.03368187,0.02366188,-0.3001173,0.3490736,0.9499062,1
75.17724197,0.3049898,-0.2969739,1.263941,-0.006454581,0.007719764,0.005043631,0.9999367,-0.01222048,0.02069637,-0.01578904,0.9995864,-0.03412681,0.002775689,-0.006646017,-0.05744479,1.017519,-0.04080021,0.02738251,-0.3021723,0.3481552,0.9405647,1
75.24741897,0.3049206,-0.2966774,1.265783,-0.006484865,0.007477556,0.00558904,0.9999354,-0.01250294,0.02086466,-0.01505554,0.9995906,-0.02557495,-0.01188464,-0.0103111,-0.06241203,1.007957,-0.03330158,0.02925447,-0.3041541,0.3472415,0.9389236,1
75.31733197,0.3048868,-0.2964436,1.267692,-0.006528915,0.007933754,0.005383099,0.9999328,-0.01315375,0.02117229,-0.01436567,0.999586,-0.03046173,-0.02532328,-0.01519788,-0.06781854,1.017848,-0.03222873,0.02369338,-0.3039336,0.3481651,0.9526694,1
75.38731507,0.3048688,-0.2962134,1.269585,-0.007377374,0.008359779,0.004975208,0.9999256,-0.01315375,0.02117229,-0.01436567,0.999586,-0.0353485,-0.008219562,-0.01153279,-0.06337348,1.018719,-0.03345919,0.02457655,-0.3049209,0.3508912,0.9415256,1
75.45734517,0.3048403,-0.2959336,1.271444,-0.007200532,0.008345427,0.00544115,0.9999245,-0.0141244,0.02146686,-0.01339635,0.99958,-0.03412681,0.01254924,-0.005424321,-0.07150867,1.015795,-0.04425056,0.02276216,-0.3058036,0.3490774,0.9302154,1
75.52746458,0.3048279,-0.2957213,1.273381,-0.007058846,0.008725034,0.005401717,0.9999225,-0.01502503,0.02180038,-0.01257879,0.9995702,-0.0365702,-0.01554973,-0.01153279,-0.03253043,1.020596,-0.03021559,0.02551187,-0.3040047,0.3499792,0.9264899,1
75.59724408,0.3048264,-0.2955557,1.275247,-0.007640149,0.0088712,0.004923122,0.9999194,-0.01572501,0.02206129,-0.01188378,0.9995623,-0.03290512,-0.01921481,-0.006646017,-0.08558813,1.014747,-0.03468526,0.02741957,-0.3002678,0.3454264,0.9218866,1
75.66737918,0.3048684,-0.2953948,1.277199,-0.008228228,0.009371283,0.004097839,0.9999138,-0.0164362,0.02229439,-0.01147737,0.9995504,-0.03168342,-0.009441256,-0.006646017,-0.07844219,1.012203,-0.03192761,0.02919412,-0.30415,0.3508792,0.9261305,1
75.73810208,0.3048938,-0.2951378,1.278981,-0.007843878,0.00961505,0.004243894,0.9999141,-0.0164362,0.02229439,-0.01147737,0.9995504,-0.04023528,0.008884161,0.009236012,-0.05547273,1.018502,-0.03761463,0.02734824,-0.3012164,0.3499738,0.9338068,1
75.80719258,0.3049318,-0.2949151,1.280819,-0.008079702,0.009876742,0.003801751,0.9999114,-0.01747728,0.0231413,-0.01205586,0.9995066,-0.0353485,-0.004554478,-0.002980933,-0.06584685,1.016079,-0.03367294,0.02737153,-0.3031251,0.3490649,0.9297231,1
75.87707747,0.3050269,-0.2947403,1.282745,-0.008837956,0.01032663,0.003424808,0.9999018,-0.01747728,0.0231413,-0.01205586,0.9995066,-0.04023528,-0.006997867,-0.002980933,-0.05745784,1.016663,-0.03243195,0.02554615,-0.3049606,0.3481606,0.9293664,1
75.94742838,0.3051368,-0.2946193,1.284683,-0.009567657,0.01080269,0.002926322,0.9998916,-0.01747728,0.0231413,-0.01205586,0.9995066,-0.02435326,0.0003323,-0.006646017,-0.06534897,1.017523,-0.03442984,0.02647048,-0.3049972,0.3481582,0.9291226,1
76.01782727,0.3052192,-0.2943114,1.286352,-0.009154307,0.01068101,0.003565877,0.9998948,-0.0182036,0.02346736,-0.01170055,0.9994904,-0.03168342,0.003997383,-0.002980933,-0.06634504,1.013134,-0.03535202,0.03017881,-0.3041907,0.3472391,0.9285746,1
76.08717667,0.3053522,-0.2941229,1.2882,-0.009692539,0.01126329,0.003188504,0.9998846,-0.01916617,0.02376285,-0.01111939,0.999472,-0.04267867,-0.003332783,-0.007867711,-0.06364242,1.008948,-0.03405618,0.02545152,-0.3040005,0.353617,0.9401341,1
76.15744457,0.305516,-0.2940338,1.290115,-0.009767165,0.01172616,0.002845202,0.9998795,-0.02084821,0.02428822,-0.01050438,0.9994323,-0.0365702,-0.008219562,-0.006646017,-0.05968052,1.013222,-0.03705726,0.02555713,-0.3040078,0.3472509,0.956095,1
76.22718337,0.3056838,-0.2939667,1.292,-0.01026083,0.01197627,0.002532051,0.9998725,-0.02084821,0.02428822,-0.01050438,0.9994323,-0.03290512,0.003997383,-0.02374974,-0.06190773,1.011836,-0.03458511,0.02460951,-0.3020625,0.3481623,0.9586326,1
76.29731547,0.3056838,-0.2939667,1.292,-0.01026083,0.01197627,0.002532051,0.9998725,-0.02155785,0.02447623,-0.009716157,0.9994206,-0.02924003,-0.006997867,-0.002980933,-0.0633747,1.016978,-0.03564595,0.02465199,-0.3049261,0.3463441,0.957661,0
76.36738107,0.3060831,-0.2935708,1.29541,-0.009744382,0.01230868,0.003914806,0.9998691,-0.02213498,0.02458604,-0.007699162,0.999423,-0.03412681,-0.006997867,-0.005424321,-0.06536875,1.006717,-0.03869774,0.02737841,-0.3012185,0.3481549,0.9520317,1
76.43765178,0.3063612,-0.2935086,1.297304,-0.009731085,0.01286614,0.004258278,0.9998609,-0.0223364,0.02474116,-0.005975311,0.9994264,-0.03168342,0.006440773,0.000684153,-0.06238115,1.018388,-0.03812148,0.02558863,-0.3078241,0.3463424,0.9609759,1
76.50719958,0.3066619,-0.2934454,1.299201,-0.009907712,0.01327464,0.004504346,0.9998528,-0.02239843,0.02513346,-0.004744883,0.9994218,-0.04634375,0.007662467,0.005570929,-0.06338774,1.010107,-0.03800448,0.0264513,-0.3040423,0.3490674,0.9509261,1
76.57743278,0.3069273,-0.2932096,1.300809,-0.009214074,0.01338694,0.006011283,0.9998499,-0.02239843,0.02513346,-0.004744883,0.9994218,-0.02924003,-0.000889394,-0.001759239,-0.03328724,1.012777,-0.03157923,0.02742089,-0.304082,0.3463368,0.9579299,1
76.64735358,0.3072254,-0.293058,1.30259,-0.009595911,0.01406637,0.006186192,0.999836,-0.02232352,0.02571012,-0.003926219,0.9994124,-0.0365702,-0.01677142,-0.0103111,-0.0643692,1.017083,-0.02975158,0.02376061,-0.3020312,0.3436175,0.9598289,1
76.71750808,0.3075391,-0.2929269,1.304473,-0.009825496,0.01477113,0.00577897,0.9998259,-0.02234509,0.02635023,-0.003518107,0.9993967,-0.02557495,-0.004554478,-0.0103111,-0.06139806,1.017159,-0.03736404,0.02554205,-0.3040068,0.3481604,0.9472882,1
76.78770339,0.3078273,-0.292792,1.306292,-0.01049627,0.01542094,0.004932809,0.9998139,-0.02234509,0.02635023,-0.003518107,0.9993967,-0.03046173,-0.005776173,-0.01153279,-0.05942511,1.016879,-0.03710939,0.02278003,-0.3029443,0.3472578,0.9374044,1
76.85723889,0.3078273,-0.292792,1.306292,-0.01049627,0.01542094,0.004932809,0.9998139,-0.02245237,0.0269313,-0.003465504,0.999379,-0.03290512,-0.003332783,-0.005424321,-0.06979471,1.012399,-0.04026516,0.0236673,-0.3048854,0.3499842,0.93506,0
76.92799389,0.3083132,-0.2922619,1.309618,-0.01086286,0.01546841,0.004825653,0.9998097,-0.02339269,0.02793611,-0.004847971,0.9993242,-0.04267867,0.007662467,-0.01519788,-0.0675777,1.012897,-0.03658044,0.02827667,-0.3022068,0.3499717,0.9421553,1
76.99737289,0.3085623,-0.2921236,1.311514,-0.01131581,0.01578008,0.003812189,0.9998042,-0.02402342,0.02821075,-0.006321845,0.9992932,-0.02190987,0.008884161,-0.009089405,-0.05572345,1.016547,-0.03807857,0.02547759,-0.3030488,0.3517978,0.9455385,1
77.06755799,0.3088245,-0.2920024,1.313369,-0.01207985,0.01617093,0.003043889,0.9997917,-0.02402342,0.02821075,-0.006321845,0.9992932,-0.02068817,-0.005776173,-0.0103111,-0.06487007,1.010409,-0.03604637,0.02085592,-0.3028659,0.3518097,0.9442491,1
77.13728829,0.3088245,-0.2920024,1.313369,-0.01207985,0.01617093,0.003043889,0.9997917,-0.02447648,0.02846605,-0.006829433,0.9992716,-0.04023528,0.005219078,-0.01153279,-0.05424375,1.015272,-0.03977688,0.02091217,-0.3019162,0.3481717,0.9521042,0
77.20727989,0.3094001,-0.2914357,1.316622,-0.01256327,0.01672983,0.004278371,0.999772,-0.02475899,0.02884171,-0.00625859,0.9992577,-0.03901359,0.02843127,-0.02252804,-0.1018868,1.010219,-0.03244809,0.02094644,-0.3028722,0.3463531,0.9503926,1
77.27770189,0.3097909,-0.2913154,1.31856,-0.01276158,0.01749415,0.003772953,0.9997585,-0.02490509,0.029285,-0.005151365,0.9992475,-0.02924003,0.01010586,-0.01641957,-0.05005732,1.009765,-0.0433736,0.02278281,-0.3000838,0.3463477,0.9535852,1
77.34719739,0.3097909,-0.2913154,1.31856,-0.01276158,0.01749415,0.003772953,0.9997585,-0.02502865,0.02985247,-0.004019972,0.9992327,-0.02557495,-0.004554478,-0.009089405,-0.06336523,1.01988,-0.03765389,0.02370026,-0.302027,0.3472552,0.9582383,0
77.41765459,0.3097909,-0.2913154,1.31856,-0.01276158,0.01749415,0.003772953,0.9997585,-0.02502865,0.02985247,-0.004019972,0.9992327,-0.02679664,0.1090631,-0.02252804,-0.06631505,1.027836,-0.03187759,0.02276084,-0.3019894,0.348167,0.9338038,0
77.48740799,0.3109329,-0.2906573,1.323899,-0.01404988,0.02026163,0.003057037,0.9996914,-0.02523894,0.03110854,-0.003384478,0.9991915,-0.03046173,0.08462922,-0.02863652,-0.06313349,1.011772,-0.04073127,0.01535927,-0.3036034,0.3490959,0.9075748,1
77.55788299,0.3112644,-0.290556,1.325804,-0.01448573,0.02113091,0.002175066,0.9996695,-0.0256986,0.03221921,-0.004397789,0.9991407,-0.03901359,0.07363396,-0.0103111,-0.07028012,1.016078,-0.0398279,0.02089708,-0.3019152,0.3490812,0.9213959,1
77.62772879,0.3112644,-0.290556,1.325804,-0.01448573,0.02113091,0.002175066,0.9996695,-0.02647953,0.03376367,-0.007484136,0.9990508,-0.009692922,0.0663038,-0.0335233,-0.07050706,1.016362,-0.05433258,0.0198932,-0.3009196,0.3536305,0.9255556,0
77.69744699,0.3112644,-0.290556,1.325804,-0.01448573,0.02113091,0.002175066,0.9996695,-0.02731439,0.03536601,-0.01158095,0.9989339,-0.04634375,0.09684616,-0.02130635,-0.06930914,1.012478,-0.03412102,0.01533187,-0.3007409,0.3500046,0.9300439,0
77.76718999,0.3112644,-0.290556,1.325804,-0.01448573,0.02113091,0.002175066,0.9996695,-0.02805348,0.0366422,-0.01519493,0.9988191,-0.0365702,0.1115065,-0.01519788,-0.06905382,1.010622,-0.04392415,0.01714627,-0.2998581,0.3518185,0.9529452,0
77.83797818,0.3118363,-0.2898802,1.332765,-0.01573496,0.02162247,0.002532532,0.9996392,-0.02867788,0.03755012,-0.01736725,0.998732,-0.05489562,0.2165722,-0.005424321,-0.0702396,1.024144,-0.05616454,0.00886841,-0.2985783,0.3491113,0.9526232,1
77.90747748,0.3118363,-0.2898802,1.332765,-0.01573496,0.02162247,0.002532532,0.9996392,-0.02867788,0.03755012,-0.01736725,0.998732,-0.05733901,0.233676,-0.000537541,-0.06435383,1.011396,-0.05154243,0.002361002,-0.3002267,0.3518566,0.9272988,0
77.97763928,0.3118363,-0.2898802,1.332765,-0.01573496,0.02162247,0.002532532,0.9996392,-0.02916224,0.03757459,-0.01777508,0.99871,-0.06955595,0.2788786,0.01412279,-0.07547031,1.011769,-0.04100729,-0.003147952,-0.2981028,0.349142,0.9357246,0
78.04749818,0.3118363,-0.2898802,1.332765,-0.01573496,0.02162247,0.002532532,0.9996392,-0.0295507,0.0375305,-0.0181692,0.9986931,-0.1343058,0.3167511,0.03977837,-0.06264045,1.010764,-0.0421901,-0.01232963,-0.3015555,0.3464383,0.9466364,0
78.11746838,0.3118363,-0.2898802,1.332765,-0.01573496,0.02162247,0.002532532,0.9996392,-0.02999383,0.03740226,-0.01861269,0.9986765,-0.06466917,0.325303,-0.006646017,-0.06388468,1.005644,-0.04334811,-0.02440634,-0.3010758,0.3501068,0.9589969,0
78.18728768,0.3118363,-0.2898802,1.332765,-0.01573496,0.02162247,0.002532532,0.9996392,-0.03042134,0.03727654,-0.01908189,0.9986594,-0.05733901,0.4010481,-0.01397618,-0.07006638,1.009677,-0.02621805,-0.02990988,-0.3037199,0.3483028,0.973522,0
78.25756328,0.3118363,-0.2898802,1.332765,-0.01573496,0.02162247,0.002532532,0.9996392,-0.03090768,0.03733877,-0.01900164,0.9986438,-0.06344748,0.3631755,0.01534449,-0.07791426,1.013058,-0.05651499,-0.04189739,-0.2994322,0.3456044,0.9743991,0
78.32747238,0.3118363,-0.2898802,1.332765,-0.01573496,0.02162247,0.002532532,0.9996392,-0.03155621,0.0375093,-0.01733298,0.9986473,-0.04267867,0.3656189,-0.0103111,-0.06092159,1.008066,-0.04067238,-0.05017803,-0.3010128,0.3438073,0.9663308,0
78.39716028,0.3118363,-0.2898802,1.332765,-0.01573496,0.02162247,0.002532532,0.9996392,-0.03155621,0.0375093,-0.01733298,0.9986473,-0.04878715,0.341185,-0.006646017,-0.07277299,1.004383,-0.04138565,-0.05842849,-0.3025954,0.3401913,0.9755907,0
78.46824159,0.3118363,-0.2898802,1.332765,-0.01573496,0.02162247,0.002532532,0.9996392,-0.0323281,0.03784566,-0.01412279,0.9986606,-0.04267867,0.3326332,-0.02252804,-0.06336238,1.01684,-0.04522869,-0.0667475,-0.3022663,0.3402126,0.9794073,0
78.53721329,0.3118363,-0.2898802,1.332765,-0.01573496,0.02162247,0.002532532,0.9996392,-0.03271371,0.038179,-0.01280828,0.9986531,-0.05123053,0.3570671,-0.01275449,-0.07300489,1.010237,-0.04220796,-0.08328682,-0.3035218,0.334799,0.963385,0
78.60745428,0.3118363,-0.2898802,1.332765,-0.01573496,0.02162247,0.002532532,0.9996392,-0.03296709,0.03861483,-0.01218205,0.9986358,-0.06466917,0.3656189,-0.02130635,-0.05991131,1.016807,-0.0427621,-0.08793178,-0.3014303,0.3357198,0.9596612,0
78.67755069,0.3118363,-0.2898802,1.332765,-0.01573496,0.02162247,0.002532532,0.9996392,-0.03322688,0.03910685,-0.01161397,0.9986148,-0.06100409,0.4731281,-0.01641957,-0.06833068,1.004784,-0.04138052,-0.1026265,-0.3018052,0.3303014,0.953674,0
78.74749279,0.3118363,-0.2898802,1.332765,-0.01573496,0.02162247,0.002532532,0.9996392,-0.03356075,0.03964404,-0.01150475,0.9985837,-0.07199934,0.4902318,-0.009089405,-0.06339211,1.012913,-0.02968903,-0.1108701,-0.3014812,0.3257755,0.9656975,0
78.81731439,0.3118363,-0.2898802,1.332765,-0.01573496,0.02162247,0.002532532,0.9996392,-0.03356075,0.03964404,-0.01150475,0.9985837,-0.08543798,0.5195525,0.004349235,-0.06536933,1.007977,-0.03601252,-0.1191617,-0.3040145,0.3248881,0.9678749,0
78.88768839,0.3118363,-0.2898802,1.332765,-0.01573496,0.02162247,0.002532532,0.9996392,-0.03414284,0.04017148,-0.01191957,0.9985381,-0.06589086,0.3961613,0.005570929,-0.07795282,1.003216,-0.04482222,-0.1274314,-0.3046423,0.3221813,0.9775634,0
78.95831859,0.3118363,-0.2898802,1.332765,-0.01573496,0.02162247,0.002532532,0.9996392,-0.03414284,0.04017148,-0.01191957,0.9985381,-0.03779189,0.4792365,0.0116794,-0.06040356,1.009534,-0.0566669,-0.139349,-0.3060807,0.3167559,0.9850646,0
79.02724039,0.3118363,-0.2898802,1.332765,-0.01573496,0.02162247,0.002532532,0.9996392,-0.03565631,0.04120975,-0.01436775,0.9984106,-0.06100409,0.4841233,-0.02741482,-0.07471692,1.020879,-0.03474703,-0.1531207,-0.302678,0.3104247,0.9754956,0
79.09859489,0.3118363,-0.2898802,1.332765,-0.01573496,0.02162247,0.002532532,0.9996392,-0.03654635,0.04190527,-0.01612077,0.9983227,-0.1123153,0.5110006,0.03855668,-0.09492223,1.018975,-0.05909975,-0.1631856,-0.3051434,0.3049948,0.9427275,0
79.16711049,0.3118363,-0.2898802,1.332765,-0.01573496,0.02162247,0.002532532,0.9996392,-0.03704064,0.04211117,-0.01680054,0.9982846,-0.06100409,0.4059348,-0.01519788,-0.06311776,1.014853,-0.04716554,-0.167725,-0.3030591,0.2995496,0.9214992,0
79.23763419,0.3118363,-0.2898802,1.332765,-0.01573496,0.02162247,0.002532532,0.9996392,-0.03743198,0.04211911,-0.01725851,0.9982619,-0.04390037,0.4829016,-0.02985821,-0.07394452,1.020502,-0.05980755,-0.1814542,-0.3025199,0.2914002,0.9206355,0
79.30735169,0.3118363,-0.2898802,1.332765,-0.01573496,0.02162247,0.002532532,0.9996392,-0.03743198,0.04211911,-0.01725851,0.9982619,-0.03412681,0.5671985,-0.03963177,-0.07153588,1.01184,-0.03067659,-0.1878642,-0.3022681,0.287779,0.9143708,0
79.37768969,0.3118363,-0.2898802,1.332765,-0.01573496,0.02162247,0.002532532,0.9996392,-0.03758276,0.04213156,-0.01751088,0.9982514,0.03184469,0.4364772,-0.0530704,-0.06681556,1.013387,-0.05231449,-0.2015633,-0.301731,0.2778107,0.9288052,0
79.44748159,0.3118363,-0.2898802,1.332765,-0.01573496,0.02162247,0.002532532,0.9996392,-0.03739957,0.04259289,-0.01760776,0.9982368,-0.04145698,0.4462508,-0.02741482,-0.09051611,1.00725,-0.05326723,-0.2107038,-0.3042329,0.2723784,0.9397906,0
79.51754009,0.3118363,-0.2898802,1.332765,-0.01573496,0.02162247,0.002532532,0.9996392,-0.03739957,0.04259289,-0.01760776,0.9982368,-0.1110936,0.3863877,0.008014318,-0.06535108,1.017046,-0.03368567,-0.2152157,-0.3050112,0.2660245,0.9500252,0
79.58732149,0.3118363,-0.2898802,1.332765,-0.01573496,0.02162247,0.002532532,0.9996392,-0.03726326,0.04305866,-0.01795463,0.9982159,-0.04756545,0.5000053,-0.01886296,-0.07521669,1.016448,-0.03787926,-0.2233565,-0.3075549,0.2560428,0.9418252,0
79.65802889,0.3118363,-0.2898802,1.332765,-0.01573496,0.02162247,0.002532532,0.9996392,-0.0371334,0.04349579,-0.01886308,0.998185,-0.004806144,0.529326,-0.06284396,-0.07892101,1.013051,-0.04152578,-0.2362752,-0.3051374,0.2542566,0.9352195,0
79.72750739,0.3118363,-0.2898802,1.332765,-0.01573496,0.02162247,0.002532532,0.9996392,-0.0371334,0.04349579,-0.01886308,0.998185,0.00985419,0.4902318,-0.02619313,-0.08160338,1.009239,-0.07244356,-0.2406514,-0.305925,0.2397177,0.9392736,0
79.79749359,0.3118363,-0.2898802,1.332765,-0.01573496,0.02162247,0.002532532,0.9996392,-0.03662092,0.04418062,-0.02172085,0.9981157,-0.1257539,0.4902318,0.04833024,-0.08330924,1.014548,-0.07915995,-0.2525087,-0.3073677,0.2306546,0.9433515,0
79.86845289,0.3118363,-0.2898802,1.332765,-0.01573496,0.02162247,0.002532532,0.9996392,-0.03662092,0.04418062,-0.02172085,0.9981157,-0.1367491,0.5329911,0.04100007,-0.07323068,1.018528,-0.04331118,-0.2597704,-0.3099449,0.2233987,0.9325384,0
79.93756309,0.3118363,-0.2898802,1.332765,-0.01573496,0.02162247,0.002532532,0.9996392,-0.03635238,0.04437607,-0.02289554,0.9980906,-0.01091462,0.4963402,-0.04574024,-0.06020576,1.004064,-0.02930778,-0.2678822,-0.3086765,0.2106878,0.92903,0
80.00878469,0.3118363,-0.2898802,1.332765,-0.01573496,0.02162247,0.002532532,0.9996392,-0.03602123,0.0444118,-0.02380711,0.9980797,-0.004806144,0.429147,-0.04451855,-0.08135707,1.015756,-0.06049456,-0.2751631,-0.3102989,0.2043411,0.9469402,0
80.07718889,0.3118363,-0.2898802,1.332765,-0.01573496,0.02162247,0.002532532,0.9996392,-0.03546,0.04446743,-0.02444836,0.9980819,-0.08421628,0.4633545,-0.007867711,-0.06657299,1.015184,-0.04594997,-0.2824069,-0.3100167,0.1952657,0.939903,0
80.14857329,0.3118363,-0.2898802,1.332765,-0.01573496,0.02162247,0.002532532,0.9996392,-0.03546,0.04446743,-0.02444836,0.9980819,-0.03290512,0.4780148,-0.02497143,-0.09495907,1.009865,-0.04741754,-0.289578,-0.3126002,0.1825533,0.9380465,0
80.21729638,0.3118363,-0.2898802,1.332765,-0.01573496,0.02162247,0.002532532,0.9996392,-0.03491071,0.04451684,-0.0248675,0.9980887,-0.05367392,0.4877883,-0.01886296,-0.06979255,1.009618,-0.04686064,-0.2930833,-0.3115137,0.1707399,0.9464222,0
80.28877668,0.3118363,-0.2898802,1.332765,-0.01573496,0.02162247,0.002532532,0.9996392,-0.03423267,0.04458368,-0.02548795,0.9980935,-0.07444273,0.4560243,-0.006646017,-0.07519595,1.022732,-0.04239359,-0.3021991,-0.3092497,0.1625782,0.9492481,0
80.35749648,0.3118363,-0.2898802,1.332765,-0.01573496,0.02162247,0.002532532,0.9996392,-0.03347022,0.04448766,-0.02619184,0.9981055,-0.02801834,0.4315904,-0.03963177,-0.06660987,1.009332,-0.02841645,-0.3029534,-0.3101785,0.152577,0.9313802,0
80.42715678,0.3118363,-0.2898802,1.332765,-0.01573496,0.02162247,0.002532532,0.9996392,-0.03283058,0.04423252,-0.02655267,0.9981284,-0.06711256,0.4902318,-0.01519788,-0.08534828,1.007049,-0.04317534,-0.3074009,-0.3119147,0.1425855,0.947816,0
80.49723618,0.3118363,-0.2898802,1.332765,-0.01573496,0.02162247,0.002532532,0.9996392,-0.03194068,0.04335396,-0.02635188,0.9982013,-0.08543798,0.5659769,-0.01519788,-0.08679852,1.015011,-0.05189547,-0.3173272,-0.3115292,0.1280606,0.9593887,0
80.56740268,0.3118363,-0.2898802,1.332765,-0.01573496,0.02162247,0.002532532,0.9996392,-0.03194068,0.04335396,-0.02635188,0.9982013,-0.129419,0.517109,0.06299056,-0.07816009,1.020823,-0.0433564,-0.3189125,-0.3095672,0.1116951,0.9438228,0
80.63709468,0.3118363,-0.2898802,1.332765,-0.01573496,0.02162247,0.002532532,0.9996392,-0.03144034,0.04284281,-0.02626314,0.9982415,-0.08665967,0.5232175,0.009236012,-0.07252001,1.010574,-0.0350845,-0.3232817,-0.3084483,0.09624638,0.9275054,0
80.70715508,0.3118363,-0.2898802,1.332765,-0.01573496,0.02162247,0.002532532,0.9996392,-0.03102227,0.04250896,-0.02627168,0.9982687,-0.05489562,0.517109,-0.01641957,-0.08951625,1.020621,-0.03920338,-0.3240429,-0.3112836,0.0871551,0.9332416,0
80.77729898,0.3118363,-0.2898802,1.332765,-0.01573496,0.02162247,0.002532532,0.9996392,-0.03072112,0.04231445,-0.02642523,0.9982821,-0.03046173,0.425482,-0.02497143,-0.08263583,1.011525,-0.03389424,-0.3293749,-0.3082184,0.07352711,0.9222154,0
80.84715778,0.3118363,-0.2898802,1.332765,-0.01573496,0.02162247,0.002532532,0.9996392,-0.03038779,0.0422303,-0.02617578,0.9983025,-0.01213631,0.3399633,-0.03596668,-0.08335108,1.012763,-0.05062576,-0.334792,-0.3099149,0.06626631,0.9312746,0
80.91714778,0.3118363,-0.2898802,1.332765,-0.01573496,0.02162247,0.002532532,0.9996392,-0.03038779,0.0422303,-0.02617578,0.9983025,0.02451452,0.341185,-0.04818363,-0.08607485,1.014179,-0.04082235,-0.3336771,-0.3156859,0.05626155,0.9358563,0
80.98754838,0.3118363,-0.2898802,1.332765,-0.01573496,0.02162247,0.002532532,0.9996392,-0.03007123,0.04208929,-0.02459183,0.9983582,0.03306638,0.4022698,-0.06895243,-0.09149804,1.011976,-0.04866831,-0.3317009,-0.3138609,0.04807146,0.9356524,0
81.05717048,0.3118363,-0.2898802,1.332765,-0.01573496,0.02162247,0.002532532,0.9996392,-0.02989118,0.0419478,-0.02338046,0.9983987,-0.07810781,0.4548026,-0.007867711,-0.08679036,1.01517,-0.05779606,-0.3305955,-0.31391,0.03715589,0.935972,0
81.12779738,0.3118363,-0.2898802,1.332765,-0.01573496,0.02162247,0.002532532,0.9996392,-0.02916258,0.04187428,-0.02303813,0.9984314,-0.1147586,0.4450291,-0.0103111,-0.08950436,1.019484,-0.05024631,-0.3332245,-0.3157173,0.02897856,0.9268973,0
81.19729618,0.3118363,-0.2898802,1.332765,-0.01573496,0.02162247,0.002532532,0.9996392,-0.02892519,0.04199879,-0.02376177,0.9984161,-0.07688612,0.341185,0.000684153,-0.0875294,1.018681,-0.05244173,-0.3358356,-0.3146653,0.01898167,0.9116344,0
81.26737438,0.3118363,-0.2898802,1.332765,-0.01573496,0.02162247,0.002532532,0.9996392,-0.02892519,0.04199879,-0.02376177,0.9984161,-0.1281973,0.425482,0.03855668,-0.08361059,1.013664,-0.03933428,-0.3411814,-0.3154133,0.007173466,0.906733,0
81.33754438,0.3118363,-0.2898802,1.332765,-0.01573496,0.02162247,0.002532532,0.9996392,-0.02873668,0.04213873,-0.02425566,0.9984037,-0.09887662,0.3558454,0.01656618,-0.07398229,1.015914,-0.0393431,-0.3344888,-0.3147312,-0.006484826,0.9166208,0
81.40839378,0.3118363,-0.2898802,1.332765,-0.01573496,0.02162247,0.002532532,0.9996392,-0.0286138,0.0422116,-0.02465464,0.9983945,-0.08543798,0.2129071,0.01778787,-0.06432842,1.019381,-0.05657284,-0.3418437,-0.3096737,-0.01010478,0.9193489,0
81.47707688,0.3118363,-0.2898802,1.332765,-0.01573496,0.02162247,0.002532532,0.9996392,-0.02848051,0.04229449,-0.0249903,0.9983863,-0.03168342,0.2385627,-0.01397618,-0.08608248,1.013012,-0.03711908,-0.340785,-0.3163943,-0.01647156,0.9156923,0
81.54744728,0.3118363,-0.2898802,1.332765,-0.01573496,0.02162247,0.002532532,0.9996392,-0.02832223,0.04225496,-0.02531291,0.9983844,-0.00358445,0.1286102,-0.02741482,-0.0870713,1.011549,-0.03832922,-0.3398085,-0.3145274,-0.02011212,0.9253989,0
81.61858078,0.3118363,-0.2898802,1.332765,-0.01573496,0.02162247,0.002532532,0.9996392,-0.02832223,0.04225496,-0.02531291,0.9983844,-0.07444273,0.08340751,0.000684153,-0.08212647,1.016851,-0.03642745,-0.3341898,-0.3176125,-0.02376337,0.9334855,0
81.68751458,0.3118363,-0.2898802,1.332765,-0.01573496,0.02162247,0.002532532,0.9996392,-0.02778344,0.04199101,-0.02547375,0.9984066,-0.07077765,-0.000889394,0.01778787,-0.08163533,1.012857,-0.04177542,-0.3397057,-0.3173952,-0.02556804,0.9303035,0
81.75715798,0.3118363,-0.2898802,1.332765,-0.01573496,0.02162247,0.002532532,0.9996392,-0.02743101,0.0418555,-0.02553504,0.9984204,-0.02068817,-0.002111089,-0.02619313,-0.07694907,1.016041,-0.03468271,-0.3369752,-0.3146414,-0.02375695,0.9331489,0
81.82741998,0.3118363,-0.2898802,1.332765,-0.01573496,0.02162247,0.002532532,0.9996392,-0.02714009,0.04182272,-0.02548275,0.9984311,0.006189108,-0.01188464,-0.04451855,-0.07495695,1.016047,-0.04844065,-0.3369437,-0.3184576,-0.02466547,0.9305982,0
81.89720158,0.3118363,-0.2898802,1.332765,-0.01573496,0.02162247,0.002532532,0.9996392,-0.02692346,0.04188135,-0.02437052,0.9984624,-0.04878715,-0.05586565,0.005570929,-0.07004911,1.011488,-0.03607466,-0.3368943,-0.3194146,-0.02739355,0.9304749,0
81.96739908,0.3118363,-0.2898802,1.332765,-0.01573496,0.02162247,0.002532532,0.9996392,-0.02692346,0.04188135,-0.02437052,0.9984624,-0.08543798,-0.08518631,0.04588685,-0.08335455,1.012802,-0.04792294,-0.3388197,-0.315522,-0.02375199,0.9406286,0
82.03785488,0.3118363,-0.2898802,1.332765,-0.01573496,0.02162247,0.002532532,0.9996392,-0.02666113,0.04196357,-0.02313457,0.9984953,-0.05123053,-0.03387515,-0.001759239,-0.08112875,1.014955,-0.04794854,-0.3389418,-0.3116994,-0.01738688,0.9413307,0
82.10728738,0.3118363,-0.2898802,1.332765,-0.01573496,0.02162247,0.002532532,0.9996392,-0.02635777,0.04212417,-0.02245464,0.9985121,-0.013358,0.006440773,-0.02741482,-0.07965831,1.012782,-0.04422712,-0.3351607,-0.3137586,-0.02194305,0.9375051,0
82.17744058,0.3118363,-0.2898802,1.332765,-0.01573496,0.02162247,0.002532532,0.9996392,-0.02635777,0.04212417,-0.02245464,0.9985121,-0.00358445,0.03087466,-0.02619313,-0.08310723,1.013041,-0.04792578,-0.3380174,-0.311736,-0.01738925,0.9394814,0
82.24739087,0.3118363,-0.2898802,1.332765,-0.01573496,0.02162247,0.002532532,0.9996392,-0.02599058,0.04251693,-0.02227817,0.998509,-0.01580139,-0.006997867,-0.0323016,-0.08262756,1.011181,-0.04077064,-0.3389144,-0.3145619,-0.01829562,0.9416184,0
82.31754817,0.3118363,-0.2898802,1.332765,-0.01573496,0.02162247,0.002532532,0.9996392,-0.02568646,0.04254127,-0.02193863,0.9985234,-0.009692922,-0.002111089,-0.007867711,-0.0845933,1.013134,-0.04350704,-0.3407246,-0.3163985,-0.0201093,0.9460429,0
82.38737117,0.3118363,-0.2898802,1.332765,-0.01573496,0.02162247,0.002532532,0.9996392,-0.0255413,0.04245336,-0.0215478,0.9985394,-0.01213631,0.008884161,-0.02130635,-0.08409753,1.014101,-0.04351977,-0.3360838,-0.3175362,-0.02103034,0.9439681,0
82.45823837,0.3118363,-0.2898802,1.332765,-0.01573496,0.02162247,0.002532532,0.9996392,-0.025436,0.04225157,-0.02124126,0.9985573,-0.04512206,0.06263871,-0.02130635,-0.08458473,1.009779,-0.05599254,-0.3351374,-0.3156672,-0.02285203,0.9419979,0
82.52781927,0.3118363,-0.2898802,1.332765,-0.01573496,0.02162247,0.002532532,0.9996392,-0.02571173,0.04194291,-0.02122184,0.9985634,-0.06589086,0.001553995,0.01290109,-0.08262552,1.01191,-0.04102691,-0.3371069,-0.3155857,-0.01557183,0.9479247,0
82.59720947,0.3118363,-0.2898802,1.332765,-0.01573496,0.02162247,0.002532532,0.9996392,-0.02575505,0.04156682,-0.02068543,0.9985895,-0.05245223,-0.03631853,0.005570929,-0.08111744,1.016583,-0.05362453,-0.3379598,-0.3146006,-0.02011686,0.9468876,0
82.66763177,0.3118363,-0.2898802,1.332765,-0.01573496,0.02162247,0.002532532,0.9996392,-0.02581967,0.04115122,-0.01950026,0.9986288,-0.06711256,-0.008219562,0.01656618,-0.08409873,1.01236,-0.04570653,-0.3360206,-0.31468,-0.02557819,0.936955,0
82.73722227,0.3118363,-0.2898802,1.332765,-0.01573496,0.02162247,0.002532532,0.9996392,-0.02577537,0.04097356,-0.01866916,0.9986531,-0.06589086,0.001553995,0.008014318,-0.07792273,1.015911,-0.04500528,-0.3370355,-0.3146372,-0.02011922,0.9367475,0
82.80772467,0.3037647,-0.3051854,1.423357,-0.004442573,0.01701964,-0.006232521,0.9998258,-0.02569416,0.04073279,-0.01780873,0.9986808,-0.07322104,-0.006997867,0.03000482,-0.08115254,1.009709,-0.03927118,-0.3342103,-0.3128434,-0.02376451,0.9359084,1
82.87739947,0.3037647,-0.3051854,1.423357,-0.004442573,0.01701964,-0.006232521,0.9998258,-0.02555426,0.04055732,-0.01706462,0.9987046,-0.09154645,0.05042177,0.01778787,-0.07595666,1.013954,-0.0425146,-0.3388087,-0.3145693,-0.02466166,0.9453912,0
82.94756217,0.3037647,-0.3051854,1.423357,-0.004442573,0.01701964,-0.006232521,0.9998258,-0.02555426,0.04055732,-0.01706462,0.9987046,-0.02557495,0.02843127,-0.02619313,-0.07891691,1.016012,-0.03935663,-0.3406958,-0.3125863,-0.02283852,0.9433404,0
83.01716436,0.3037647,-0.3051854,1.423357,-0.004442573,0.01701964,-0.006232521,0.9998258,-0.02535995,0.04051751,-0.01667268,0.9987177,-0.01702309,-0.008219562,-0.009089405,-0.08259447,1.023091,-0.04462881,-0.3388389,-0.3145671,-0.02284279,0.9306122,0
83.08780567,0.3037647,-0.3051854,1.423357,-0.004442573,0.01701964,-0.006232521,0.9998258,-0.02506042,0.04069044,-0.01677419,0.9987165,-0.06466917,-0.07052598,0.01900957,-0.0720248,1.003778,-0.04850221,-0.3397784,-0.3145295,-0.02193099,0.9166793,0
83.15791677,0.3038598,-0.3078378,1.426645,-0.003110034,0.01794108,-0.00732388,0.9998075,-0.02486307,0.04087608,-0.0170366,0.9987095,-0.05245223,-0.01432803,0.01412279,-0.07572682,1.011883,-0.03339092,-0.3388238,-0.3145682,-0.02375222,0.9410423,1
83.22717277,0.3038369,-0.3082683,1.42701,-0.002644951,0.01766944,-0.007108914,0.9998151,-0.02466389,0.04095956,-0.01766631,0.9987,-0.04756545,0.03209636,0.000684153,-0.06830427,1.017019,-0.03959086,-0.339718,-0.3145337,-0.02556873,0.9480637,1
83.29772737,0.3037962,-0.3087238,1.42736,-0.00241791,0.01738893,-0.006937232,0.9998218,-0.02448385,0.040938,-0.01817889,0.9986962,-0.0585607,0.07852074,-0.007867711,-0.06634004,1.016336,-0.0334321,-0.3378954,-0.3155586,-0.02375436,0.9391998,1
83.36828937,0.3037962,-0.3087238,1.42736,-0.00241791,0.01738893,-0.006937232,0.9998218,-0.02448385,0.040938,-0.01817889,0.9986962,-0.04512206,0.06019533,-0.02497143,-0.07866035,1.018654,-0.04209751,-0.3378213,-0.3117496,-0.02921188,0.9319621,0
83.43719627,0.3037962,-0.3087238,1.42736,-0.00241791,0.01738893,-0.006937232,0.9998218,-0.02429601,0.04080567,-0.01859419,0.9986985,-0.03901359,-0.008219562,0.008014318,-0.07795325,1.009737,-0.0328739,-0.3415214,-0.3144637,-0.02829229,0.9264772,0
83.50902427,0.3037962,-0.3087238,1.42736,-0.00241791,0.01738893,-0.006937232,0.9998218,-0.02403316,0.04063916,-0.01848225,0.9987136,-0.03290512,-0.009441256,-0.01397618,-0.07495011,1.020983,-0.04482539,-0.3350771,-0.3156714,-0.02648976,0.9352396,0
83.57716057,0.3039715,-0.3108079,1.429596,-0.001937688,0.0172986,-0.006281732,0.9998288,-0.0235567,0.04040414,-0.01730621,0.9987556,-0.02557495,0.03942652,-0.01519788,-0.0720278,1.012083,-0.0314186,-0.3396768,-0.313583,-0.02829725,0.9250767,1
83.64839967,0.3040672,-0.3112403,1.429842,-0.001598177,0.01718521,-0.005073843,0.9998382,-0.02300148,0.04003983,-0.01547094,0.9988133,-0.02557495,0.002775689,-0.005424321,-0.07127646,1.011441,-0.04099227,-0.3377911,-0.3117517,-0.03103074,0.9356556,1
83.71735687,0.3041734,-0.3116665,1.430101,-0.001199164,0.01727472,-0.004355537,0.9998407,-0.02300148,0.04003983,-0.01547094,0.9988133,-0.04512206,0.02476619,-0.009089405,-0.07127146,1.017651,-0.03370894,-0.3405326,-0.3154582,-0.03193216,0.9432135,1
83.78804837,0.3042986,-0.3121082,1.430437,-0.001030918,0.01746634,-0.004042608,0.9998388,-0.02218782,0.0398747,-0.01350498,0.998867,0.01351927,-0.000889394,-0.02497143,-0.07472333,1.012429,-0.0449472,-0.3387305,-0.3117141,-0.03011894,0.9371478,1
83.85728847,0.3042986,-0.3121082,1.430437,-0.001030918,0.01746634,-0.004042608,0.9998388,-0.02185463,0.0401428,-0.01320355,0.9988676,0.008632496,0.001553995,-0.01764126,-0.07916249,1.016505,-0.03936435,-0.3405943,-0.3116398,-0.02920478,0.9383914,0
83.92724887,0.3042986,-0.3121082,1.430437,-0.001030918,0.01746634,-0.004042608,0.9998388,-0.02158121,0.040459,-0.01331345,0.9988592,-0.02679664,-0.009441256,-0.01886296,-0.08162864,1.015539,-0.04205985,-0.3359685,-0.3127765,-0.02921638,0.932319,0
83.99737387,0.3047498,-0.313672,1.432126,-0.000666987,0.01863292,-0.005292831,0.9998122,-0.02158121,0.040459,-0.01331345,0.9988592,-0.0145797,-0.005776173,-0.01275449,-0.07597155,1.009861,-0.03852336,-0.3377527,-0.3136614,-0.03284915,0.932395,1
84.06836237,0.3048693,-0.3140666,1.432441,-0.000604719,0.0185789,-0.004868286,0.9998153,-0.02136627,0.04077234,-0.01359965,0.9988473,-0.04756545,-0.000889394,0.006792624,-0.08039498,1.01401,-0.04473817,-0.3396837,-0.3154896,-0.02738736,0.9438309,1
84.13745387,0.3049526,-0.3144358,1.432665,-0.000377623,0.01850042,-0.004215368,0.9998199,-0.02122524,0.04105195,-0.01370955,0.9988374,-0.009692922,-0.000889394,-0.009089405,-0.07917774,1.008155,-0.04268461,-0.335937,-0.3165928,-0.0301249,0.9464483,1
84.20717797,0.3050191,-0.3148029,1.432894,-0.000108828,0.01844442,-0.00360151,0.9998234,-0.02106863,0.04123153,-0.01373735,0.9988328,-0.03046173,-0.009441256,-0.01275449,-0.08114275,1.011102,-0.04420653,-0.3368874,-0.317508,-0.02830343,0.9572995,1
84.27711537,0.3050577,-0.3151666,1.433174,3.54743E-05,0.01842883,-0.003000954,0.9998257,-0.02046811,0.04144331,-0.01415997,0.9988307,-0.04390037,-0.03998362,-0.001759239,-0.0806505,1.013863,-0.03834683,-0.3397193,-0.3107195,-0.02647907,0.9575103,1
84.34752547,0.3050945,-0.3155635,1.43354,0.000706619,0.01829931,-0.002529538,0.9998292,-0.02046811,0.04144331,-0.01415997,0.9988307,-0.03779189,-0.03143176,-0.01397618,-0.08016172,1.010648,-0.04051112,-0.3369875,-0.3117799,-0.02375764,0.9525079,1
84.41753327,0.3050945,-0.3155635,1.43354,0.000706619,0.01829931,-0.002529538,0.9998292,-0.02020356,0.04150717,-0.01402156,0.9988354,-0.03901359,-0.01188464,-0.007867711,-0.07965321,1.013978,-0.0459647,-0.337824,-0.31461,-0.02830175,0.953391,0
84.48725157,0.3050945,-0.3155635,1.43354,0.000706619,0.01829931,-0.002529538,0.9998292,-0.02020356,0.04150717,-0.01402156,0.9988354,-0.01824478,-0.003332783,-0.01764126,-0.0831124,1.015105,-0.0403369,-0.3368545,-0.3146497,-0.03103242,0.9467113,0
84.55851828,0.3052122,-0.3167727,1.435012,6.13837E-05,0.01897074,-0.002646382,0.9998166,-0.01989403,0.04154295,-0.01370698,0.9988445,-0.001141062,-0.01432803,-0.02741482,-0.08014652,1.014738,-0.04474806,-0.3359863,-0.3156359,-0.02739683,0.9389092,1
84.62733698,0.3051887,-0.3170478,1.435202,0.00016779,0.01862886,-0.002031557,0.9998245,-0.01975901,0.04156085,-0.01355119,0.9988485,8.06339E-05,-0.03143176,-0.02741482,-0.07965684,1.013267,-0.04447987,-0.3341198,-0.3128497,-0.02922112,0.9358786,1
84.69791698,0.3051424,-0.3173571,1.435429,0.000140298,0.01826593,-0.001725133,0.9998317,-0.01972022,0.04157091,-0.01337386,0.9988513,-0.004806144,-0.009441256,-0.02252804,-0.0831064,1.015037,-0.04500541,-0.3341515,-0.3195222,-0.02558178,0.9364649,1
84.76741888,0.3050546,-0.3176683,1.435639,0.000177689,0.01797204,-0.001477326,0.9998375,-0.01972022,0.04157091,-0.01337386,0.9988513,-0.04390037,-0.01554973,-0.001759239,-0.08558454,1.009694,-0.04640899,-0.3369478,-0.3175038,-0.0246657,0.9361328,1
84.83749538,0.3049295,-0.3179785,1.435794,0.000188124,0.0175947,-0.001231103,0.9998444,-0.0193393,0.04148392,-0.01399902,0.9988539,-0.0365702,-0.006997867,-0.01275449,-0.08680662,1.013097,-0.04916449,-0.3350689,-0.3175791,-0.0264893,0.944053,1
84.90729088,0.3048033,-0.3183199,1.436093,0.00032267,0.01719589,-0.001154773,0.9998515,-0.01874159,0.04147489,-0.0153115,0.9988463,-0.0805512,-0.05586565,0.008014318,-0.08113759,1.013551,-0.04375032,-0.3360618,-0.3156306,-0.02284966,0.9429146,1
84.97753327,0.304648,-0.3186787,1.436357,0.000756601,0.01648324,-0.00109925,0.9998633,-0.01816028,0.04145003,-0.01675532,0.998835,-0.05000884,-0.005776173,0.004349235,-0.07474395,1.010155,-0.03336357,-0.3323261,-0.3176867,-0.02467754,0.943877,1
85.04717807,0.3044829,-0.3190514,1.436656,0.000860551,0.0158355,-0.00105328,0.9998738,-0.0174744,0.04132622,-0.01910907,0.9988101,-0.02557495,0.0003323,-0.01519788,-0.08015546,1.012332,-0.04225574,-0.3332737,-0.3157414,-0.02376619,0.9523747,1
85.11720098,0.3043389,-0.3196239,1.437353,-5.51742E-05,0.01581266,-0.002590578,0.9998717,-0.01736415,0.04124378,-0.02057732,0.9987862,-0.01580139,-0.01554973,0.006792624,-0.08038709,1.012418,-0.05356266,-0.3369368,-0.3165511,-0.02557537,0.9521779,1
85.18771018,0.3041015,-0.3199697,1.437421,-1.23709E-05,0.01495847,-0.002828603,0.9998841,-0.01738533,0.04104091,-0.02220009,0.9987594,-0.04634375,-0.01310634,0.01290109,-0.07842119,1.015726,-0.04156316,-0.3332312,-0.318605,-0.02558438,0.9475303,1
85.25726258,0.3038572,-0.3203032,1.437527,0.000150371,0.01386342,-0.003188422,0.9998989,-0.01738533,0.04104091,-0.02220009,0.9987594,-0.06100409,-0.01677142,0.000684153,-0.07645045,1.013968,-0.04227024,-0.3378693,-0.3146069,-0.02557346,0.9399875,1
85.32733388,0.3036597,-0.3206384,1.437567,0.000154189,0.0127163,-0.003629196,0.9999126,-0.01750473,0.04061721,-0.02366889,0.9987409,-0.0353485,-0.003332783,-0.001759239,-0.07744011,1.013517,-0.04103734,-0.3322438,-0.3157853,-0.03013459,0.9389953,1
85.39737728,0.3034982,-0.3211534,1.437702,0.000724705,0.01171944,-0.004045195,0.9999229,-0.01759761,0.03988795,-0.02496891,0.9987372,-0.008471228,-0.006997867,-0.03596668,-0.08015088,1.013032,-0.0444777,-0.3369491,-0.3136896,-0.02557606,0.9403881,1
85.46740808,0.3034382,-0.3219331,1.438399,0.000183599,0.01160626,-0.005528157,0.9999173,-0.01745521,0.03897095,-0.02507084,0.9987732,0.01351927,-0.03387515,-0.0323016,-0.08016041,1.011886,-0.03930016,-0.3322781,-0.3148294,-0.02831595,0.9425453,1
85.53727478,0.3033639,-0.3223552,1.438543,0.000606815,0.01092382,-0.006004882,0.9999222,-0.01706847,0.03791508,-0.02335669,0.9988621,-0.006027838,0.005219078,-0.01275449,-0.08630553,1.014254,-0.0528664,-0.3323673,-0.3186373,-0.021949,0.9446414,1
85.60788619,0.3033307,-0.3227615,1.438466,0.001195262,0.01031332,-0.006418697,0.9999256,-0.01656271,0.03675041,-0.02046536,0.9989775,-0.0353485,0.0003323,-0.006646017,-0.08261435,1.011283,-0.05060261,-0.3323563,-0.3176846,-0.02285867,0.9407946,1
85.67710849,0.3034218,-0.3233802,1.438524,0.001750741,0.01001864,-0.006903412,0.9999245,-0.0160102,0.03552496,-0.0175369,0.9990866,-0.05367392,-0.05464395,-0.001759239,-0.08262835,1.011942,-0.03881551,-0.3342213,-0.3137962,-0.02285485,0.9445097,1
85.74962449,0.3037105,-0.3241846,1.439231,0.001491681,0.01094167,-0.009181445,0.9998969,-0.01556389,0.03450878,-0.01539148,0.9991645,-0.04756545,-0.03265345,0.009236012,-0.08262394,1.013396,-0.03957377,-0.3397701,-0.3164371,-0.02193053,0.9469696,1
85.81743299,0.3040081,-0.3246576,1.439182,0.002033974,0.01075897,-0.01029946,0.9998871,-0.01556389,0.03450878,-0.01539148,0.9991645,0.002524022,-0.02287989,-0.01153279,-0.08850943,1.00985,-0.07345238,-0.3351305,-0.3137607,-0.02376192,0.9456775,1
85.88762909,0.3042905,-0.3251822,1.439192,0.002737315,0.01080481,-0.01151516,0.9998716,-0.01494989,0.03344181,-0.01413289,0.9992288,-0.02924003,0.003997383,-0.007867711,-0.08187211,1.013502,-0.04817515,-0.3323522,-0.3186384,-0.02285844,0.9458276,1
85.95739429,0.3045124,-0.3258035,1.439214,0.003888446,0.01081,-0.01226534,0.9998588,-0.01456529,0.03309395,-0.01434478,0.9992431,-0.0805512,0.03087466,0.02756143,-0.08926646,1.018075,-0.04604741,-0.3360316,-0.3156328,-0.02466853,0.9396618,1
86.02732889,0.3047467,-0.3266193,1.439821,0.00367396,0.01171025,-0.0139838,0.999827,-0.01414672,0.03320428,-0.01539528,0.9992297,-0.0365702,0.09684616,-0.01275449,-0.08457552,1.013937,-0.05556097,-0.3397331,-0.3145327,-0.02465929,0.9264075,1
86.09727859,0.3049484,-0.3271249,1.439824,0.004387322,0.01156088,-0.0134792,0.9998328,-0.01355755,0.03338866,-0.01609037,0.9992209,-0.06222578,0.03820483,0.01045771,-0.09097443,1.010875,-0.07347323,-0.335062,-0.3156725,-0.0273992,0.9257947,1
86.1671491,0.3051814,-0.3275605,1.439766,0.004914567,0.01144039,-0.01305245,0.9998373,-0.01303811,0.03359236,-0.01625366,0.9992183,-0.008471228,-0.01066295,-0.03107991,-0.08653922,1.021131,-0.05050854,-0.3341706,-0.3185674,-0.02467257,0.9257481,1
86.2375792,0.3054373,-0.3278807,1.439698,0.005285199,0.01122741,-0.01295024,0.9998392,-0.01303811,0.03359236,-0.01625366,0.9992183,-0.03412681,-0.004554478,-0.009089405,-0.08410737,1.009951,-0.04345991,-0.3396768,-0.313583,-0.02829725,0.9152063,1
86.30705059,0.3056413,-0.3281963,1.439685,0.00570373,0.01077515,-0.01303568,0.9998408,-0.01261214,0.03370691,-0.01627309,0.9992196,-0.04634375,-0.004554478,-0.004202627,-0.08506793,1.014938,-0.05459356,-0.3369217,-0.3165521,-0.0264848,0.9277912,1
86.3776544,0.3057072,-0.3285388,1.439606,0.005791111,0.01030835,-0.01345303,0.9998396,-0.01232789,0.03346536,-0.0166293,0.9992254,-0.05367392,-0.0656392,0.008014318,-0.09049791,1.021082,-0.04240737,-0.3378227,-0.3184242,-0.02739141,0.9240846,1
86.4473789,0.3057072,-0.3285388,1.439606,0.005791111,0.01030835,-0.01345303,0.9998396,-0.01225415,0.0329854,-0.01737487,0.9992296,-0.04756545,-0.1328324,0.003127541,-0.07965599,1.010751,-0.0496046,-0.3360618,-0.3156306,-0.02284966,0.9128702,0
86.51741619,0.3055635,-0.3292636,1.43992,0.005178968,0.009374084,-0.0155319,0.9998221,-0.01225415,0.0329854,-0.01737487,0.9992296,-0.03046173,-0.1682615,-0.004202627,-0.08409605,1.014586,-0.04377252,-0.3342282,-0.3157028,-0.02194496,0.9255031,1
86.58733849,0.3054649,-0.3294313,1.439744,0.00531885,0.00847029,-0.01618994,0.9998189,-0.0123628,0.03228109,-0.0183455,0.9992338,-0.006027838,-0.1694832,-0.01764126,-0.0835907,1.014944,-0.05213239,-0.3371631,-0.3165354,-0.01193387,0.928577,1
86.65746479,0.3054632,-0.3296228,1.439568,0.005308027,0.007610881,-0.01661551,0.9998189,-0.01245877,0.03135367,-0.01937675,0.9992428,-0.01946648,-0.2110208,-0.009089405,-0.0855846,1.01596,-0.03519429,-0.3344285,-0.3147354,-0.01012256,0.9265378,1
86.72707269,0.3055001,-0.3297825,1.439323,0.005302629,0.006853443,-0.01659921,0.9998246,-0.01249944,0.03050546,-0.02025026,0.9992512,0.004967414,-0.2330113,-0.01519788,-0.07447723,1.013936,-0.0417734,-0.3372194,-0.317485,-0.008295904,0.9257289,1
86.79763839,0.3055461,-0.3298948,1.439165,0.005356444,0.006199623,-0.01611614,0.9998366,-0.01259133,0.02960703,-0.0207514,0.9992667,-0.01091462,-0.2562236,-0.002980933,-0.07176176,1.008602,-0.05225761,-0.3373715,-0.3136603,-0.000111929,0.9342625,1
86.867474,0.3055307,-0.3299654,1.439009,0.005361975,0.005794322,-0.01520447,0.9998534,-0.01268721,0.02852795,-0.02029489,0.9993064,-0.04512206,-0.2892093,0.003127541,-0.08311418,1.007104,-0.05324693,-0.3310741,-0.3158114,0.01078517,0.9522111,1
86.9376118,0.3055042,-0.3300581,1.438876,0.0054444,0.005497369,-0.01442818,0.9998661,-0.01262515,0.02809,-0.0194162,0.999337,-0.05733901,-0.2562236,0.01900957,-0.08014636,1.015488,-0.04353006,-0.334722,-0.3166221,0.008066558,0.9610763,1
87.0072948,0.3055077,-0.3302031,1.438675,0.005567174,0.005214263,-0.01384779,0.9998751,-0.01259106,0.02783055,-0.01864528,0.9993594,-0.009692922,-0.2244595,-0.002980933,-0.08409116,1.012275,-0.05160359,-0.3357739,-0.3184837,0.01625428,0.9505374,1
87.07824019,0.3055745,-0.3303106,1.438447,0.005635256,0.005077469,-0.01373636,0.9998769,-0.01262935,0.02759178,-0.01830168,0.9993718,-0.013358,-0.2831008,-0.0103111,-0.08654268,1.012146,-0.06389592,-0.3350511,-0.3137387,0.02716397,0.9460598,1
87.14716649,0.3057158,-0.3303414,1.43822,0.005597198,0.004959567,-0.01398447,0.9998743,-0.01262935,0.02759178,-0.01830168,0.9993718,-0.0145797,-0.2659971,-0.01519788,-0.08261367,1.011025,-0.05158193,-0.3351828,-0.3146831,0.03534909,0.9443857,1
87.21735169,0.3058975,-0.3303693,1.438063,0.005528979,0.004913365,-0.01428092,0.9998707,-0.01262911,0.02742591,-0.01844696,0.9993738,-0.05123053,-0.2244595,-0.004202627,-0.08557691,1.013869,-0.04474886,-0.3352802,-0.3165834,0.04171558,0.9461418,1
87.28762259,0.3060591,-0.3304102,1.437844,0.00547682,0.004953294,-0.01449756,0.9998677,-0.01262263,0.02724987,-0.01893083,0.9993696,-0.03046173,-0.2293462,-0.0103111,-0.08064124,1.013258,-0.04644827,-0.3354009,-0.316575,0.04899105,0.9425392,1
87.35758919,0.3062054,-0.3304891,1.437606,0.005549105,0.005113076,-0.01446178,0.999867,-0.01225444,0.02663481,-0.01959146,0.9993781,-0.02190987,-0.2085775,-0.009089405,-0.08064724,1.011821,-0.04446145,-0.3335797,-0.3137857,0.04989506,0.9422759,1
87.42731879,0.3063238,-0.3306053,1.437386,0.005634426,0.005219311,-0.01440535,0.9998667,-0.01196485,0.02641787,-0.01984653,0.9993822,-0.04267867,-0.1878086,-0.01519788,-0.08606406,1.009296,-0.05770954,-0.3318586,-0.315757,0.05807569,0.9469429,1
87.49789269,0.3064403,-0.3307051,1.437125,0.005847383,0.005418949,-0.01432321,0.9998657,-0.01196485,0.02641787,-0.01984653,0.9993822,-0.008471228,-0.2122425,0.004349235,-0.07965737,1.014275,-0.04228255,-0.3309796,-0.3157904,0.06080162,0.951113,1
87.56716619,0.306617,-0.3310045,1.437412,0.005353525,0.006233086,-0.01523381,0.9998503,-0.01158701,0.02629741,-0.02014913,0.9993838,-0.02313156,-0.2598886,0.008014318,-0.08308835,1.014583,-0.05949885,-0.3310783,-0.3138765,0.06625775,0.9448661,1
87.63734739,0.3067734,-0.3310944,1.437164,0.005695171,0.006345521,-0.01487312,0.9998531,-0.01107623,0.0261557,-0.0205728,0.9993847,-0.06344748,-0.2831008,0.005570929,-0.08482309,1.014954,-0.05311862,-0.3312333,-0.3129123,0.07535186,0.9362291,1
87.7077468,0.3069527,-0.331196,1.436922,0.006054607,0.006403737,-0.01427696,0.9998593,-0.01052264,0.0260213,-0.02098677,0.9993855,-0.05367392,-0.2708839,-0.005424321,-0.09494281,1.011938,-0.05604912,-0.3239551,-0.3141503,0.08260862,0.9315709,1
87.77762569,0.3071417,-0.331321,1.436662,0.006537073,0.006401616,-0.01362102,0.9998654,-0.009924126,0.02591293,-0.02120291,0.9993899,-0.008471228,-0.2586669,-0.005424321,-0.08728609,1.01696,-0.05290783,-0.3258614,-0.3112126,0.08534096,0.9305965,1
87.84717009,0.3072826,-0.331443,1.43635,0.006948554,0.006509287,-0.01304488,0.9998696,-0.009268741,0.02592779,-0.02143906,0.9993908,0.003745716,-0.31853,0.01534449,-0.08508176,1.011835,-0.04963357,-0.3223451,-0.3113463,0.09624469,0.9251873,1
87.91771059,0.3073637,-0.3315495,1.436109,0.007239062,0.006499723,-0.01264304,0.9998728,-0.008038258,0.02602159,-0.02232756,0.9993796,-0.05489562,-0.3649544,0.006792624,-0.08779544,1.014642,-0.04501122,-0.3224507,-0.311339,0.1026107,0.9305986,1
87.9872188,0.3073974,-0.3316816,1.435791,0.00765246,0.006468818,-0.01231855,0.9998739,-0.002984623,0.02560329,-0.0266822,0.9993114,-0.04512206,-0.2818791,0.004349235,-0.09197608,1.015071,-0.05485821,-0.319734,-0.3123984,0.1062416,0.9291242,1
88.0576455,0.3074278,-0.3319223,1.435565,0.008026768,0.006367226,-0.01207978,0.9998747,-0.002984623,0.02560329,-0.0266822,0.9993114,-0.0145797,-0.394275,0.005570929,-0.08730251,1.01564,-0.04281255,-0.3198656,-0.3133428,0.1144267,0.9243485,1
88.1273947,0.3074311,-0.3321153,1.435287,0.008388979,0.006317045,-0.01182073,0.9998751,-0.002984623,0.02560329,-0.0266822,0.9993114,0.001302328,-0.4761285,0.000684153,-0.08384048,1.012978,-0.05333346,-0.3136134,-0.3154908,0.1280521,0.923555,1
88.1977056,0.3074626,-0.3321869,1.435181,0.008776953,0.006258827,-0.01152372,0.9998756,-0.002984623,0.02560329,-0.0266822,0.9993114,-0.04023528,-0.4431428,0.01290109,-0.083867,1.00726,-0.04342051,-0.312796,-0.3117058,0.1335054,0.9328048,1
88.2671442,0.3074498,-0.3322805,1.435048,0.009080011,0.006192265,-0.01131595,0.9998756,-0.002309979,0.02556692,-0.02753633,0.999291,-0.0585607,-0.3258601,0.02145296,-0.08459988,1.008446,-0.0468801,-0.3083897,-0.3109201,0.1462254,0.9523784,1
88.33764999,0.3074031,-0.3325097,1.434941,0.00947233,0.006027164,-0.01124615,0.9998738,-0.002309979,0.02556692,-0.02753633,0.999291,-0.04634375,-0.3197517,0.01290109,-0.08015309,1.013057,-0.04275773,-0.3038929,-0.3101409,0.1534888,0.9605524,1
88.40762629,0.3074031,-0.3325097,1.434941,0.00947233,0.006027164,-0.01124615,0.9998738,-0.002309979,0.02556692,-0.02753633,0.999291,-0.07688612,-0.2317896,0.02633974,-0.0979101,1.011569,-0.0518731,-0.3030508,-0.3120788,0.1589435,0.9548883,0
88.47722699,0.3074031,-0.3325097,1.434941,0.00947233,0.006027164,-0.01124615,0.9998738,-0.001772215,0.02548802,-0.02798082,0.9992818,-0.007249534,-0.2721056,-0.02252804,-0.07177503,1.013263,-0.03389264,-0.300408,-0.3064583,0.1653011,0.9494151,0
88.5474956,0.3070876,-0.332652,1.434622,0.009921055,0.005447259,-0.01138203,0.9998713,-0.001772215,0.02548802,-0.02798082,0.9992818,0.06116536,-0.3576242,-0.01519788,-0.07568031,1.019882,-0.05439607,-0.2893681,-0.3088007,0.1689108,0.943917,1
88.61869129,0.3070876,-0.332652,1.434622,0.009921055,0.005447259,-0.01138203,0.9998713,-0.001772215,0.02548802,-0.02798082,0.9992818,-0.007249534,-0.4492513,0.01534449,-0.09469849,1.009955,-0.05774026,-0.2877266,-0.309813,0.1816384,0.9291993,0
88.6872099,0.3068295,-0.3327689,1.434415,0.01001996,0.005117796,-0.0117262,0.999868,-0.001772215,0.02548802,-0.02798082,0.9992818,-0.07322104,-0.4749068,0.01534449,-0.08804554,1.008168,-0.05401168,-0.2832901,-0.3090295,0.1925395,0.937084,1
88.75855739,0.3066428,-0.332842,1.434381,0.009917124,0.00494081,-0.01180285,0.999869,-0.001257739,0.02537949,-0.0282788,0.9992771,0.01718435,-0.3197517,0.009236012,-0.07670454,1.016061,-0.03296205,-0.2750245,-0.3074479,0.1952461,0.9474092,1
88.827213,0.306432,-0.3328575,1.434327,0.009892348,0.004727779,-0.01194644,0.9998686,-0.001257739,0.02537949,-0.0282788,0.9992771,0.006189108,-0.2721056,0.01290109,-0.08311365,1.006095,-0.05544425,-0.2723764,-0.3065954,0.2025142,0.9462137,1
88.8980827,0.3062629,-0.3328136,1.434307,0.009914139,0.00443135,-0.01201608,0.9998689,-0.001257739,0.02537949,-0.0282788,0.9992771,-0.06344748,-0.2415632,0.004349235,-0.08013973,1.012406,-0.0540534,-0.26886,-0.3067292,0.2134179,0.9579758,1
88.9673259,0.306135,-0.3328327,1.434257,0.01001984,0.004242823,-0.01218863,0.9998666,-0.000800071,0.02516977,-0.0282253,0.9992842,-0.02924003,-0.3405204,0.000684153,-0.07890228,1.015346,-0.05163515,-0.2615421,-0.3032023,0.2170358,0.9533322,1
89.0393763,0.3060425,-0.3329616,1.434223,0.01016913,0.003961794,-0.0123748,0.999864,-0.000800071,0.02516977,-0.0282253,0.9992842,8.06339E-05,-0.3356337,0.005570929,-0.07150225,1.013717,-0.05282229,-0.2570782,-0.3052813,0.2270282,0.9430609,1
89.10732619,0.3059302,-0.3331592,1.434352,0.009987153,0.004143348,-0.01303344,0.9998567,-0.000467716,0.02503325,-0.02812777,0.9992906,0.002524022,-0.2892093,0.000684153,-0.08851384,1.012907,-0.06464902,-0.2543875,-0.3072924,0.2324782,0.9399468,1
89.17831919,0.305773,-0.3332266,1.434337,0.01024775,0.003911361,-0.01301235,0.9998552,-0.000467716,0.02503325,-0.02812777,0.9992906,0.01596266,-0.2879876,0.01412279,-0.07988705,1.012584,-0.05823334,-0.2535248,-0.3035106,0.2352032,0.9373938,1
89.24720849,0.3056223,-0.3332728,1.434298,0.01048963,0.003751307,-0.01294055,0.9998543,-0.000467716,0.02503325,-0.02812777,0.9992906,0.00985419,-0.3845015,0.01656618,-0.07642792,1.010205,-0.06605494,-0.2452841,-0.3066949,0.2406392,0.9399791,1
89.31732319,0.3055254,-0.3333419,1.434212,0.01062252,0.003574443,-0.01294693,0.9998534,-0.000467716,0.02503325,-0.02812777,0.9992906,-0.03168342,-0.2269029,0.003127541,-0.08260788,1.007451,-0.06234393,-0.2388932,-0.3059919,0.2451696,0.9486543,1
89.38765179,0.3055075,-0.3333945,1.434173,0.01074015,0.003422126,-0.01304438,0.9998515,-0.00029964,0.02489956,-0.02806774,0.9992958,0.00985419,-0.2427849,0.01534449,-0.07741979,1.015795,-0.05237527,-0.2362011,-0.3013284,0.248799,0.9554961,1
89.4571363,0.3055279,-0.3334296,1.434182,0.01069489,0.003416368,-0.01315099,0.9998505,-0.000162123,0.02482492,-0.02819217,0.9992941,0.03306638,-0.322195,0.01534449,-0.08433867,1.008529,-0.05769424,-0.2363602,-0.2994103,0.2578929,0.9480225,1
89.52725469,0.3055159,-0.3334176,1.434179,0.0108395,0.003385164,-0.01297196,0.9998514,-0.000162123,0.02482492,-0.02819217,0.9992941,0.04161825,-0.3710628,0.01534449,-0.08258083,1.007648,-0.0824993,-0.2198387,-0.3010141,0.265126,0.9543428,1
89.597477,0.3054438,-0.3333979,1.434173,0.0107802,0.00345461,-0.0126425,0.999856,-0.000179675,0.02484362,-0.02766626,0.9993083,-0.06589086,-0.31853,0.01534449,-0.09319995,1.013481,-0.06516035,-0.2180435,-0.2991765,0.2678491,0.9558815,1
89.66714279,0.3053761,-0.333461,1.434202,0.01075019,0.003471845,-0.01228726,0.9998607,-0.000179675,0.02484362,-0.02766626,0.9993083,-0.1245322,-0.3612893,0.0116794,-0.08555371,1.012856,-0.06414948,-0.2116706,-0.3013328,0.274199,0.9449161,1
89.7374697,0.305355,-0.3335284,1.434179,0.01080256,0.003482759,-0.01202623,0.9998633,-0.00011976,0.02477258,-0.02641877,0.9993438,-0.1159803,-0.3649544,0.02389634,-0.07420639,1.014662,-0.05874088,-0.2080213,-0.3043364,0.277828,0.9387935,1
89.8074587,0.3054084,-0.3335232,1.434165,0.01098102,0.003571371,-0.01187111,0.9998629,2.57453E-05,0.02456003,-0.0254874,0.9993733,-0.06344748,-0.3906099,-0.004202627,-0.08705815,1.016414,-0.03962819,-0.198911,-0.3018323,0.2850791,0.9335149,1
89.8773905,0.305526,-0.3334783,1.434188,0.0112141,0.0036446,-0.01186874,0.9998601,0.000186349,0.02438718,-0.02480338,0.9993948,-0.07566442,-0.4199306,0.000684153,-0.0825981,1.01486,-0.05655248,-0.1925352,-0.3011282,0.2905189,0.9268618,1
89.9472117,0.3056473,-0.3334682,1.434191,0.0112263,0.003796601,-0.01204937,0.9998572,0.000186349,0.02438718,-0.02480338,0.9993948,-0.05367392,-0.4199306,0.02389634,-0.1026374,1.016115,-0.01410275,-0.1851694,-0.305233,0.2932292,0.9237217,1
90.0178264,0.3057329,-0.3335261,1.434216,0.01134391,0.003945535,-0.0121736,0.9998538,0.000362708,0.02445438,-0.02457446,0.9993986,-0.02190987,-0.4174872,0.008014318,-0.07520631,1.012071,-0.05354493,-0.171399,-0.3048216,0.2986501,0.9209374,1
90.0872606,0.3057621,-0.3335826,1.434186,0.01135711,0.004074501,-0.01210167,0.999854,0.000437786,0.0246203,-0.02469094,0.9993918,-0.004806144,-0.4211523,0.005570929,-0.07544105,1.016452,-0.05483753,-0.1605044,-0.3014326,0.3095339,0.9240825,1
90.1576511,0.3057836,-0.3336216,1.434218,0.01148302,0.004117481,-0.01197046,0.999854,0.000492998,0.02471133,-0.02480768,0.9993865,8.06339E-05,-0.3759496,0.005570929,-0.08556807,1.010761,-0.05699217,-0.1586791,-0.2995971,0.3104382,0.9248084,1
90.22737101,0.3058225,-0.3336299,1.434206,0.01164775,0.004121111,-0.01193701,0.9998524,0.000569368,0.02475708,-0.02516632,0.9993764,-0.04267867,-0.3649544,0.003127541,-0.07889134,1.015724,-0.05925924,-0.1485497,-0.2980897,0.3122306,0.9317899,1
90.29735091,0.3059011,-0.3336369,1.434185,0.01164861,0.004088841,-0.01200787,0.9998518,0.000569368,0.02475708,-0.02516632,0.9993764,-0.09032475,-0.3612893,0.01656618,-0.07644739,1.011427,-0.04911495,-0.139434,-0.3003536,0.3203923,0.9310191,1
90.36721471,0.3059878,-0.3336547,1.43414,0.01180868,0.003947054,-0.01177491,0.9998533,0.000613258,0.02475375,-0.02542457,0.99937,-0.002362756,-0.03509684,0.003127541,-0.07335868,0.9801152,-0.01474032,-0.1348123,-0.3005365,0.3203804,0.9433199,1
90.43791051,0.3060735,-0.3336776,1.434128,0.01186959,0.003851022,-0.01128687,0.9998584,0.000586558,0.02470559,-0.0255671,0.9993676,0.06971721,-0.1181721,0.009236012,-0.08724252,1.020981,-0.07877089,-0.1330514,-0.297743,0.3249222,0.9537005,1
90.50729381,0.3061178,-0.3336764,1.434112,0.0119287,0.003823634,-0.01079918,0.9998633,0.000620269,0.02458904,-0.02541678,0.9993742,0.06238705,-0.1511578,0.008014318,-0.0694883,1.016235,-0.07865881,-0.1303359,-0.2949881,0.3276427,0.9262429,1
90.57731081,0.3061329,-0.3336715,1.434102,0.0120636,0.003823774,-0.01050816,0.9998647,0.000612834,0.02454092,-0.02512367,0.9993829,0.02573622,-0.09984665,-0.004202627,-0.08357896,1.010049,-0.06975671,-0.1313027,-0.292088,0.3294632,0.9194953,1
90.64745911,0.3061465,-0.3337239,1.434059,0.01215001,0.003811833,-0.01027516,0.9998661,0.000659052,0.02457441,-0.02489654,0.9993876,0.0501701,-0.4431428,0.03122651,-0.06254581,0.9876419,-0.1551532,-0.120278,-0.2944293,0.3339824,0.9353766,1
90.71752491,0.3061643,-0.3338178,1.434013,0.0123606,0.003795089,-0.01015645,0.9998648,0.000659052,0.02457441,-0.02489654,0.9993876,-0.03290512,-0.1511578,-0.001759239,-0.06923252,1.022645,-0.07408115,-0.1175104,-0.289771,0.3330648,0.949077,1
90.78717401,0.3061917,-0.3338688,1.433961,0.01248081,0.003822748,-0.01020704,0.9998627,0.000697811,0.02464311,-0.02488959,0.9993861,-0.0353485,-0.2415632,0.005570929,-0.08429348,1.015289,-0.07991035,-0.1138611,-0.2927746,0.3366937,0.9236167,1
90.85736711,0.3062385,-0.3338912,1.433953,0.01277307,0.003762525,-0.01014851,0.9998599,0.00084662,0.02477738,-0.02502683,0.9993793,-0.02679664,-0.2684405,0.003127541,-0.06578549,1.011879,-0.08768013,-0.1092586,-0.2920026,0.3375911,0.9162294,1
90.92718621,0.3062842,-0.3339671,1.433899,0.01300075,0.003727814,-0.01000149,0.9998586,0.001075943,0.02497361,-0.0253112,0.9993669,-0.03901359,-0.2782141,0.000684153,-0.08899136,1.007474,-0.08644475,-0.103766,-0.2903113,0.3403047,0.9257776,1
90.99770751,0.3063122,-0.3340853,1.433815,0.01327447,0.003549456,-0.009696573,0.9998586,0.001075943,0.02497361,-0.0253112,0.9993669,-0.07322104,-0.2647754,-0.007867711,-0.06679035,0.9998188,-0.0956188,-0.09831056,-0.2905245,0.3457471,0.9426405,1
91.06740151,0.3063227,-0.3341892,1.433761,0.01361237,0.00330397,-0.009454429,0.9998572,0.001420564,0.02520555,-0.02564549,0.9993522,-0.04634375,-0.2281246,0.000684153,-0.07842334,0.9959489,-0.07519318,-0.09185809,-0.2936398,0.3475501,0.9652017,1
91.1373556,0.3062984,-0.3342845,1.433692,0.01393792,0.003072325,-0.009270852,0.9998553,0.002025097,0.025342,-0.0262161,0.9993328,-0.05489562,-0.2293462,0.005570929,-0.07097904,1.010114,-0.0817691,-0.07795189,-0.2932378,0.3447861,0.9765074,1
91.2070987,0.3062547,-0.3343625,1.433626,0.01420848,0.002818834,-0.009170799,0.9998531,0.002434921,0.02520042,-0.02623363,0.999335,-0.09032475,-0.1291673,0.009236012,-0.07909855,1.019546,-0.08241664,-0.0789228,-0.2893839,0.3466064,0.9627876,1
91.2779696,0.3062051,-0.3344283,1.433582,0.01452552,0.002477733,-0.009033347,0.9998507,0.002857991,0.02496629,-0.02608237,0.9993438,-0.07566442,-0.2207944,0.008014318,-0.07173888,1.012104,-0.06336743,-0.07704543,-0.2961337,0.3466033,0.935678,1
91.347145,0.3061796,-0.334479,1.433518,0.01467065,0.002268103,-0.008979009,0.9998495,0.003229359,0.02469535,-0.02601387,0.9993512,-0.0365702,-0.158488,0.0116794,-0.07936559,1.006745,-0.08985129,-0.06875379,-0.2936004,0.3474907,0.9382502,1
91.4174824,0.3061731,-0.3345097,1.433479,0.01483826,0.002019562,-0.008994978,0.9998475,0.00353788,0.02441579,-0.0259263,0.9993594,-0.04267867,-0.2415632,0.02633974,-0.08558232,0.9961333,-0.07226427,-0.06782945,-0.293637,0.3474884,0.9530483,1
91.4875916,0.3062009,-0.3344868,1.433427,0.01489061,0.001884553,-0.008915368,0.9998477,0.003731307,0.02420757,-0.02588814,0.9993647,-0.1562963,-0.3918316,0.01045771,0.02931621,0.9909748,-0.01783974,-0.05867664,-0.2939965,0.3529213,0.9716656,1
91.5577591,0.3062426,-0.3344567,1.433398,0.01487761,0.00180874,-0.008791673,0.999849,0.003858751,0.02401187,-0.02566846,0.9993745,-0.117202,-0.190252,-0.02008465,-0.01741238,1.036583,-0.05228202,-0.04934964,-0.2962751,0.3483509,0.9657138,1
91.6275967,0.3062534,-0.3344522,1.43335,0.01501967,0.001832635,-0.008640985,0.9998482,0.003966949,0.02399858,-0.02531231,0.9993836,-0.05367392,-0.09740326,0.005570929,-0.05869038,1.011411,-0.04268127,-0.04658762,-0.2973376,0.3492535,0.9152521,1
91.6978668,0.3062572,-0.3344477,1.433302,0.01509869,0.001869944,-0.008311172,0.9998498,0.003966949,0.02399858,-0.02531231,0.9993836,-0.04634375,-0.2378981,0.009236012,-0.08434504,1.010355,-0.04961041,-0.04195085,-0.2975215,0.3483322,0.9260677,1
91.76720469,0.3062811,-0.3344289,1.433307,0.01514656,0.001896344,-0.008052189,0.9998512,0.004060579,0.02401105,-0.02484236,0.9993947,-0.0365702,-0.1951388,-0.004202627,-0.07050479,1.013078,-0.06190386,-0.04200022,-0.2965645,0.3510603,0.93981,1
91.83746559,0.3063338,-0.3343771,1.433267,0.01514709,0.00190019,-0.007946892,0.9998519,0.004124781,0.02407952,-0.02442101,0.9994033,-0.03412681,-0.1682615,-0.001759239,-0.07743268,1.012681,-0.04815241,-0.0345109,-0.2978172,0.345585,0.9421254,1
91.90733429,0.3064235,-0.3343413,1.433264,0.01508989,0.002102425,-0.008029275,0.9998517,0.00416797,0.02415826,-0.02412366,0.9994083,-0.04390037,-0.1120636,-0.01397618,-0.07046665,1.030946,-0.05896662,-0.03279392,-0.2988348,0.3537654,0.9320436,1
91.97713909,0.3065406,-0.3342718,1.433228,0.01511842,0.002100662,-0.007920709,0.9998522,0.004181438,0.02431161,-0.02405054,0.9994064,-0.03290512,-0.1169504,-0.004202627,-0.1023191,1.016057,-0.06841482,-0.02905952,-0.2970766,0.3510271,0.8938575,1
92.0471945,0.3066499,-0.3342061,1.433205,0.0150394,0.002121993,-0.007876353,0.9998536,0.004098276,0.02447559,-0.02401245,0.9994035,-0.0585607,-0.1230588,0.0116794,-0.05744978,1.011309,-0.04808354,-0.02626044,-0.2962346,0.349201,0.8949226,1
92.1188114,0.3067239,-0.3341567,1.433185,0.01503672,0.002114976,-0.007862417,0.9998539,0.004098276,0.02447559,-0.02401245,0.9994035,-0.07322104,-0.17437,0.04344346,-0.07743715,1.009974,-0.04958795,-0.02445571,-0.3001188,0.3528349,0.9220876,1
92.1872209,0.3067659,-0.3341216,1.433164,0.01499131,0.002257408,-0.008010281,0.9998531,0.004258996,0.02464844,-0.02400631,0.9993988,-0.08543798,-0.2012473,0.0336699,-0.05943862,1.006253,-0.04580361,-0.01798536,-0.3003748,0.3528183,0.9445291,1
92.2571541,0.3067931,-0.3340823,1.433169,0.01492274,0.002380345,-0.008129685,0.9998528,0.0043988,0.02477422,-0.02426471,0.9993887,-0.04512206,-0.2305679,0.000684153,-0.06806295,1.008302,-0.05101539,-0.01428524,-0.2976607,0.3518987,0.9654732,1
92.3273323,0.3068177,-0.3340428,1.433151,0.01497084,0.002396666,-0.008175937,0.9998517,0.004542685,0.0248987,-0.02469127,0.9993746,-0.08177289,-0.2440066,0.03489159,-0.06999872,1.026461,-0.04759566,-0.01336369,-0.3005577,0.3528064,0.9631406,1
92.3985065,0.3068441,-0.3339894,1.433088,0.0150156,0.00244363,-0.008141804,0.9998512,0.004630558,0.0249889,-0.02494581,0.9993656,-0.09765492,-0.05953073,0.02756143,-0.06017703,1.008253,-0.0436224,-0.007734031,-0.3026901,0.3482456,0.9324505,1
92.4671363,0.3068941,-0.3339348,1.433147,0.01501616,0.00243251,-0.00813865,0.9998512,0.004596131,0.0250144,-0.02500821,0.9993636,-0.06955595,-0.05830903,0.01290109,-0.05819413,1.011621,-0.04440341,-0.000422989,-0.3010698,0.3527733,0.9470582,1
92.5377431,0.3069111,-0.3338292,1.433165,0.01500875,0.002464004,-0.00815333,0.9998511,0.004613134,0.02504373,-0.02512443,0.9993598,-0.07810781,-0.08518631,0.02389634,-0.06780371,1.020689,-0.03841376,-0.002142755,-0.3029127,0.345503,0.9509154,1
92.6071165,0.3068789,-0.3337148,1.433122,0.01493496,0.002458318,-0.008107246,0.9998526,0.004459599,0.02510246,-0.02516258,0.9993581,-0.05000884,-0.1694832,0.006792624,-0.05201849,1.01693,-0.04028686,0.003381286,-0.3050376,0.3473082,0.9332674,1
92.6776589,0.3068243,-0.3336246,1.433085,0.01479712,0.002426482,-0.00795966,0.9998559,0.004459599,0.02510246,-0.02516258,0.9993581,-0.04023528,-0.01310634,-0.005424321,-0.03527903,1.011263,-0.0207487,0.003357995,-0.303129,0.3482172,0.9336258,1
92.747304,0.306768,-0.3335474,1.433112,0.01481236,0.002360514,-0.00769692,0.999858,0.004316594,0.02513846,-0.02505491,0.9993606,-0.04756545,-0.01188464,-0.02008465,-0.06139838,1.014154,-0.04248173,0.007029264,-0.304227,0.3500268,0.9487714,1
92.8173684,0.3067179,-0.3334177,1.433101,0.01465407,0.002327551,-0.007603478,0.9998611,0.004316594,0.02513846,-0.02505491,0.9993606,-0.0365702,-0.005776173,-0.004202627,-0.08066776,1.010548,-0.03117192,0.005232739,-0.3022504,0.3463933,0.9514418,1
92.8871491,0.3066857,-0.3332861,1.433084,0.01452897,0.002308242,-0.007612694,0.9998629,0.004177804,0.02510247,-0.0249153,0.9993655,-0.02557495,0.003997383,-0.001759239,-0.05771409,1.009506,-0.03798188,0.006124117,-0.3051453,0.34912,0.9582196,1
92.9576478,0.3066665,-0.3331725,1.433037,0.01445454,0.002255634,-0.007742237,0.9998631,0.004101526,0.02499801,-0.02519123,0.9993616,-0.03901359,0.006440773,-0.007867711,-0.06067644,1.009583,-0.03676144,0.004248052,-0.3022096,0.3500334,0.9686745,1
93.0270815,0.3066585,-0.3330751,1.43301,0.01431337,0.00226147,-0.008076155,0.9998625,0.003944248,0.02496894,-0.02546746,0.9993559,-0.03901359,-0.006997867,-0.0103111,-0.05671885,1.014907,-0.03461667,0.005231419,-0.2984362,0.345483,0.9719587,1
93.09727649,0.306638,-0.333003,1.433019,0.0142659,0.002318756,-0.008495087,0.9998596,0.003796495,0.02497994,-0.02581646,0.9993473,-0.03046173,0.01254924,-0.004202627,-0.07574024,1.006771,-0.03233414,-0.001263684,-0.3029461,0.348229,0.96676,1
93.16757189,0.3066073,-0.3329418,1.433015,0.014239,0.002313222,-0.008720166,0.9998579,0.003727216,0.02502096,-0.02621379,0.9993361,-0.04756545,0.001553995,-0.009089405,-0.05004286,1.021884,-0.03273481,0.005210767,-0.3041559,0.3482127,0.9684669,1
93.2381584,0.3065649,-0.3328902,1.433035,0.01415294,0.002270167,-0.008884539,0.9998579,0.003737133,0.02506868,-0.0266404,0.9993237,-0.0353485,0.002775689,-0.007867711,-0.06978261,1.019281,-0.03716949,0.005214869,-0.3051097,0.3482129,0.9431067,1
93.3072308,0.3065136,-0.3328513,1.433003,0.01418825,0.002252252,-0.00895558,0.9998567,0.003737133,0.02506868,-0.0266404,0.9993237,-0.04145698,0.01010586,0.01412279,-0.06439561,1.012367,-0.01813274,0.005221752,-0.3032032,0.347303,0.9302007,1
93.3777198,0.3064665,-0.3328421,1.433005,0.01421761,0.002268013,-0.009013386,0.9998558,0.003751697,0.02509985,-0.0267548,0.9993198,-0.03046173,-0.009441256,-0.000537541,-0.04042408,1.018477,-0.0356112,0.002440543,-0.3011858,0.3473096,0.9376057,1
93.447368,0.3064018,-0.3328185,1.432978,0.01439286,0.00213703,-0.008897555,0.9998546,0.003751697,0.02509985,-0.0267548,0.9993198,-0.03168342,-0.004554478,-0.02985821,-0.06732661,1.017605,-0.03148672,0.00704025,-0.3032742,0.3491171,0.9332383,1
93.5175354,0.3063371,-0.3328075,1.432978,0.01459635,0.002046957,-0.008872776,0.9998521,0.003753298,0.02511377,-0.02687313,0.9993162,-0.03046173,-0.006997867,-0.001759239,-0.07470918,1.024552,-0.03406271,0.005198461,-0.3012945,0.348212,0.922503,1
93.5873846,0.3062526,-0.3328201,1.43297,0.0147407,0.001948511,-0.008726582,0.9998515,0.003794048,0.0251899,-0.0269521,0.999312,-0.03779189,0.005219078,-0.01886296,-0.04659672,1.018397,-0.03267606,0.002433659,-0.3030924,0.3482195,0.9046042,1
93.65721709,0.3061593,-0.3328275,1.432949,0.01487175,0.001780528,-0.008559912,0.9998513,0.003925318,0.0252355,-0.02708755,0.9993066,-0.02679664,-0.02287989,-0.001759239,-0.07648302,1.005561,-0.03256427,-0.001263684,-0.3029461,0.348229,0.9147733,1
93.7276094,0.3060574,-0.332822,1.432933,0.01493479,0.001630247,-0.008550624,0.9998506,0.004014464,0.02520848,-0.02708676,0.9993071,-0.02924003,0.0003323,-0.01275449,-0.05326188,1.015309,-0.0358428,-0.000298185,-0.302032,0.3454981,0.9422326,1
93.7977734,0.3059591,-0.332805,1.432943,0.01502707,0.001457145,-0.008634942,0.9998488,0.004014464,0.02520848,-0.02708676,0.9993071,-0.0353485,-0.01432803,-0.01275449,-0.07177571,1.013521,-0.03291332,0.004346783,-0.3041236,0.3445773,0.9462638,1
93.8684116,0.3058612,-0.332776,1.432886,0.01503672,0.001218192,-0.008783602,0.9998477,0.004219218,0.02496187,-0.02707054,0.9993129,-0.02924003,0.006440773,-0.01397618,-0.05498431,1.014038,-0.041727,0.007063541,-0.3051829,0.3482082,0.9467763,1
93.9372093,0.3057652,-0.3327543,1.432848,0.0149409,0.001024734,-0.008943271,0.9998479,0.004192696,0.02477456,-0.02730387,0.9993113,-0.01580139,-0.01066295,-0.01519788,-0.07574008,1.004513,-0.03647955,0.004312505,-0.3031676,0.3463959,0.9520662,1
94.0088156,0.305674,-0.3327115,1.43281,0.01496628,0.000810242,-0.008964702,0.9998476,0.004170489,0.02454434,-0.02751281,0.9993112,-0.02679664,0.003997383,-0.01275449,-0.05497748,1.01747,-0.04079344,0.004275445,-0.3050721,0.3491247,0.9633875,1
94.0772199,0.3055928,-0.3326848,1.432785,0.01495862,0.000644012,-0.00914473,0.9998462,0.004101658,0.02430475,-0.02761123,0.9993147,-0.02801834,0.0003323,-0.01397618,-0.06585227,1.010375,-0.03973475,0.000637136,-0.3011158,0.3445861,0.9547683,1
94.1485098,0.3055213,-0.3326728,1.432735,0.01492153,0.000606342,-0.009363324,0.9998447,0.004048447,0.0238505,-0.02736173,0.9993328,-0.03290512,-0.01677142,0.000684153,-0.06685429,1.005802,-0.03647631,0.005247827,-0.3022514,0.3454839,0.9620852,1
94.2173442,0.3054657,-0.3326699,1.432699,0.01487507,0.000517757,-0.009552707,0.9998437,0.004048447,0.0238505,-0.02736173,0.9993328,-0.04390037,0.002775689,-0.01519788,-0.06485692,1.01377,-0.04002704,0.007952278,-0.3004493,0.3491141,0.9726266,1
94.2882757,0.3054325,-0.3326746,1.432719,0.0150169,0.000434627,-0.009545575,0.9998416,0.004096685,0.02353622,-0.02712145,0.9993466,-0.03168342,-0.009441256,-0.005424321,-0.04516316,0.9998454,-0.03019303,0.002448747,-0.3030934,0.3473101,0.9692677,1
94.3571801,0.3053754,-0.3326965,1.432661,0.01503759,0.000546973,-0.00972821,0.9998395,0.004198648,0.02321382,-0.02677848,0.9993629,-0.04267867,-0.004554478,-0.01275449,-0.07720616,1.015911,-0.02706281,0.001475046,-0.3020999,0.3500405,0.9733165,1
94.4275417,0.3053352,-0.3327747,1.43267,0.01519216,0.000475626,-0.009835409,0.9998361,0.004377299,0.02294379,-0.02652019,0.9993753,-0.02801834,-0.008219562,-0.01275449,-0.09546547,1.01754,-0.02393623,0.004316607,-0.3041215,0.3463961,0.9558619,1
94.4972674,0.305268,-0.3328226,1.432625,0.01528032,0.000409837,-0.009960655,0.9998336,0.004639505,0.02278101,-0.02648322,0.9993788,-0.02435326,0.005219078,-0.007867711,-0.03057325,1.01147,-0.03376558,0.006115914,-0.3032376,0.3491195,0.9409406,1
94.5672171,0.3052099,-0.3328694,1.432636,0.01551376,0.000286871,-0.009926951,0.9998304,0.004894242,0.02263903,-0.02652501,0.9993798,-0.03290512,-0.003332783,-0.005424321,-0.0769428,1.013213,-0.04447243,0.007077309,-0.3013697,0.3463884,0.9502413,1
94.63748991,0.3051524,-0.3329225,1.432609,0.01574274,0.000109782,-0.009665934,0.9998294,0.005106546,0.02257127,-0.02647125,0.9993815,-0.03168342,0.007662467,0.008014318,-0.06979891,1.011444,-0.03877681,0.007081411,-0.3023235,0.3463886,0.9513791,1
94.7072766,0.3051185,-0.3329568,1.432596,0.01593952,-0.000114707,-0.009220348,0.9998305,0.005106546,0.02257127,-0.02647125,0.9993815,-0.03412681,0.001553995,-0.004202627,-0.04092064,1.016767,-0.03632504,0.00340736,-0.3040859,0.3454891,0.9531187,1
94.77714541,0.3050871,-0.3329555,1.432559,0.01601637,-0.000296624,-0.008685098,0.999834,0.005430963,0.02228798,-0.0259282,0.9994005,-0.0353485,-0.006997867,-0.005424321,-0.0806535,1.014649,-0.03467173,0.001543602,-0.3040117,0.3464033,0.9469087,1
94.85958171,0.3050551,-0.3329397,1.432519,0.01608837,-0.000484812,-0.008292254,0.9998361,0.005586651,0.02208148,-0.02532578,0.9994196,-0.03290512,0.01499263,-0.009089405,-0.05401891,1.011503,-0.02989143,0.003411462,-0.3050397,0.3454893,0.9444599,1
94.91755171,0.3050428,-0.3329321,1.432529,0.01606639,-0.000641002,-0.008314109,0.9998361,0.005685877,0.02192598,-0.02489243,0.9994334,-0.03901359,-0.01921481,-0.01275449,-0.06879658,1.019021,-0.03691755,0.001470944,-0.3011461,0.3500403,0.9488682,1
94.98726431,0.3050363,-0.3329191,1.432469,0.01604946,-0.000590808,-0.00863929,0.9998337,0.005667835,0.02182829,-0.02489865,0.9994355,-0.0353485,-0.000889394,-0.002980933,-0.06239798,1.011559,-0.03753148,0.00614609,-0.3032397,0.3473006,0.9393466,1
95.05756991,0.3050653,-0.3328908,1.43242,0.01587217,-0.000603714,-0.008991257,0.9998335,0.005667835,0.02182829,-0.02489865,0.9994355,-0.02924003,-0.01554973,-0.01397618,-0.05944216,1.009551,-0.03724948,0.008851862,-0.3052518,0.3518412,0.9489953,1
95.12750921,0.3051236,-0.3328572,1.432436,0.01589959,-0.000485421,-0.009169095,0.9998315,0.005640591,0.0217903,-0.02509347,0.9994316,-0.02924003,-0.01432803,-0.007867711,-0.07151788,1.017653,-0.03395533,0.003342907,-0.3031279,0.3491266,0.9575557,1
95.19767791,0.3052019,-0.3328025,1.432413,0.01599559,-0.000423037,-0.009250278,0.9998292,0.005661031,0.0216727,-0.02482419,0.9994407,-0.02679664,-0.008219562,-0.01519788,-0.05598776,1.010233,-0.03602202,0.005217651,-0.3022493,0.3473028,0.9489218,1
95.2675393,0.3052757,-0.3327449,1.432345,0.01585482,-0.000346766,-0.009373924,0.9998304,0.005712772,0.02161629,-0.02444705,0.999451,-0.02679664,-0.005776173,-0.01641957,-0.06535459,1.012824,-0.03854004,0.00332782,-0.3031269,0.350036,0.9566036,1
95.3374314,0.3053605,-0.3327065,1.432345,0.01596643,-0.000260417,-0.009505512,0.9998274,0.00570372,0.02170895,-0.02447877,0.9994482,-0.04634375,0.002775689,-0.01397618,-0.06215441,1.01159,-0.03507369,-0.000395595,-0.3039323,0.3518646,0.9585981,1
95.40744561,0.3054297,-0.332679,1.432347,0.01588978,-0.000168386,-0.009549143,0.9998282,0.005598248,0.02184513,-0.02447843,0.999446,-0.0145797,0.001553995,-0.0103111,-0.06387253,1.012275,-0.04074035,0.005212087,-0.3079701,0.349123,0.9610429,1
95.47737591,0.3054985,-0.3326385,1.432385,0.01588293,-0.00010708,-0.009495477,0.9998289,0.005544676,0.02198846,-0.02437634,0.9994455,-0.03779189,0.002775689,-0.01519788,-0.05842987,1.017768,-0.04178928,0.004316607,-0.3041215,0.3463961,0.9575096,1
95.5472864,0.3055595,-0.3325659,1.43234,0.01589365,-5.13396E-05,-0.009379876,0.9998297,0.005544676,0.02198846,-0.02437634,0.9994455,-0.03412681,-0.006997867,-0.005424321,-0.06633551,1.01428,-0.04052956,0.003411462,-0.3050397,0.3454893,0.9452409,1
95.6177041,0.3056342,-0.3325114,1.432348,0.01582705,6.70937E-06,-0.009300565,0.9998315,0.005558769,0.0219328,-0.0243723,0.9994467,-0.03046173,-0.01310634,-0.02374974,-0.06138928,1.021822,-0.03571095,0.005206665,-0.3032021,0.3482124,0.9381687,1
95.68744181,0.3057115,-0.3324941,1.432343,0.01587511,2.64934E-05,-0.009289679,0.9998309,0.005558769,0.0219328,-0.0243723,0.9994467,-0.02068817,-0.0216582,-0.0103111,-0.06390094,1.005075,-0.03203483,0.005249147,-0.3060656,0.3463942,0.9290466,1
95.7571235,0.305777,-0.3324412,1.432289,0.01592885,8.95877E-05,-0.009303561,0.9998299,0.00558347,0.02195783,-0.02454966,0.9994418,-0.03168342,0.01377094,-0.009089405,-0.06833089,1.010301,-0.03138381,0.004267241,-0.3031645,0.3491243,0.9509543,1
95.8272077,0.3058538,-0.3323937,1.432303,0.01585748,9.07916E-05,-0.009425401,0.9998299,0.005788973,0.02190838,-0.02517408,0.9994262,-0.0365702,-0.002111089,-0.006646017,-0.04911274,0.9954332,-0.03677469,0.00523684,-0.3032042,0.3463936,0.9652205,1
95.89872551,0.3059114,-0.3323493,1.432308,0.01592444,0.000121422,-0.009478058,0.9998284,0.005789128,0.02194667,-0.02529371,0.9994223,-0.02679664,-0.01310634,-0.007867711,-0.06631385,1.025065,-0.03773594,-0.000322938,-0.3067979,0.3482275,0.9671009,1
95.96711411,0.3059692,-0.3323073,1.432291,0.01579426,0.000131921,-0.009421187,0.999831,0.005789128,0.02194667,-0.02529371,0.9994223,-0.02924003,0.0003323,-0.0103111,-0.06881762,1.009733,-0.0375209,0.002445966,-0.3059538,0.3482202,0.9389669,1
96.03783031,0.3060247,-0.3322444,1.432283,0.01576318,0.000187083,-0.009325687,0.9998323,0.005726943,0.02199246,-0.02526582,0.9994223,-0.02313156,0.01377094,-0.01519788,-0.06387537,1.012307,-0.03852894,0.006986782,-0.3013634,0.351845,0.9471185,1
96.10734761,0.3060931,-0.332184,1.432271,0.01563709,0.000187514,-0.009234692,0.9998351,0.005709713,0.02200423,-0.02509832,0.9994264,-0.01702309,0.01743602,-0.02619313,-0.06832258,1.018729,-0.0226579,0.003347008,-0.3040817,0.3491268,0.9498271,1
96.18508161,0.3061602,-0.3321355,1.432243,0.01547672,0.000269842,-0.009252666,0.9998374,0.005709713,0.02200423,-0.02509832,0.9994264,-0.006027838,0.007662467,-0.0335233,-0.0613827,1.012975,-0.05647318,0.006141988,-0.3022859,0.3473004,0.9393144,1
96.24749651,0.3062387,-0.332092,1.432242,0.01546799,0.000364355,-0.009302552,0.999837,0.005772483,0.02197713,-0.02503155,0.9994283,0.003745716,0.01621433,-0.01886296,-0.0710232,1.011864,-0.04517572,0.003334702,-0.3012203,0.3491262,0.9420559,1
96.31767221,0.3063441,-0.332066,1.432318,0.01543862,0.000415215,-0.00927949,0.9998377,0.005772483,0.02197713,-0.02503155,0.9994283,0.003745716,-0.01066295,-0.01886296,-0.06484009,1.014583,-0.05134384,0.000456082,-0.3011032,0.3554993,0.9466532,1
96.38718501,0.3064183,-0.3320264,1.432236,0.01540031,0.000530597,-0.00923772,0.9998386,0.00584785,0.02199127,-0.02500981,0.999428,0.004967414,-0.02532328,-0.02374974,-0.0754682,1.010742,-0.04443317,0.003264828,-0.2954942,0.351853,0.9460828,1
96.45736081,0.3065096,-0.3320268,1.432271,0.01548245,0.000630196,-0.009234941,0.9998373,0.005933699,0.02207751,-0.02501761,0.9994255,-0.01824478,-0.006997867,-0.01519788,-0.07816572,1.011613,-0.05551169,0.006057025,-0.2965589,0.3509367,0.9512314,1
96.52740471,0.3065882,-0.3320344,1.432287,0.01547608,0.000695382,-0.009196032,0.9998377,0.006022068,0.02216609,-0.02510193,0.9994208,0.01840605,0.003997383,-0.0323016,-0.07322284,1.015683,-0.05432946,0.005075119,-0.2936577,0.3536667,0.9497627,1
96.59750181,0.3066648,-0.3320407,1.432322,0.01548199,0.000762422,-0.009116,0.9998384,0.00603849,0.02224066,-0.02526841,0.999415,0.05627858,-0.05586565,-0.000537541,-0.07099295,1.020798,-0.0521859,0.006867541,-0.2946804,0.3573,0.9368869,1
96.66721801,0.3067231,-0.332072,1.432333,0.01563299,0.000896467,-0.009191051,0.9998352,0.006037761,0.02234457,-0.02553417,0.9994059,0.05994366,-0.1071768,0.008014318,-0.08207952,1.012312,-0.08010772,0.004036964,-0.2917061,0.3600346,0.9208512,1
96.73781531,0.3067802,-0.3321042,1.432362,0.01564803,0.000814178,-0.00923159,0.9998347,0.00606118,0.02247454,-0.02589728,0.9993935,0.09292941,-0.1499361,0.005570929,-0.07689797,1.018724,-0.06863663,0.01049501,-0.2891007,0.3600174,0.9191779,1
96.80707921,0.3068303,-0.3321221,1.432365,0.01572847,0.000905312,-0.009225797,0.9998334,0.006057258,0.02254519,-0.02665344,0.9993721,0.1454623,-0.1426059,-0.000537541,-0.07640503,1.010699,-0.08252816,0.0113083,-0.2843619,0.3654705,0.9140112,1
96.87754621,0.3068725,-0.3321448,1.432364,0.0158545,0.000801917,-0.009167462,0.999832,0.006057258,0.02254519,-0.02665344,0.9993721,0.1063681,-0.08274292,0.01534449,-0.07147357,1.012141,-0.07737581,0.01682282,-0.2807651,0.3663648,0.9238722,1
96.94747681,0.306906,-0.3322105,1.432422,0.0159939,0.000774567,-0.009048298,0.9998308,0.006089249,0.02250161,-0.02697816,0.9993641,0.1674528,-0.02287989,-0.007867711,-0.07640356,1.011184,-0.08278091,0.01769926,-0.2731701,0.36727,0.9313904,1
97.01747631,0.3069251,-0.3322527,1.432407,0.0160318,0.000723329,-0.009040424,0.9998304,0.006220739,0.02242663,-0.02704493,0.9993632,0.262745,-0.07052598,0.01534449,-0.08349892,1.009901,-0.1307037,0.02034204,-0.2675495,0.3736276,0.9329005,1
97.08716891,0.306958,-0.3322784,1.432455,0.01607698,0.000696769,-0.00909927,0.9998292,0.006220739,0.02242663,-0.02704493,0.9993632,0.2932873,-0.1059551,0.06421226,-0.07853629,0.9994616,-0.1703545,0.01742518,-0.255034,0.3790883,0.9272619,1
97.1576014,0.3069991,-0.332289,1.432452,0.0160276,0.000766738,-0.009188632,0.9998291,0.00628518,0.02244118,-0.02702951,0.9993629,0.2419761,-0.07174768,0.05077362,-0.08097272,1.014453,-0.1671361,0.01734842,-0.2512145,0.3827251,0.9236422,1
97.2280488,0.3070693,-0.332307,1.432456,0.01610456,0.000863954,-0.009372177,0.999826,0.006288532,0.02242477,-0.02709605,0.9993614,0.2334243,-0.05586565,-0.0335233,-0.07062079,0.9920607,-0.1984911,0.0245786,-0.244821,0.3908895,0.9028649,1
97.29726471,0.3071646,-0.332332,1.432463,0.01601768,0.001036482,-0.009451641,0.9998265,0.006269054,0.02251603,-0.02722174,0.999356,0.2541931,-0.09373818,0.06665565,-0.06566975,0.9827546,-0.2273448,0.02550307,-0.2343687,0.3881563,0.9247099,1
97.36803431,0.3072486,-0.3323588,1.432477,0.01598419,0.001161462,-0.00946799,0.9998268,0.00626325,0.02259533,-0.02716145,0.9993559,0.3055042,-0.1450493,0.1582827,-0.07054824,1.008038,-0.2250181,0.02529609,-0.224819,0.3981578,0.9370866,1
97.4372136,0.3073202,-0.3323885,1.432493,0.01607902,0.001277863,-0.009327374,0.9998264,0.006297302,0.02268879,-0.02667603,0.9993666,0.2541931,-0.08029953,0.0556604,-0.05994831,0.9961541,-0.2385834,0.02424709,-0.2133314,0.4027046,0.8973935,1
97.5079413,0.3073803,-0.3324475,1.432537,0.01614324,0.001395412,-0.009203221,0.9998264,0.006376417,0.0228754,-0.0264049,0.999369,0.1674528,-0.04731378,0.001905847,-0.06043883,0.9820941,-0.2659072,0.02876461,-0.2068324,0.4072383,0.8878334,1
97.5774336,0.3074281,-0.3325215,1.432567,0.01629419,0.001523315,-0.009283455,0.999823,0.006376417,0.0228754,-0.0264049,0.999369,0.2212074,-0.158488,-0.05184871,-0.05403164,0.9577418,-0.303142,0.03146233,-0.196448,0.4090475,0.9078363,1
97.64789871,0.3074793,-0.3326115,1.432578,0.01640833,0.001642093,-0.009542655,0.9998185,0.006439018,0.0231048,-0.02637858,0.9993643,0.1808914,-0.1536012,0.09108953,-0.07840661,0.9729372,-0.315955,0.0369329,-0.1966623,0.4135805,0.9330389,1
97.71718181,0.3075369,-0.33271,1.432633,0.01647245,0.001736352,-0.009801921,0.9998148,0.006444312,0.02332515,-0.02676739,0.9993485,0.1601226,-0.1853652,0.08864614,-0.06850412,0.9793857,-0.3292949,0.03776407,-0.1890641,0.417214,0.9098932,1
97.78920511,0.3075825,-0.3327875,1.432641,0.0165157,0.001746928,-0.009833821,0.9998138,0.006476788,0.02349309,-0.0272787,0.9993307,0.2309809,-0.1719266,0.1179668,-0.05449063,0.9571131,-0.3304137,0.03587028,-0.178499,0.4172162,0.8819399,1
97.85710701,0.3076136,-0.3328655,1.432674,0.01654224,0.00178477,-0.009713881,0.9998144,0.006476788,0.02349309,-0.0272787,0.9993307,0.2859571,-0.1364975,0.1167451,-0.03058907,0.9379421,-0.339909,0.04224468,-0.1739807,0.4217457,0.9118823,1
97.92822811,0.3076285,-0.3329515,1.432677,0.01659208,0.001761427,-0.009562748,0.999815,0.00651639,0.02362802,-0.02742593,0.9993232,0.2248724,-0.09007309,0.1863817,-0.04092031,0.9413024,-0.3581693,0.0496354,-0.1628307,0.4189957,0.9484362,1
97.99746251,0.3076391,-0.3330395,1.432714,0.0166848,0.001741276,-0.009488852,0.9998143,0.006650977,0.02374205,-0.0273743,0.999321,0.2847354,-0.1401626,0.1118583,-0.02854681,0.9391384,-0.3895654,0.0531779,-0.1515238,0.4253495,0.9662635,1
98.06788101,0.3076445,-0.3331208,1.432737,0.01666835,0.00170936,-0.009517372,0.9998143,0.006730924,0.02377424,-0.02734476,0.9993205,0.2639666,-0.158488,0.03122651,-0.03223077,0.9302476,-0.4184463,0.05122918,-0.1457226,0.4299001,0.9576988,1
98.1371788,0.3076484,-0.3332198,1.432748,0.01672177,0.00176752,-0.009763192,0.9998111,0.006789298,0.02388341,-0.02747895,0.9993138,0.3299381,-0.2440066,0.1937119,-0.02112266,0.9247052,-0.4318561,0.06042462,-0.1384567,0.430784,0.9415713,1
98.207648,0.3076598,-0.3333311,1.432773,0.01680105,0.001674963,-0.009993839,0.9998075,0.006779986,0.02401477,-0.0278775,0.9992997,0.2297592,-0.1548229,0.01045771,-0.03145916,0.9216078,-0.4576419,0.06312102,-0.1242582,0.4316829,0.9247937,1
98.2772331,0.3076783,-0.3334549,1.432843,0.0169337,0.001764634,-0.01025883,0.9998025,0.006668259,0.02409543,-0.02823056,0.9992887,0.1955518,-0.1719266,0.09231123,-0.032938,0.9083353,-0.4825219,0.06861225,-0.1187526,0.4334862,0.8964981,1
98.34778641,0.3076921,-0.3335518,1.432838,0.01696102,0.001814221,-0.01050423,0.9997994,0.006724947,0.02414332,-0.02845962,0.9992806,0.1760046,-0.1780351,-0.03841007,-0.008868367,0.8677364,-0.470572,0.07495515,-0.1104181,0.4389241,0.889306,1
98.41745361,0.3077223,-0.3336573,1.432862,0.01707296,0.00191338,-0.01063947,0.9997959,0.0068536,0.02424816,-0.02864142,0.999272,0.1869999,-0.1878086,-0.07017413,-0.03719634,0.866276,-0.5092053,0.07871152,-0.1067543,0.4343666,0.9283208,1
98.48770491,0.3077564,-0.3337489,1.432877,0.01718321,0.001997644,-0.01048245,0.9997954,0.0068536,0.02424816,-0.02864142,0.999272,0.2273158,-0.2659971,-0.03107991,-0.05018685,0.8938885,-0.525856,0.08236653,-0.09354823,0.4334445,0.9411657,1
98.55708991,0.3077883,-0.3338218,1.432895,0.01728158,0.002094913,-0.01031951,0.9997952,0.006924546,0.02441982,-0.02859862,0.9992686,0.2480846,-0.2244595,-0.01886296,-0.07877512,0.9284286,-0.4900515,0.09242596,-0.0863148,0.4379638,0.8777995,1
98.6279291,0.3078258,-0.3338905,1.432928,0.01733691,0.002256001,-0.0104006,0.9997931,0.006960161,0.02461179,-0.02845108,0.9992678,0.2920656,-0.2281246,-0.1165985,-0.07712367,0.8658309,-0.5441954,0.1016119,-0.07332713,0.4379369,0.8157953,1
98.6973292,0.3078358,-0.3339564,1.432918,0.01731572,0.002358139,-0.01048586,0.9997923,0.006962946,0.02481979,-0.02850293,0.9992612,0.2028819,-0.1926954,-0.009089405,-0.06457189,0.8356072,-0.5737117,0.1090272,-0.06789998,0.4351883,0.8373563,1
98.767499,0.3078416,-0.3340129,1.432956,0.0172513,0.002508066,-0.01045751,0.9997934,0.006904263,0.02502012,-0.02862654,0.9992531,0.1992168,-0.17437,-0.08605615,-0.07418845,0.826958,-0.5940089,0.1089793,-0.0602684,0.4360959,0.8807441,1
98.83729501,0.3078469,-0.3340253,1.432975,0.01726202,0.002600097,-0.01047609,0.9997928,0.006778912,0.02525256,-0.02861971,0.9992484,0.2676317,-0.1963605,0.1265187,-0.07763615,0.8244464,-0.6035658,0.1153703,-0.04907655,0.4378954,0.8957242,1
98.90779141,0.3078505,-0.3340473,1.432984,0.01711754,0.002686284,-0.01057906,0.9997939,0.006778912,0.02525256,-0.02861971,0.9992484,0.2554148,-0.190252,0.1118583,-0.09491991,0.8246796,-0.5942727,0.1237388,-0.03987384,0.4324153,0.8955661,1
98.97721611,0.3078372,-0.3340838,1.432952,0.01714336,0.002780138,-0.01082143,0.9997907,0.006652432,0.02544773,-0.0288137,0.9992386,0.2212074,-0.1719266,0.1069716,-0.08924214,0.8059855,-0.6296247,0.1264708,-0.03044541,0.4324059,0.898439,1
99.04764061,0.3078137,-0.3341532,1.432977,0.01708349,0.002839185,-0.01098557,0.9997897,0.00645894,0.02582825,-0.02972525,0.9992033,0.178448,-0.1426059,0.09353293,-0.08554704,0.7949497,-0.6446937,0.1310569,-0.02585815,0.4333023,0.8889643,1
99.11818941,0.3077453,-0.3341971,1.432942,0.0171799,0.002827557,-0.01106681,0.9997872,0.006358522,0.02606708,-0.03041847,0.9991769,0.1735612,-0.1682615,0.1240753,-0.08037495,0.7789094,-0.6660768,0.1338546,-0.02120194,0.4305657,0.879425,1
99.18731071,0.3076535,-0.3342583,1.432936,0.01727198,0.00272247,-0.0110433,0.9997861,0.00630227,0.02625993,-0.03101523,0.9991539,0.118585,-0.1267239,0.08986785,-0.08876038,0.7807917,-0.665633,0.1430706,-0.0187052,0.4314508,0.8706957,1
99.25835261,0.3075518,-0.3343541,1.432905,0.0174309,0.002567454,-0.0110061,0.9997842,0.00630227,0.02625993,-0.03101523,0.9991539,0.1711178,-0.1364975,0.1228536,-0.08633774,0.751919,-0.6831513,0.1431201,-0.009173313,0.425992,0.8677582,1
99.32728411,0.3074604,-0.334432,1.432883,0.01749317,0.002504342,-0.011044,0.9997829,0.006354961,0.02638973,-0.03148981,0.9991353,0.1601226,-0.1340541,0.1143017,-0.09965068,0.7500593,-0.6949537,0.1513541,-0.003775412,0.429607,0.8828735,1
99.39827211,0.3073621,-0.3344888,1.432856,0.0174848,0.002389652,-0.01107866,0.9997829,0.006439344,0.02635467,-0.03162036,0.9991315,0.2199856,-0.1291673,0.1289621,-0.08807383,0.7332554,-0.7096745,0.1541698,0.003740162,0.4250509,0.8810392,1
99.4673134,0.3072656,-0.3345589,1.432849,0.01753688,0.002223706,-0.01119336,0.9997811,0.006538649,0.02625276,-0.03170751,0.9991308,0.1515707,-0.1560446,0.1314054,-0.07721388,0.7284859,-0.7206384,0.1550201,0.01038344,0.4277752,0.8810925,1
99.5372357,0.3071571,-0.3346376,1.432829,0.01755523,0.002114748,-0.01139369,0.9997787,0.006538649,0.02625276,-0.03170751,0.9991308,0.1637877,-0.1157287,0.09597632,-0.08609188,0.7336264,-0.7150818,0.1615989,0.01298049,0.4204825,0.8749369,1
99.6072507,0.30705,-0.3347073,1.432812,0.01762263,0.001966991,-0.0116875,0.9997745,0.006571469,0.02603921,-0.03192823,0.9991292,0.1686745,-0.09129479,0.09597632,-0.08932006,0.7166275,-0.729836,0.1642526,0.01955375,0.4259304,0.8696966,1
99.6776037,0.3069344,-0.3347714,1.432754,0.01765762,0.00184911,-0.0118122,0.9997727,0.006648435,0.02596498,-0.03203944,0.999127,0.2236507,-0.1536012,0.1704997,-0.09354704,0.6947689,-0.7442769,0.1670765,0.02516169,0.4213748,0.8721269,1
99.7473746,0.3068375,-0.3348526,1.432732,0.01770156,0.001805889,-0.01196561,0.9997701,0.006682402,0.02585423,-0.03199265,0.9991313,0.1637877,-0.08518631,0.1631695,-0.08294445,0.6896226,-0.7478631,0.1781851,0.03139636,0.4186165,0.8846825,1
99.81717161,0.3067542,-0.3349174,1.432733,0.0179519,0.001809,-0.01197904,0.9997655,0.006817154,0.02579491,-0.03177568,0.9991387,0.1747829,-0.1096202,0.1448441,-0.06268977,0.688966,-0.7654988,0.1735771,0.03539241,0.4168085,0.8907022,1
99.88741771,0.306662,-0.3349788,1.43265,0.01789541,0.001738378,-0.01204207,0.9997659,0.006869496,0.02573564,-0.0317706,0.9991401,0.1308019,-0.07907785,0.09231123,-0.0819482,0.6812267,-0.7698582,0.1781701,0.04188624,0.4167951,0.8710268,1
99.95724581,0.3065929,-0.3350343,1.432636,0.01809627,0.001746587,-0.01189171,0.9997641,0.006962951,0.02583671,-0.03154064,0.9991442,0.2297592,-0.1169504,0.169278,-0.08099114,0.662995,-0.7796691,0.1837601,0.04547787,0.4131422,0.8588178,1
100.0272214,0.3065135,-0.3350615,1.432592,0.01804651,0.001752405,-0.01189974,0.9997648,0.006962951,0.02583671,-0.03154064,0.9991442,0.2920656,-0.1157287,0.1656129,-0.07584309,0.6369485,-0.8006622,0.1884175,0.05101372,0.4094913,0.862571,1
100.097287,0.3064375,-0.3350669,1.432526,0.01813911,0.001673054,-0.01200621,0.999762,0.007000908,0.02585286,-0.03140941,0.9991476,0.2908439,-0.08396462,0.2865607,-0.06822488,0.6168368,-0.8131329,0.1902471,0.06238427,0.407665,0.8702942,1
100.1670947,0.3063837,-0.3350865,1.432531,0.01806233,0.001726778,-0.01232074,0.9997594,0.007011226,0.02587293,-0.03141004,0.9991469,0.2822921,-0.06075242,0.2193674,-0.05196209,0.5987087,-0.8285604,0.1958317,0.07074392,0.4031015,0.8812084,1
100.2371602,0.3063116,-0.3350687,1.432463,0.01791072,0.001678934,-0.01258574,0.999759,0.006958219,0.02591426,-0.03159783,0.9991404,0.3128344,-0.0644175,0.2474664,-0.05344847,0.5927898,-0.8346227,0.1995236,0.07536566,0.4021815,0.8863533,1
100.3073541,0.3062394,-0.3350213,1.432397,0.01778505,0.001650923,-0.01278705,0.9997588,0.006958219,0.02591426,-0.03159783,0.9991404,0.3177212,-0.05342225,0.3232115,-0.04141115,0.5620601,-0.8491414,0.2023172,0.0809757,0.3994447,0.889266,1
100.3783776,0.306174,-0.3349361,1.432332,0.0175475,0.001655167,-0.01297178,0.9997606,0.006869144,0.0260038,-0.03189359,0.9991292,0.3164995,-0.02776667,0.2181458,-0.02689777,0.5316845,-0.8695574,0.2005222,0.08962692,0.3939908,0.9031373,1
100.4471679,0.3061267,-0.3348731,1.432302,0.01744556,0.001627295,-0.01309788,0.9997608,0.006783396,0.02603837,-0.03212468,0.9991215,0.2847354,-0.03509684,0.2047071,-0.02395714,0.5165627,-0.8811287,0.2042333,0.09329379,0.3921615,0.9115006,1
100.517384,0.3060689,-0.3347822,1.432206,0.01730036,0.001635487,-0.01319045,0.999762,0.006529377,0.02604753,-0.03222863,0.9991197,0.1698962,-0.02776667,0.08375938,-0.022997,0.5060664,-0.8795003,0.2060834,0.09989525,0.3903363,0.9156191,1
100.5872424,0.3060285,-0.3346943,1.432186,0.01710543,0.001630965,-0.01323621,0.9997647,0.006331548,0.02605264,-0.032309,0.9991182,0.1356887,-0.03876192,0.02389634,-0.01905898,0.4980763,-0.8862568,0.2088469,0.1055074,0.3894184,0.9308621,1
100.6571466,0.3059753,-0.3345979,1.432139,0.01688537,0.001539219,-0.01325253,0.9997685,0.006109501,0.02607171,-0.0322939,0.9991196,0.1417972,-0.01432803,0.1033065,-0.01860107,0.4799183,-0.8916462,0.2125841,0.110126,0.3857701,0.9411357,1
100.7276785,0.3059314,-0.3345024,1.432114,0.01672137,0.001516632,-0.01317478,0.9997723,0.006018875,0.02608461,-0.03204525,0.9991279,0.2089904,-0.02410159,0.09353293,-0.01689152,0.4645413,-0.9056745,0.2144698,0.1119573,0.3830366,0.9518224,1
100.7972384,0.3058856,-0.3344237,1.432052,0.01651921,0.001466598,-0.01331654,0.9997739,0.005954073,0.02597355,-0.0317996,0.9991388,0.250528,-0.03021006,0.1949336,-0.01445351,0.4495324,-0.9101214,0.21721,0.1194781,0.3830276,0.9496995,1
100.8672145,0.3058619,-0.3343333,1.43201,0.01632061,0.001486626,-0.01357611,0.9997736,0.005905577,0.02580015,-0.03168545,0.9991474,0.3592588,-0.1389409,0.2071505,0.03261198,0.5379921,-0.8921125,0.2210748,0.1259949,0.3711939,0.9349926,1
100.9375236,0.3058608,-0.3342585,1.431998,0.01613006,0.001409075,-0.01381328,0.9997736,0.005905577,0.02580015,-0.03168545,0.9991474,0.2517497,-0.1120636,0.125297,-0.02422589,0.3639317,-0.9494615,0.2266113,0.1314973,0.3702689,0.8846675,1
101.0074534,0.3058734,-0.3342026,1.431939,0.01605631,0.001420281,-0.01399273,0.9997723,0.005905936,0.02557201,-0.03144812,0.9991606,0.2395328,-0.0888514,0.1753864,-0.01653251,0.3878409,-0.9404485,0.2294694,0.1361493,0.3638946,0.8983787,1
101.077341,0.3059137,-0.3341682,1.431939,0.01589225,0.001467982,-0.01426702,0.9997709,0.006011063,0.0251795,-0.03075873,0.9991914,0.1808914,-0.05708734,0.1766081,-0.01705591,0.3728977,-0.9444122,0.2332244,0.1436273,0.3584267,0.9186494,1
101.1472835,0.3059457,-0.3341423,1.431883,0.01595427,0.001614458,-0.01459587,0.9997649,0.006101925,0.02488949,-0.03031126,0.9992118,0.1808914,0.002775689,0.1436224,-0.01583745,0.3627676,-0.9508987,0.2332477,0.1417186,0.3575178,0.9327031,1
101.2170621,0.3059985,-0.3341407,1.43187,0.01584312,0.001789112,-0.01499401,0.9997604,0.006244429,0.02462977,-0.02993928,0.9992287,0.1332453,0.01987941,0.09597632,-0.006980479,0.3378116,-0.9758306,0.237853,0.145351,0.357505,0.9267195,1
101.2872753,0.3060736,-0.3341505,1.431844,0.01594143,0.001996465,-0.0152284,0.999755,0.006438215,0.02456946,-0.02965183,0.9992374,0.1454623,0.05408686,0.1949336,-0.004770371,0.3366322,-0.9699098,0.2350334,0.1492781,0.3593301,0.8934786,1
101.3572403,0.3061577,-0.3341757,1.431805,0.0159716,0.002206329,-0.01548376,0.9997502,0.006438215,0.02456946,-0.02965183,0.9992374,0.1882216,0.06752549,0.1387356,0.01221319,0.3269795,-0.9554746,0.2369122,0.1492029,0.3575065,0.8913701,1
101.4273906,0.3062636,-0.3341908,1.431824,0.01605944,0.002436565,-0.015639,0.9997458,0.006592857,0.02457786,-0.02942501,0.999243,0.2395328,0.001553995,0.02633974,0.01195042,0.3058593,-0.9809757,0.2387843,0.1577099,0.353862,0.9190395,1
101.4971966,0.3063568,-0.3341835,1.431823,0.01618604,0.002606294,-0.01588486,0.9997395,0.006681412,0.02469812,-0.02943666,0.9992391,0.2053253,-0.04975717,0.03244821,0.008970661,0.2973588,-0.9818434,0.2387968,0.1653372,0.3511318,0.9043047,1
101.567407,0.3064452,-0.3341844,1.431809,0.01616032,0.002847919,-0.01631108,0.9997323,0.006724332,0.02496709,-0.02985112,0.9992197,0.1320236,-0.0668609,-0.02008465,0.003810771,0.3077474,-0.9797941,0.2314378,0.1713486,0.3475116,0.8907514,1
101.6372509,0.3065266,-0.3341772,1.431807,0.01609623,0.003018519,-0.01688429,0.9997234,0.006692559,0.02517243,-0.03030764,0.9992011,0.1589009,-0.08396462,0.1265187,0.006184129,0.2616331,-0.9906738,0.2435585,0.17468,0.3402045,0.8830402,1
101.7075064,0.3066116,-0.3341389,1.431836,0.0159965,0.003254401,-0.0175182,0.9997134,0.006552316,0.02542786,-0.03091889,0.9991768,0.1735612,-0.1609314,0.1631695,0.000463704,0.2419559,-0.9913871,0.2454237,0.1812804,0.3374698,0.8859379,1
101.7774831,0.3066953,-0.3341003,1.431847,0.01588002,0.003429232,-0.01792346,0.9997074,0.006552316,0.02542786,-0.03091889,0.9991768,0.1222501,-0.202469,0.08009429,-0.009883219,0.2479993,-0.9929743,0.2510053,0.1762908,0.3365474,0.8959806,1
101.8472167,0.3067647,-0.3340539,1.431846,0.01577226,0.003604633,-0.01828366,0.999702,0.006339822,0.02562706,-0.03148913,0.9991553,0.04283994,-0.07174768,-0.02130635,-0.01535549,0.2275493,-0.9961334,0.2538731,0.1857099,0.3283531,0.8978978,1
101.9171194,0.3068283,-0.3340089,1.431847,0.01567677,0.003665002,-0.01857231,0.999698,0.006089386,0.02580873,-0.03199457,0.9991361,0.0294013,-0.005776173,-0.04085346,-0.02350282,0.2240094,-0.9988058,0.2575431,0.188426,0.3292524,0.8998588,1
101.988581,0.3068835,-0.3339335,1.431862,0.01551914,0.003715045,-0.01901024,0.999692,0.005958499,0.02585795,-0.03278289,0.99911,0.0294013,0.02476619,-0.02863652,-0.01832847,0.2167165,-1.006306,0.2584756,0.1864818,0.3292505,0.893805,1
102.0570613,0.306928,-0.3338515,1.431887,0.01552138,0.003712578,-0.01944253,0.9996836,0.005855912,0.02590737,-0.03364108,0.9990808,0.0733823,0.005219078,0.008014318,-0.0168818,0.2047847,-1.001953,0.2603408,0.1930823,0.3265158,0.8813207,1
102.1272376,0.3069555,-0.3337765,1.431879,0.01543468,0.003634405,-0.01997562,0.9996747,0.00573413,0.02594841,-0.03451694,0.9990507,0.0733823,0.07729905,0.02633974,-0.004332924,0.1913873,-0.9992711,0.2538375,0.19048,0.3292614,0.8897958,1
102.197537,0.3069882,-0.333682,1.431907,0.01524448,0.003639937,-0.02031108,0.9996709,0.00573413,0.02594841,-0.03451694,0.9990507,-0.01213631,0.03576144,-0.05917888,-0.01368503,0.1973223,-1.006998,0.2576666,0.1912781,0.3210668,0.9040994,1
102.2670963,0.3070244,-0.3335393,1.431966,0.01512858,0.003571838,-0.02004869,0.9996781,0.005598275,0.02593566,-0.03507112,0.9990324,0.00985419,-0.02776667,0.02023126,-0.007286329,0.1923657,-1.003225,0.2539953,0.1923761,0.3192571,0.8981479,1
102.3373809,0.3070584,-0.3333621,1.432,0.01492097,0.003667113,-0.0198207,0.9996855,0.005579939,0.02588681,-0.03508496,0.9990334,-0.06589086,-0.07541276,0.1497309,-0.01493731,0.1915407,-1.003232,0.2557754,0.1942148,0.3228897,0.9010948,1
102.4073743,0.3071253,-0.3331651,1.432086,0.01491335,0.003861311,-0.02006695,0.99968,0.005474258,0.02591098,-0.03468076,0.9990473,-0.1037634,-0.01677142,0.0116794,-0.01395307,0.1923033,-0.9997995,0.2613611,0.1882714,0.3219674,0.9042272,1
102.4771961,0.3071945,-0.3329404,1.432183,0.01466926,0.004118983,-0.02062226,0.9996712,0.005351118,0.0260958,-0.03474987,0.9990408,-0.1110936,-0.0656392,-0.0335233,-0.01837402,0.1981796,-1.00481,0.258584,0.1893349,0.3219743,0.9019325,1
102.5472213,0.3072636,-0.3326748,1.4323,0.01461121,0.004349264,-0.02125855,0.9996578,0.005198231,0.02632888,-0.03525773,0.9990178,-0.08177289,-0.03631853,-0.09094293,-0.02599397,0.214551,-0.9976923,0.257661,0.1855573,0.322887,0.8989955,1
102.617509,0.3073108,-0.3323547,1.432395,0.01462856,0.00454042,-0.02216223,0.9996371,0.005198231,0.02632888,-0.03525773,0.9990178,8.06339E-05,0.01254924,-0.07017413,-0.02156727,0.2038477,-1.005637,0.2558069,0.1903985,0.3219812,0.9009398,1
102.68763,0.307349,-0.3319938,1.432533,0.01436164,0.004796799,-0.02318553,0.9996166,0.00493204,0.02665587,-0.03615677,0.9989783,-0.01213631,-0.03143176,-0.000537541,-0.02255114,0.2058382,-1.00444,0.2529653,0.19242,0.3256255,0.8920786,1
102.75876,0.3073478,-0.331432,1.432367,0.01416283,0.004652399,-0.02357535,0.999611,0.004634267,0.02683498,-0.0370557,0.998942,-0.09154645,-0.08518631,-0.04818363,-0.02550434,0.2103233,-1.0023,0.2576364,0.1912802,0.3228856,0.8868675,1
102.8273379,0.3073504,-0.3308875,1.432469,0.01357462,0.004832948,-0.02481235,0.9995883,0.004296411,0.02704672,-0.03816012,0.9988964,-0.05245223,-0.08518631,-0.01886296,-0.02972313,0.1988999,-1.004357,0.2613255,0.1930415,0.3228757,0.8868319,1
102.8972941,0.3073274,-0.3302622,1.432541,0.01304463,0.005135904,-0.02639016,0.9995535,0.003791748,0.02726005,-0.03937183,0.9988455,8.06339E-05,-0.002111089,0.006792624,-0.03267248,0.2030912,-1.005654,0.2595412,0.1921566,0.3192429,0.8863035,1
102.9671763,0.3073334,-0.3295819,1.432771,0.01199982,0.005346188,-0.02760341,0.9995326,0.003123627,0.02740216,-0.04066734,0.998792,-0.04878715,0.002775689,-0.0530704,-0.03169776,0.2027077,-0.997044,0.2558097,0.1932589,0.321071,0.8866524,1
103.0391634,0.3073334,-0.3295819,1.432771,0.01199982,0.005346188,-0.02760341,0.9995326,0.003123627,0.02740216,-0.04066734,0.998792,-0.01824478,-0.06075242,0.01900957,-0.03343104,0.2005553,-0.9962798,0.2586128,0.193147,0.3192451,0.9055226,0
103.1071952,0.3071549,-0.3277322,1.432713,0.01015353,0.005144355,-0.02895283,0.999516,0.002271904,0.02752546,-0.04172916,0.9987471,-0.02801834,-0.02776667,-0.01397618,-0.03835051,0.2049943,-1.000043,0.2576529,0.1979537,0.3201557,0.9197187,1
103.1773991,0.3070495,-0.3268408,1.433234,0.008494776,0.004883338,-0.02735993,0.9995776,0.001223021,0.0275584,-0.04270892,0.9987066,-0.0805512,-0.02043651,-0.07383921,-0.04104824,0.2113815,-1.001124,0.2595412,0.1921566,0.3192429,0.9160329,1
103.2473231,0.3067898,-0.3255901,1.432906,0.008091434,0.003779785,-0.02195194,0.9997191,-0.000286006,0.02676437,-0.04083816,0.9988071,-0.02801834,-0.04853548,-0.01397618,-0.04624248,0.203859,-1.004961,0.2623293,0.1920459,0.3183264,0.9046993,1
103.3171594,0.3065479,-0.3244111,1.432896,0.007665969,0.002673959,-0.01613236,0.999837,-0.001392634,0.02602226,-0.03561769,0.9990256,0.01596266,-0.03509684,0.05077362,-0.04057461,0.2038247,-0.9995395,0.2594947,0.195974,0.3210609,0.8952636,1
103.3877691,0.3063177,-0.3232767,1.433121,0.006239199,0.002179421,-0.01146585,0.9999125,-0.002367205,0.02516793,-0.02988751,0.9992335,-0.05367392,-0.02532328,-0.02252804,-0.0432885,0.2016208,-1.003692,0.2632935,0.1967742,0.3146852,0.8986883,1
103.4573485,0.3060073,-0.3219614,1.432958,0.005796832,0.001166852,-0.00625746,0.9999629,-0.003222576,0.02436612,-0.02415398,0.999406,-0.03046173,-0.01799312,-0.007867711,-0.04698025,0.2058516,-1.003271,0.2604492,0.1959353,0.3192396,0.8946097,1
103.5276613,0.3057062,-0.3206397,1.432938,0.004805601,0.000320675,-0.001242038,0.9999877,-0.003222576,0.02436612,-0.02415398,0.999406,-0.06711256,0.02598788,-0.03596668,-0.04723414,0.200924,-1.006641,0.2633127,0.1958193,0.313776,0.887794,1
103.5971655,0.3054123,-0.3193858,1.433205,0.003198761,-0.000261237,0.002488094,0.9999918,-0.004191113,0.02357536,-0.0187606,0.9995372,-0.05733901,-0.03631853,-0.01275449,-0.04426043,0.2082393,-1.003299,0.2632688,0.1920082,0.3174146,0.8798013,1
103.6678162,0.3050658,-0.3179322,1.433117,0.002142343,-0.001560031,0.006270295,0.9999769,-0.005355015,0.02264375,-0.01408497,0.99963,0.01107588,-0.01554973,0.004349235,-0.04893658,0.2124612,-1.004846,0.2623884,0.1958559,0.3137783,0.8768445,1
103.7372152,0.3047545,-0.3164492,1.433126,0.000801678,-0.002855596,0.01102894,0.9999348,-0.007205226,0.02105862,-0.007482776,0.9997242,0.003745716,0.01010586,0.01656618,-0.04870727,0.2068873,-1.00157,0.2595975,0.1931063,0.315605,0.8731598,1
103.8076187,0.3045152,-0.3150183,1.433398,-0.000966757,-0.003324546,0.01560868,0.9998722,-0.008665044,0.01987646,-0.002341914,0.9997621,-0.06589086,0.01865772,-0.01275449,-0.04525745,0.2038607,-1.003484,0.2614654,0.1920783,0.3146911,0.8786962,1
103.8774907,0.304354,-0.3134045,1.433341,-0.002225285,-0.003871212,0.02093069,0.9997711,-0.008665044,0.01987646,-0.002341914,0.9997621,-0.1049851,-0.01310634,-0.03841007,-0.04697994,0.2088559,-0.9981533,0.2586279,0.193146,0.3183356,0.8840197,1
103.9477768,0.3042995,-0.3118208,1.433327,-0.003635326,-0.003923608,0.02607588,0.9996457,-0.01009611,0.0191888,0.003749796,0.9997578,-0.03168342,-0.006997867,-0.01275449,-0.05165263,0.2160466,-0.9970396,0.2641356,0.1948363,0.3201398,0.8952315,1
104.0176162,0.3043377,-0.3101968,1.433365,-0.005032313,-0.003647167,0.03053519,0.9995144,-0.01159102,0.01908138,0.009927779,0.9997014,0.02573622,-0.004554478,0.06909904,-0.04204374,0.2042286,-1.007413,0.2595097,0.1959729,0.3201514,0.8974882,1
104.0874093,0.3044454,-0.3085412,1.433384,-0.006522531,-0.003233131,0.03460536,0.9993746,-0.01311415,0.01939708,0.01553795,0.9996049,-0.01824478,-0.004554478,-0.007867711,-0.05538084,0.2003848,-1.004441,0.2650982,0.19289,0.3183191,0.8843824,1
104.1573515,0.3046436,-0.3069966,1.433722,-0.00833618,-0.00215379,0.03810296,0.9992368,-0.0147853,0.01993044,0.02121215,0.9994668,-0.04390037,0.003997383,-0.02374974,-0.04772171,0.2058805,-1.00229,0.2632675,0.1958225,0.3165043,0.8810973,1
104.2284055,0.3048174,-0.3053187,1.433681,-0.009515814,-0.001603885,0.04125214,0.9991022,-0.0166957,0.02019941,0.02756769,0.9992763,-0.07199934,0.002775689,-0.03963177,-0.0504479,0.2008073,-1.002224,0.2641959,0.1948321,0.3165022,0.8843358,1
104.2973525,0.3050473,-0.3037132,1.43369,-0.0108163,-0.000980668,0.04472216,0.9989404,-0.0166957,0.02019941,0.02756769,0.9992763,-0.02190987,0.008884161,-0.000537541,-0.05314906,0.2054785,-1.003772,0.2614682,0.1949387,0.3137809,0.8872697,1
104.3680866,0.3052644,-0.3021265,1.433671,-0.01217075,-0.00046144,0.04758897,0.9987928,-0.01963236,0.02018257,0.03433856,0.9990136,-0.001141062,-0.01799312,-0.004202627,-0.04650278,0.1980009,-1.005123,0.2623651,0.1977646,0.3146873,0.8839983,1
104.4371763,0.3055797,-0.3006999,1.434085,-0.01341089,0.000555798,0.05058805,0.9986295,-0.02114883,0.02074953,0.03782967,0.9988447,-0.01824478,-0.01921481,-0.01275449,-0.04870085,0.2078177,-1.004778,0.2613927,0.1949439,0.3183281,0.8809138,1
104.5087702,0.3058756,-0.2991916,1.434041,-0.01421574,0.000852896,0.05522823,0.9983723,-0.02254581,0.0213332,0.04150085,0.9986561,-0.0353485,0.07729905,-0.005424321,-0.05216492,0.2037357,-1.004728,0.2595934,0.1940601,0.3156048,0.8761142,1
104.5774797,0.3061905,-0.2976837,1.433938,-0.01473926,0.001081023,0.06027521,0.9980724,-0.02363426,0.02187575,0.04605964,0.9984193,-0.06222578,-0.01310634,-0.04574024,-0.04697421,0.2115486,-0.9977006,0.2605671,0.1930666,0.3128743,0.8775995,1
104.6471353,0.3065723,-0.2962997,1.433998,-0.01519998,0.001657449,0.06576002,0.9977184,-0.02449783,0.02245668,0.05170257,0.9981093,-0.06344748,0.01987941,-0.05917888,-0.04549093,0.2097321,-1.003078,0.2622828,0.1958632,0.3201443,0.8879229,1
104.7173787,0.3070161,-0.2950199,1.434149,-0.01585143,0.002509963,0.07135607,0.9973218,-0.02510324,0.02312661,0.05814166,0.9977247,-0.007249534,-0.02287989,-0.000537541,-0.04376507,0.2097121,-1.00209,0.2604382,0.1949826,0.3201493,0.8863914,1
104.7872267,0.3074989,-0.293712,1.434123,-0.01598556,0.003134522,0.07705476,0.9968938,-0.02510324,0.02312661,0.05814166,0.9977247,-0.006027838,-0.01921481,-0.002980933,-0.04869959,0.2123152,-0.9977158,0.2641054,0.1948384,0.3219587,0.8877671,1
104.8571511,0.3081013,-0.2924654,1.434194,-0.01592313,0.003855909,0.08112337,0.9965695,-0.02510324,0.02312661,0.05814166,0.9977247,-0.02557495,-0.02532328,-0.01153279,-0.04772476,0.2024057,-1.006172,0.2604492,0.1959353,0.3192396,0.8928688,1
104.9274204,0.3087929,-0.2913309,1.434294,-0.01592113,0.004804251,0.08408411,0.9963199,-0.02559748,0.02416403,0.06742842,0.997103,-0.04634375,-0.02043651,-0.01886296,-0.05017955,0.2103346,-1.001623,0.2604944,0.1959322,0.3165114,0.885443,1
104.9970932,0.3095024,-0.2902293,1.434325,-0.01586065,0.005961354,0.08704631,0.9960603,-0.02577621,0.02505979,0.07250556,0.9967198,-0.07077765,-0.02898837,-0.03718838,-0.05066691,0.2127822,-1.001905,0.2595139,0.1950192,0.3201517,0.8838373,1
105.0672681,0.3102093,-0.2892101,1.434384,-0.01551703,0.006925348,0.09013902,0.9957843,-0.02580271,0.02608461,0.07600772,0.9964318,-0.02557495,-0.0216582,-0.009089405,-0.05165931,0.2103568,-1.002119,0.2613434,0.1959008,0.3210562,0.8826077,1
105.1373764,0.3109689,-0.2882693,1.434595,-0.01490825,0.007624308,0.09347965,0.9954804,-0.0257158,0.02729517,0.07920972,0.9961522,0.05750027,-0.03021006,0.0336699,-0.0479534,0.213737,-0.9997007,0.2586747,0.1998175,0.3137869,0.8832245,1
105.2074898,0.3116704,-0.2873189,1.434583,-0.0142109,0.008034348,0.09793269,0.9950591,-0.02539169,0.02841185,0.08268013,0.9958473,-0.0353485,-0.01310634,-0.01519788,-0.04919537,0.2083406,-1.003067,0.262317,0.1949073,0.3183257,0.8863308,1
105.2771629,0.3123597,-0.2864155,1.434655,-0.01342036,0.008274931,0.1041425,0.9944374,-0.02539169,0.02841185,0.08268013,0.9958473,-0.0353485,-0.04609209,-0.02374974,-0.05609363,0.212373,-1.003879,0.2614518,0.1987539,0.31378,0.8828021,1
105.3476561,0.3130138,-0.2855005,1.434722,-0.01273488,0.008305024,0.1126307,0.9935207,-0.0248581,0.02951507,0.08799586,0.9953729,-0.03412681,-0.01188464,-0.006646017,-0.05980575,0.2085614,-1.002359,0.265112,0.1967031,0.3164993,0.8767455,1
105.4173941,0.3136765,-0.2845607,1.43472,-0.01221398,0.008252984,0.1218736,0.9924362,-0.0242036,0.02984803,0.09317246,0.994908,-0.07199934,-0.01554973,-0.04451855,-0.06276379,0.2090906,-1.003602,0.2623486,0.191091,0.3174172,0.8759661,1
105.4872235,0.3143571,-0.2836855,1.434923,-0.01198521,0.008242669,0.1313574,0.9912283,-0.02266931,0.02980592,0.1113647,0.9930737,-0.002362756,0.01132755,-0.007867711,-0.06202475,0.2100916,-1.000911,0.2623267,0.1996743,0.3165057,0.8747572,1
105.5578601,0.314951,-0.2828122,1.434913,-0.01146615,0.008225319,0.1407561,0.9899437,-0.02266931,0.02980592,0.1113647,0.9930737,-0.0353485,0.0003323,-0.005424321,-0.05933291,0.2032694,-0.9961369,0.2651202,0.1947955,0.3164998,0.8826897,1
105.62728,0.3155047,-0.282016,1.434829,-0.01109293,0.008278815,0.1496384,0.9886439,-0.02224378,0.03005694,0.1213057,0.9919105,0.006189108,-0.05097887,0.000684153,-0.06154349,0.2037022,-1.00303,0.2641946,0.1986463,0.3155918,0.8976761,1
105.6977275,0.3159959,-0.2812904,1.4349,-0.01046546,0.007910004,0.1589145,0.9872051,-0.02224378,0.03005694,0.1213057,0.9919105,0.04528333,-0.05953073,0.05443871,-0.0615357,0.2071237,-1.002834,0.2613996,0.1968505,0.3174182,0.8933272,1
105.7673416,0.3163852,-0.2805752,1.434858,-0.009330978,0.007042364,0.1688868,0.9855662,-0.02193805,0.03032945,0.1307279,0.9907113,0.01718435,-0.004554478,0.003127541,-0.06649116,0.1984324,-1.00272,0.2652177,0.1966958,0.3101332,0.8874714,1
105.837539,0.3167489,-0.279884,1.434705,-0.008651389,0.005865279,0.177416,0.9840804,-0.02160182,0.03055146,0.1382602,0.9896889,0.01596266,-0.006997867,-0.004202627,-0.06552044,0.1930809,-0.9999374,0.2669704,0.201397,0.3146746,0.8896837,1
105.9075873,0.3171544,-0.2792754,1.43479,-0.008291037,0.005012214,0.1845692,0.9827719,-0.01926718,0.02985023,0.1501146,0.98803,-0.02068817,0.0003323,-0.007867711,-0.06403658,0.1930124,-1.002636,0.2642495,0.2034101,0.3110435,0.8984842,1
105.9775808,0.31752,-0.2786106,1.434733,-0.007868778,0.004400999,0.1915234,0.9814467,-0.01813808,0.02943419,0.1573307,0.9869406,0.01107588,-0.01310634,0.01290109,-0.06256829,0.186101,-1.005728,0.2679428,0.2042177,0.3110338,0.8985665,1
106.047152,0.3179042,-0.277976,1.434645,-0.007673609,0.004094203,0.1986871,0.9800245,-0.01748475,0.02875499,0.1647983,0.9857529,-0.01580139,-0.02287989,-0.004202627,-0.06454078,0.1886312,-1.002328,0.2651958,0.2052791,0.3092218,0.8954754,1
106.1173572,0.3182792,-0.2774163,1.434618,-0.007776814,0.003768108,0.2055395,0.9786107,-0.01723742,0.02861864,0.1715813,0.9846032,0.006189108,0.0003323,-0.007867711,-0.06602032,0.1876485,-1.004775,0.2670294,0.205207,0.3101265,0.8975621,1
106.1873099,0.3186459,-0.2769427,1.434652,-0.007342367,0.003405387,0.2121295,0.9772081,-0.01723742,0.02861864,0.1715813,0.9846032,-0.008471228,0.006440773,-0.01153279,-0.06405326,0.1854299,-1.00351,0.2670074,0.2033015,0.3119458,0.8960422,1
106.257091,0.3190259,-0.2765023,1.434592,-0.00710432,0.002864578,0.2181666,0.9758815,-0.01647091,0.02817383,0.1865879,0.981896,0.03184469,-0.004554478,0.01290109,-0.06653913,0.1779175,-1.002916,0.2679949,0.2061211,0.3073956,0.8991228,1
106.3277104,0.3194157,-0.2761339,1.434665,-0.00663319,0.002445574,0.2247553,0.9743897,-0.01615817,0.02806843,0.1931155,0.9806412,-0.04267867,0.02965297,0.003127541,-0.0650589,0.1741301,-1.009493,0.262453,0.2053868,0.30741,0.9019783,1
106.3973115,0.3197358,-0.2758461,1.434652,-0.006239093,0.002215001,0.2318395,0.9727315,-0.01546995,0.02790491,0.2043964,0.978368,-0.06833426,-0.01799312,-0.004202627,-0.06134711,0.1809531,-1.005405,0.2670445,0.205206,0.309217,0.8937282,1
106.4673911,0.3200623,-0.2756202,1.434636,-0.005733222,0.00158923,0.2398778,0.970785,-0.01546995,0.02790491,0.2043964,0.978368,0.01107588,-0.002111089,0.01045771,-0.06454141,0.1856305,-1.0072,0.2689151,0.2070383,0.307393,0.8913731,1
106.5372241,0.3203346,-0.275399,1.434571,-0.005198305,0.000986472,0.2489101,0.9685122,-0.01546995,0.02790491,0.2043964,0.978368,8.06339E-05,-0.003332783,-0.002980933,-0.06011961,0.1787421,-1.004632,0.2671021,0.2023414,0.3064894,0.8878713,1
106.6077166,0.3205429,-0.2751816,1.434505,-0.004526528,0.000293183,0.258498,0.9660012,-0.01429417,0.02749287,0.2221281,0.9745249,-0.09643323,-0.005776173,0.009236012,-0.06257245,0.1818866,-1.010091,0.2651697,0.2043274,0.3110409,0.8896064,1
106.6772791,0.3207616,-0.2749997,1.43451,-0.004261143,-0.000442347,0.2677782,0.9634711,-0.01429417,0.02749287,0.2221281,0.9745249,-0.09398983,-0.01554973,-0.009089405,-0.06034487,0.186025,-1.007933,0.2661284,0.2033349,0.3092199,0.8801442,1
106.7475044,0.3209333,-0.2747305,1.434407,-0.004083449,-0.000891403,0.2753162,0.9613447,-0.01253686,0.02650945,0.241814,0.9698793,-0.02313156,-0.005776173,-0.01275449,-0.0635448,0.1905151,-1.005794,0.2595935,0.2045489,0.3128739,0.8759526,1
106.8175994,0.3211079,-0.2744039,1.434431,-0.004271579,-0.001555955,0.2811034,0.9596667,-0.01215382,0.025975,0.2505431,0.9676806,0.03062299,0.001553995,0.004349235,-0.06356526,0.1814712,-1.006401,0.2689727,0.2041738,0.3046654,0.8773133,1
106.8872533,0.3212116,-0.2739811,1.434407,-0.005205841,-0.002023763,0.2860395,0.9582015,-0.01215382,0.025975,0.2505431,0.9676806,0.02084944,-0.006997867,-0.005424321,-0.06505454,0.1788434,-1.0044,0.2661339,0.2090557,0.3073996,0.8823419,1
106.9582302,0.3212966,-0.273498,1.434455,-0.006316369,-0.002645521,0.2914368,0.9565656,-0.01222716,0.02561169,0.2566735,0.9660814,0.008632496,0.001553995,-0.000537541,-0.05986645,0.1811715,-1.005158,0.2624516,0.209201,0.3064996,0.890286,1
107.0273798,0.3213166,-0.2729543,1.434375,-0.007456935,-0.003095646,0.2981078,0.9544981,-0.01315712,0.02491699,0.265148,0.9637958,-0.007249534,-0.003332783,0.01045771,-0.06160088,0.1785308,-1.004387,0.2651684,0.2081416,0.3101305,0.8955988,1
107.0970843,0.3212831,-0.2724062,1.434302,-0.009068248,-0.003796167,0.3061489,0.9519328,-0.01412201,0.02446048,0.2721356,0.9618443,0.01474097,0.003997383,-0.007867711,-0.06283364,0.1727802,-1.015367,0.2652096,0.2090923,0.307402,0.8966348,1
107.1671501,0.3212302,-0.2719355,1.434293,-0.01025466,-0.004477106,0.3158679,0.9487373,-0.01497529,0.02444054,0.2811854,0.9592252,0.03428808,-0.003332783,0.0116794,-0.06088436,0.1652473,-1.010092,0.2671064,0.2118764,0.3037588,0.8778303,1
107.2373923,0.3211579,-0.2715525,1.434295,-0.01088864,-0.005470967,0.3276531,0.9447196,-0.0161018,0.0236973,0.292154,0.955942,0.01229758,0.0003323,-0.001759239,-0.06310811,0.1653268,-1.007641,0.2679772,0.2137506,0.3064843,0.8776344,1
107.3071571,0.3210086,-0.2713024,1.434172,-0.01111741,-0.006350646,0.3405102,0.9401537,-0.0161018,0.0236973,0.292154,0.955942,8.06339E-05,-0.01432803,-0.001759239,-0.06411096,0.1587581,-1.007303,0.2652768,0.2109947,0.3028543,0.886403,1
107.3774091,0.3208915,-0.2711618,1.434166,-0.01079973,-0.007661752,0.3536105,0.9352991,-0.01640464,0.02268914,0.3060678,0.9515979,-0.00358445,0.0003323,-0.000537541,-0.06409844,0.1621264,-1.010792,0.2615905,0.2120938,0.3019542,0.8928043,1
107.4474951,0.3206452,-0.2711154,1.43401,-0.0108218,-0.008912996,0.366766,0.9302076,-0.01658701,0.02167067,0.3203234,0.946915,-0.04145698,-0.000889394,-0.01275449,-0.06017447,0.1490305,-1.016001,0.2689317,0.2137119,0.3046631,0.8864679,1
107.517332,0.320422,-0.2711402,1.434009,-0.01055318,-0.01050486,0.3793811,0.9251208,-0.01555361,0.01965741,0.3420172,0.9393592,-0.1159803,-0.008219562,0.004349235,-0.06360961,0.1601635,-1.010763,0.2652577,0.2119495,0.3037635,0.8767337,1
107.5872799,0.3201276,-0.2712485,1.433866,-0.01045542,-0.01176955,0.3912027,0.92017,-0.01485142,0.01822182,0.3559809,0.9341975,-0.1037634,-0.01799312,0.005570929,-0.0623699,0.1628281,-1.010552,0.2661902,0.2100053,0.3037616,0.876968,1
107.6580032,0.3198697,-0.2714759,1.433838,-0.009947118,-0.01313888,0.403693,0.9147461,-0.01485142,0.01822182,0.3559809,0.9341975,-0.03412681,-0.002111089,-0.007867711,-0.06507606,0.1688088,-1.005976,0.2653029,0.2119464,0.3010353,0.8804525,1
107.7271748,0.3195979,-0.2718185,1.433825,-0.009445075,-0.01487409,0.4167467,0.9088519,-0.01409625,0.01659936,0.3697829,0.9288629,-0.04390037,-0.009441256,-0.01764126,-0.06236453,0.1642717,-1.012048,0.266149,0.2090547,0.3064902,0.8865736,1
107.7972218,0.3193529,-0.2722557,1.43371,-0.008621285,-0.01631594,0.429848,0.9027127,-0.01309088,0.01483146,0.3844476,0.9229347,-0.05611731,-0.000889394,0.003127541,-0.06557341,0.1678598,-1.004735,0.2725741,0.2088018,0.3092019,0.884482,1
107.8688858,0.3191842,-0.272778,1.43373,-0.007124359,-0.01815825,0.4413044,0.8971455,-0.01309088,0.01483146,0.3844476,0.9229347,-0.06711256,-0.01188464,0.003127541,-0.05890436,0.1673948,-1.010856,0.2662025,0.2071439,0.3037623,0.8915614,1
107.9371998,0.3190793,-0.2733862,1.433703,-0.005781452,-0.01939902,0.4514632,0.8920601,-0.0117323,0.01285855,0.3993185,0.9166468,-0.03046173,-0.004554478,-0.01519788,-0.06998969,0.1769419,-1.00758,0.2680278,0.2089794,0.3046666,0.8869466,1
108.0084503,0.3189934,-0.2739359,1.433612,-0.004400429,-0.02095119,0.4594941,0.8879228,-0.009983289,0.01093854,0.4128542,0.9106767,0.01107588,0.003997383,-0.006646017,-0.05941429,0.1633288,-1.005637,0.2689151,0.2070383,0.307393,0.8868095,1
108.0774302,0.3189265,-0.2745043,1.433619,-0.00345255,-0.02180343,0.4661484,0.8844311,-0.008309025,0.009421945,0.4235295,0.9057952,-0.009692922,-0.003332783,-0.000537541,-0.06703196,0.1734084,-1.011454,0.2643045,0.208174,0.3064951,0.8929012,1
108.1480339,0.3188954,-0.2750463,1.433578,-0.002214148,-0.02271572,0.4723082,0.881138,-0.008309025,0.009421945,0.4235295,0.9057952,-0.03901359,-0.01066295,-0.009089405,-0.06507237,0.1677647,-1.01063,0.2689481,0.2098967,0.304664,0.8825495,1
108.2171288,0.3188938,-0.2756484,1.433615,-0.001163286,-0.02360883,0.4789976,0.8774979,-0.006034774,0.007717222,0.4369635,0.8994257,-0.02924003,-0.01432803,-0.02252804,-0.06459206,0.1628899,-1.00933,0.2707515,0.2098266,0.3073876,0.8784432,1
108.2888905,0.3188601,-0.2762353,1.433611,-0.000125811,-0.02447464,0.4862106,0.8734989,-0.006034774,0.007717222,0.4369635,0.8994257,-0.03168342,0.01377094,-0.01519788,-0.06235733,0.1704569,-1.006485,0.2708009,0.2088697,0.3046595,0.8826724,1
108.3571921,0.3187883,-0.276852,1.4335,0.001211586,-0.02571936,0.4944032,0.8688514,-0.004572329,0.0067905,0.4440796,0.8959498,0.03184469,-0.000889394,0.004349235,-0.06311727,0.162422,-1.005879,0.2671255,0.2109215,0.3028496,0.8909854,1
108.4273985,0.3187225,-0.2775751,1.433479,0.002523019,-0.02687973,0.5020843,0.8643973,-0.004572329,0.0067905,0.4440796,0.8959498,-0.06100409,-0.01677142,0.004349235,-0.05940272,0.1636998,-1.013753,0.2652397,0.2090902,0.3055831,0.8956942,1
108.4973331,0.3186494,-0.2782377,1.433565,0.003881179,-0.02791739,0.5079058,0.8609514,-0.003145875,0.006186377,0.4515804,0.8922033,-0.1123153,-0.009441256,0.001905847,-0.06506864,0.1709812,-1.007728,0.2652466,0.2109968,0.3046732,0.8849724,1
108.5700522,0.3186055,-0.278892,1.433539,0.005224941,-0.02892371,0.5127561,0.8580312,-0.001574673,0.005182121,0.4599208,0.8879433,-0.06100409,-0.005776173,-0.0103111,-0.06161514,0.1729263,-1.003569,0.2670926,0.2080632,0.3055786,0.8874506,1
108.6386855,0.3185393,-0.2794707,1.433462,0.006346398,-0.0298132,0.5169078,0.8554983,0.001038758,0.003848452,0.4724373,0.8813553,-0.02435326,0.002775689,-0.0103111,-0.06357337,0.1765493,-1.009033,0.2679716,0.2080298,0.3083045,0.8958548,1
108.7076512,0.3184418,-0.2799974,1.433329,0.00709375,-0.03075046,0.5211993,0.8528513,0.001038758,0.003848452,0.4724373,0.8813553,-0.002362756,-0.008219562,0.005570929,-0.05667284,0.1692329,-1.015792,0.2679977,0.2089815,0.3064854,0.885874,1
108.7775452,0.3183429,-0.2805059,1.433383,0.007998127,-0.031445,0.5257272,0.8500342,0.003413606,0.002748549,0.4799486,0.8772856,-0.02068817,-0.01188464,-0.01275449,-0.0603757,0.1723354,-1.008964,0.2643237,0.2072191,0.3055859,0.8702416,1
108.8471618,0.3181715,-0.2809267,1.433363,0.008526291,-0.03196089,0.5302275,0.8472099,0.00524233,0.001789074,0.4857408,0.8740854,0.04772671,-0.005776173,0.000684153,-0.06210661,0.1724122,-1.006021,0.2634363,0.2091602,0.3028595,0.8738587,1
108.9179992,0.3179402,-0.2812404,1.433226,0.00902492,-0.03263867,0.5345907,0.8444325,0.006729014,0.000864159,0.4905479,0.8713877,0.06849552,-0.002111089,-0.005424321,-0.06113273,0.1655212,-1.008376,0.2661505,0.2157293,0.3046697,0.8841109,1
108.9872646,0.3176758,-0.2815285,1.433188,0.008967964,-0.0335678,0.5387128,0.8417727,0.006729014,0.000864159,0.4905479,0.8713877,0.02207113,0.003997383,-0.007867711,-0.06041968,0.1552846,-1.006015,0.268977,0.2137088,0.3019347,0.8912271,1
109.0573635,0.317341,-0.2817688,1.433199,0.008661329,-0.03440228,0.5430818,0.8389301,0.006729014,0.000864159,0.4905479,0.8713877,-0.02924003,0.007662467,-0.01397618,-0.06608061,0.1597525,-1.008797,0.2662039,0.2138185,0.3019418,0.9011308,1
109.1274425,0.3169422,-0.2818783,1.432996,0.008495114,-0.03511214,0.5470369,0.8363287,0.006729014,0.000864159,0.4905479,0.8713877,-0.0585607,0.008884161,-0.004202627,-0.06040673,0.1551389,-1.016089,0.2680718,0.2127905,0.301028,0.8963428,1
109.1975185,0.3165405,-0.2819261,1.432899,0.007879934,-0.03596792,0.550943,0.8337302,0.006729014,0.000864159,0.4905479,0.8713877,-0.1049851,-0.01310634,0.009236012,-0.06313015,0.1547968,-1.009701,0.2643333,0.2119861,0.3037659,0.8823182,1
109.2672592,0.3160967,-0.2819504,1.432891,0.007247108,-0.03673305,0.555722,0.8305248,0.006729014,0.000864159,0.4905479,0.8713877,-0.08177289,-0.004554478,-0.006646017,-0.06656039,0.1636188,-1.012294,0.2643305,0.2091257,0.3046761,0.8824831,1
109.3378669,0.3156538,-0.2819145,1.432803,0.006320296,-0.03775374,0.5611317,0.8268411,0.008056831,-3.97414E-05,0.495314,0.8686766,-0.03046173,-0.006997867,-0.01153279,-0.06015506,0.1615954,-1.008317,0.266182,0.211913,0.3037612,0.8793116,1
109.4072449,0.3151992,-0.2818603,1.432677,0.00627756,-0.03852427,0.5681905,0.8219709,0.009211747,-0.000846226,0.4999388,0.8660112,-0.0145797,0.008884161,-0.001759239,-0.06237443,0.1618764,-1.008819,0.2643333,0.2119861,0.3037659,0.8853326,1
109.4773066,0.3146887,-0.2817356,1.432282,0.005893852,-0.03952744,0.576008,0.8164665,0.01000806,-0.0014292,0.5050093,0.8630546,0.04528333,-0.002111089,-0.005424321,-0.06311126,0.1623545,-1.010547,0.2633829,0.211071,0.3055874,0.8882788,1
109.5478305,0.314168,-0.2816287,1.432098,0.005479232,-0.04029064,0.5832492,0.8112751,0.01089899,-0.002470944,0.5124587,0.8586391,-0.013358,-0.01677142,-0.01397618,-0.06461401,0.1533613,-1.009684,0.2644047,0.2129347,0.2992186,0.8869522,1
109.6176117,0.3137142,-0.281462,1.43194,0.004902224,-0.04090379,0.5884464,0.8074861,0.01113473,-0.003218837,0.5169706,0.8559246,0.01107588,-0.004554478,0.01045771,-0.06386992,0.1558094,-1.008243,0.2652234,0.2129055,0.3055822,0.8907572,1
109.6873,0.3132617,-0.281144,1.431634,0.004174562,-0.04125974,0.5914069,0.8053063,0.01072341,-0.004873108,0.5258364,0.8505041,0.008632496,0.0003323,-0.005424321,-0.06265052,0.1486764,-1.010103,0.2680485,0.2146992,0.3019369,0.8959001,1
109.7572667,0.3128873,-0.2807382,1.431468,0.00295016,-0.04128417,0.5925474,0.8044716,0.01000839,-0.006229758,0.5340372,0.8453787,-0.04390037,-0.01066295,0.003127541,-0.06463305,0.1435495,-1.012738,0.2680403,0.2166068,0.3019364,0.8965087,1
109.8273312,0.3125861,-0.2802419,1.431243,0.001644816,-0.04097722,0.5928159,0.8042933,0.009796113,-0.007147342,0.5418468,0.8403897,-0.04512206,-0.01066295,-0.001759239,-0.06238816,0.1537594,-1.012879,0.2661779,0.2128668,0.3037609,0.8911995,1
109.8973286,0.3125861,-0.2802419,1.431243,0.001644816,-0.04097722,0.5928159,0.8042933,0.01015243,-0.007924587,0.5513051,0.8342042,-0.06589086,0.003997383,-0.007867711,-0.06214574,0.1533018,-1.010414,0.2680375,0.2137464,0.3028466,0.885606,0
109.9674832,0.3125861,-0.2802419,1.431243,0.001644816,-0.04097722,0.5928159,0.8042933,0.01015243,-0.007924587,0.5513051,0.8342042,-0.04634375,-0.01066295,-0.01641957,-0.06361783,0.157248,-1.009738,0.2652425,0.2119506,0.304673,0.88727,0
110.0391572,0.3125861,-0.2802419,1.431243,0.001644816,-0.04097722,0.5928159,0.8042933,0.01015243,-0.007924587,0.5513051,0.8342042,-0.02190987,-0.01677142,-0.01153279,-0.06115924,0.1537883,-1.00919,0.2671091,0.2147368,0.3028487,0.8901113,0
110.1070092,0.3125861,-0.2802419,1.431243,0.001644816,-0.04097722,0.5928159,0.8042933,0.01009614,-0.008906133,0.5599211,0.8284364,-0.013358,0.001553995,-0.002980933,-0.06460538,0.1557707,-1.011931,0.2643896,0.2129358,0.300128,0.892356,0
110.1775959,0.3125861,-0.2802419,1.431243,0.001644816,-0.04097722,0.5928159,0.8042933,0.008705293,-0.009856451,0.5692354,0.8220694,-0.0353485,-0.01066295,-0.0103111,-0.0628812,0.156271,-1.008739,0.2653098,0.213853,0.3001254,0.8891141,0
110.2471272,0.3125861,-0.2802419,1.431243,0.001644816,-0.04097722,0.5928159,0.8042933,0.007320913,-0.00983201,0.5706198,0.8211228,-0.07566442,-0.002111089,0.003127541,-0.06214101,0.1547524,-1.011418,0.2679813,0.2127968,0.3064845,0.8912826,0
110.3173434,0.3125861,-0.2802419,1.431243,0.001644816,-0.04097722,0.5928159,0.8042933,0.005775821,-0.009494644,0.5710644,0.82083,-0.05733901,0.002775689,-0.005424321,-0.06261579,0.1588131,-1.01836,0.2661326,0.2128699,0.3064893,0.8841212,0
110.3873975,0.3125861,-0.2802419,1.431243,0.001644816,-0.04097722,0.5928159,0.8042933,0.00483552,-0.008622196,0.5776559,0.8162205,-0.09887662,-0.005776173,0.000684153,-0.0618816,0.1633777,-1.005644,0.2671255,0.2109215,0.3028496,0.870077,0
110.4575216,0.3125861,-0.2802419,1.431243,0.001644816,-0.04097722,0.5928159,0.8042933,0.004301085,-0.007862292,0.5838206,0.8118331,-0.04512206,-0.01310634,-0.004202627,-0.06359605,0.1675303,-1.00792,0.2633952,0.2082095,0.3055881,0.8826957,0
110.527173,0.3125861,-0.2802419,1.431243,0.001644816,-0.04097722,0.5928159,0.8042933,0.003466757,-0.00704569,0.5872933,0.8093359,-0.03901359,-0.006997867,-0.009089405,-0.06038086,0.1698869,-1.009421,0.2662135,0.2080967,0.3028527,0.8876745,0
110.5975834,0.3125861,-0.2802419,1.431243,0.001644816,-0.04097722,0.5928159,0.8042933,0.002640818,-0.006202281,0.5906823,0.8068759,-0.008471228,0.0003323,-0.006646017,-0.06137967,0.1650272,-1.009107,0.2661203,0.2157314,0.3064886,0.8860278,0
110.6670876,0.3125861,-0.2802419,1.431243,0.001644816,-0.04097722,0.5928159,0.8042933,0.001889268,-0.005545136,0.5931898,0.8050413,-0.01580139,-0.004554478,0.000684153,-0.0608751,0.1676496,-1.01283,0.2652617,0.2109957,0.3037638,0.8840609,0
110.7375152,0.3125861,-0.2802419,1.431243,0.001644816,-0.04097722,0.5928159,0.8042933,0.001889268,-0.005545136,0.5931898,0.8050413,-0.03168342,-0.003332783,-0.005424321,-0.0603949,0.1647812,-1.007872,0.2708366,0.2145884,0.3010204,0.8779256,0
110.8071781,0.3125861,-0.2802419,1.431243,0.001644816,-0.04097722,0.5928159,0.8042933,0.001072841,-0.00490075,0.5953842,0.8034253,-0.04023528,-0.006997867,-0.01153279,-0.06213249,0.1621761,-1.004644,0.2616508,0.2120896,0.2983164,0.8865636,0
110.8778226,0.3125861,-0.2802419,1.431243,0.001644816,-0.04097722,0.5928159,0.8042933,-0.00085143,-0.004790433,0.6016481,0.7987463,-0.01580139,-0.02410159,-0.01397618,-0.06163203,0.1633408,-1.007855,0.2707666,0.2098256,0.3064781,0.8996238,0
110.9471604,0.3125861,-0.2802419,1.431243,0.001644816,-0.04097722,0.5928159,0.8042933,-0.00085143,-0.004790433,0.6016481,0.7987463,0.01596266,0.001553995,0.005570929,-0.06335445,0.1620691,-1.013739,0.2652124,0.2119527,0.3064919,0.8976609,0
111.0175362,0.3125861,-0.2802419,1.431243,0.001644816,-0.04097722,0.5928159,0.8042933,-0.002208645,-0.005718552,0.6083892,0.793615,0.03673147,-0.009441256,0.01290109,-0.05844346,0.151459,-1.014557,0.2680115,0.2127947,0.3046657,0.8831987,0
111.0872508,0.3125861,-0.2802419,1.431243,0.001644816,-0.04097722,0.5928159,0.8042933,-0.002634167,-0.006472494,0.6117734,0.7910021,-0.04512206,0.002775689,-0.004202627,-0.06806318,0.1578847,-1.00558,0.2661848,0.2147734,0.3028511,0.8793451,0
111.1576531,0.3125861,-0.2802419,1.431243,0.001644816,-0.04097722,0.5928159,0.8042933,-0.002703074,-0.007302191,0.6170689,0.7868705,-0.08299459,-0.01677142,-0.001759239,-0.06115293,0.156725,-1.008741,0.2661628,0.2128679,0.3046704,0.8926501,0
111.2274133,0.3125861,-0.2802419,1.431243,0.001644816,-0.04097722,0.5928159,0.8042933,-0.002327941,-0.008018494,0.6219851,0.7829844,-0.1135369,-0.006997867,0.006792624,-0.06509016,0.1609465,-1.009303,0.2671708,0.2109184,0.3001214,0.8982992,0
111.2972605,0.3125861,-0.2802419,1.431243,0.001644816,-0.04097722,0.5928159,0.8042933,-0.002327941,-0.008018494,0.6219851,0.7829844,0.004967414,-0.01554973,0.001905847,-0.06360867,0.1631607,-1.006137,0.2725741,0.2088018,0.3092019,0.8975911,0
111.369052,0.3125861,-0.2802419,1.431243,0.001644816,-0.04097722,0.5928159,0.8042933,-0.00207327,-0.008560643,0.6251578,0.7804484,0.04161825,0.001553995,0.004349235,-0.06854639,0.1615388,-1.006863,0.2680897,0.2156499,0.2992084,0.9020038,0
111.4373716,0.3125861,-0.2802419,1.431243,0.001644816,-0.04097722,0.5928159,0.8042933,-0.00207327,-0.008560643,0.6251578,0.7804484,-0.04145698,-0.01677142,-0.007867711,-0.06214343,0.1542783,-1.010429,0.2643594,0.2129379,0.3019468,0.9028633,0
111.5076661,0.3125861,-0.2802419,1.431243,0.001644816,-0.04097722,0.5928159,0.8042933,-0.001948304,-0.009086471,0.6264631,0.7793956,-0.04267867,-0.003332783,-0.01764126,-0.06756699,0.1553376,-1.012177,0.266219,0.2138175,0.3010325,0.8971851,0
111.5771404,0.3125861,-0.2802419,1.431243,0.001644816,-0.04097722,0.5928159,0.8042933,-0.001682164,-0.009656511,0.6275612,0.7785055,-0.1110936,-0.005776173,-0.004202627,-0.05918429,0.1529847,-1.011386,0.2680128,0.2089805,0.305576,0.8892004,0
111.6480613,0.3125861,-0.2802419,1.431243,0.001644816,-0.04097722,0.5928159,0.8042933,-0.00120937,-0.01025742,0.6290723,0.777278,-0.04878715,0.002775689,-0.007867711,-0.07050246,0.1668921,-1.010877,0.2661738,0.2138206,0.3037607,0.8857926,0
111.7171631,0.3125861,-0.2802419,1.431243,0.001644816,-0.04097722,0.5928159,0.8042933,-0.00120937,-0.01025742,0.6290723,0.777278,-0.1000983,-0.01188464,-0.004202627,-0.06014912,0.1632831,-1.009816,0.2671158,0.2061546,0.3046696,0.8808688,0
111.7883156,0.3125861,-0.2802419,1.431243,0.001644816,-0.04097722,0.5928159,0.8042933,4.09602E-05,-0.01108764,0.6317272,0.7751113,-0.1159803,-0.000889394,0.000684153,-0.0692495,0.1784311,-1.004896,0.2680512,0.2070707,0.3037576,0.8830729,0
111.8573084,0.3125861,-0.2802419,1.431243,0.001644816,-0.04097722,0.5928159,0.8042933,0.001257189,-0.0114353,0.6337599,0.7734442,-0.09154645,-0.008219562,-0.005424321,-0.06086748,0.1733288,-1.008488,0.2661503,0.2052405,0.3074006,0.8878779,0
111.9284873,0.3125861,-0.2802419,1.431243,0.001644816,-0.04097722,0.5928159,0.8042933,0.001257189,-0.0114353,0.6337599,0.7734442,0.01840605,-0.01188464,-0.002980933,-0.06702397,0.1803367,-1.005164,0.2679867,0.2080287,0.3073951,0.8877795,0
111.9970766,0.3104306,-0.2846256,1.430145,-0.007943643,-0.04643402,0.6567041,0.7526755,0.001921833,-0.01202007,0.6346406,0.7727115,0.03795316,-0.008219562,-0.005424321,-0.06407329,0.1728721,-1.010702,0.2643689,0.207216,0.3028576,0.8879116,1
112.0678681,0.3102783,-0.2848368,1.430123,-0.008091688,-0.04653461,0.658002,0.7515334,0.002531508,-0.01249745,0.6358678,0.7716926,0.003745716,0.003997383,-0.005424321,-0.06900477,0.1759422,-1.007809,0.2643154,0.2091268,0.3055855,0.8813339,1
112.1373043,0.3102783,-0.2848368,1.430123,-0.008091688,-0.04653461,0.658002,0.7515334,0.002824463,-0.01285649,0.6372665,0.770531,-0.01824478,-0.006997867,-0.01519788,-0.05841706,0.1667024,-1.007404,0.2707295,0.2079211,0.3092069,0.8817823,0
112.2072817,0.3102783,-0.2848368,1.430123,-0.008091688,-0.04653461,0.658002,0.7515334,0.002824463,-0.01285649,0.6372665,0.770531,0.03673147,-0.01066295,0.008014318,-0.06803425,0.1715956,-1.003074,0.2642963,0.2100816,0.3064947,0.8905166,0
112.2775173,0.3102783,-0.2848368,1.430123,-0.008091688,-0.04653461,0.658002,0.7515334,0.002982841,-0.01306807,0.6385794,0.7694393,0.03673147,0.003997383,-0.004202627,-0.05842263,0.163256,-1.00932,0.2634172,0.2101151,0.3037687,0.9003512,0
112.3471243,0.3102783,-0.2848368,1.430123,-0.008091688,-0.04653461,0.658002,0.7515334,0.003237435,-0.01324619,0.6411907,0.7672604,0.01474097,-0.003332783,0.004349235,-0.06508895,0.1626875,-1.007116,0.2634624,0.2101119,0.3010405,0.8991233,0
112.4178256,0.3102783,-0.2848368,1.430123,-0.008091688,-0.04653461,0.658002,0.7515334,0.003262341,-0.01331725,0.6430447,0.765706,0.02451452,-0.004554478,-0.004202627,-0.05795568,0.1500093,-1.012814,0.2662012,0.2109581,0.3028519,0.8985022,0
112.4876712,0.3102783,-0.2848368,1.430123,-0.008091688,-0.04653461,0.658002,0.7515334,0.003254995,-0.01335652,0.6446123,0.7643859,-0.0145797,-0.01677142,-0.006646017,-0.05867804,0.1565909,-1.014632,0.2662574,0.2119077,0.2992141,0.8901047,0
112.5594394,0.3102783,-0.2848368,1.430123,-0.008091688,-0.04653461,0.658002,0.7515334,0.003048128,-0.01337275,0.6458153,0.7633705,-0.05000884,0.008884161,-0.01275449,-0.06091177,0.1517698,-1.013339,0.2652522,0.2167176,0.302853,0.8788797,0
112.6272989,0.3102783,-0.2848368,1.430123,-0.008091688,-0.04653461,0.658002,0.7515334,0.003048128,-0.01337275,0.6458153,0.7633705,-0.02557495,0.007662467,-0.002980933,-0.06337066,0.1552331,-1.01364,0.2652768,0.2109947,0.3028543,0.8747171,0
112.6976771,0.3102783,-0.2848368,1.430123,-0.008091688,-0.04653461,0.658002,0.7515334,0.003048128,-0.01337275,0.6458153,0.7633705,-0.02679664,0.0003323,-0.009089405,-0.06091645,0.1515719,-1.010141,0.265318,0.2119454,0.3001259,0.8737321,0
112.7676199,0.3102783,-0.2848368,1.430123,-0.008091688,-0.04653461,0.658002,0.7515334,0.002581746,-0.01352811,0.6467953,0.7625393,0.01840605,0.01499263,0.000684153,-0.06609407,0.154891,-1.007252,0.2652645,0.2138561,0.3028536,0.8831067,0
112.8373757,0.3102783,-0.2848368,1.430123,-0.008091688,-0.04653461,0.658002,0.7515334,0.001863637,-0.01380602,0.6497057,0.760058,-0.05978239,-0.01066295,-0.02008465,-0.06067598,0.146875,-1.013759,0.2597254,0.2159822,0.301958,0.8917339,0
112.9078351,0.3102783,-0.2848368,1.430123,-0.008091688,-0.04653461,0.658002,0.7515334,0.002008915,-0.01390175,0.6523133,0.7578191,-0.03290512,-0.02287989,-0.000537541,-0.06362739,0.1518414,-1.012117,0.2634529,0.2158338,0.3001297,0.8871886,0
112.9771243,0.3102783,-0.2848368,1.430123,-0.008091688,-0.04653461,0.658002,0.7515334,0.002697384,-0.01397778,0.6556895,0.7548963,-0.0145797,0.007662467,-0.004202627,-0.06116619,0.1508586,-1.009148,0.2671132,0.213783,0.3028489,0.8859245,0
113.0471254,0.307004,-0.2855301,1.431439,-0.01561751,-0.04969671,0.6872013,0.7245969,0.003012434,-0.01403114,0.658951,0.7520487,-0.01091462,-0.01066295,-0.01153279,-0.06092366,0.1498984,-1.007659,0.2643704,0.2138906,0.3010372,0.8936975,1
113.117388,0.3068153,-0.2856838,1.43147,-0.01570847,-0.04986393,0.6884766,0.7233719,0.003012434,-0.01403114,0.658951,0.7520487,-0.009692922,-0.006997867,0.003127541,-0.06264415,0.149858,-1.012824,0.2652865,0.2157617,0.3010344,0.8999161,1
113.1872667,0.306654,-0.2859049,1.431479,-0.01561015,-0.04989313,0.6896629,0.722241,0.003079128,-0.01396702,0.6617751,0.7495658,-0.03168342,-0.01554973,-0.002980933,-0.0641309,0.1472018,-1.012789,0.2662671,0.2166747,0.297394,0.8929137,1
113.2570736,0.3064909,-0.2861756,1.431456,-0.01545343,-0.05015383,0.6904226,0.7215002,0.002701832,-0.01409563,0.6644461,0.7471982,-0.03901359,-0.009441256,-0.005424321,-0.06537203,0.146809,-1.007871,0.2624792,0.2168273,0.3028601,0.8902807,1
113.3274229,0.3063129,-0.2864802,1.431375,-0.01537955,-0.0506264,0.6907654,0.7211405,0.002121977,-0.01417993,0.6677806,0.74422,-0.03901359,0.003997383,-0.01519788,-0.06315009,0.1462483,-1.009824,0.2616084,0.2149531,0.3001347,0.8985626,1
113.39747,0.3061356,-0.2868429,1.431326,-0.01528896,-0.05126053,0.6913711,0.7205169,0.002121977,-0.01417993,0.6677806,0.74422,-0.01824478,0.003997383,-0.004202627,-0.05895371,0.1458927,-1.011774,0.2643951,0.2186566,0.2983077,0.9006964,1
113.4672449,0.3059473,-0.2872599,1.431263,-0.01512643,-0.05195845,0.6922563,0.7196199,0.002121977,-0.01417993,0.6677806,0.74422,-0.02068817,-0.002111089,-0.02008465,-0.06708594,0.1484492,-1.015026,0.266252,0.2166758,0.2983035,0.8949298,1
113.5375206,0.3057435,-0.2876972,1.431154,-0.01487936,-0.05258701,0.6932424,0.7186294,0.00152266,-0.01442813,0.6697508,0.7424443,-0.08543798,-0.01066295,0.003127541,-0.05920107,0.1428968,-1.016647,0.2643238,0.217708,0.3028551,0.881809,1
113.6072311,0.3055693,-0.2881321,1.43114,-0.01449683,-0.05321836,0.6940569,0.7178041,0.00113882,-0.01468601,0.67189,0.7405044,-0.1404142,-0.01677142,0.003127541,-0.0609083,0.1547386,-1.010678,0.2652453,0.214811,0.3037629,0.8743427,1
113.6774805,0.3054185,-0.2885552,1.431189,-0.0142001,-0.05379985,0.6952197,0.7166405,0.00091689,-0.01486362,0.6736941,0.7388602,-0.07688612,-0.006997867,-0.01397618,-0.06213322,0.1581739,-1.011222,0.2634309,0.2139282,0.301949,0.8781772,1
113.7474095,0.3052775,-0.2889526,1.431212,-0.0140086,-0.05414651,0.6963604,0.7155097,0.000858069,-0.01504478,0.6751258,0.7375486,0.02207113,0.01377094,-0.004202627,-0.06090535,0.1542041,-1.013865,0.2670789,0.2147389,0.3046676,0.8785552,1
113.8175885,0.3051745,-0.289311,1.431151,-0.01389444,-0.05437018,0.6969364,0.7149339,0.001044299,-0.01523732,0.6762038,0.7365561,-0.04390037,-0.01921481,0.004349235,-0.05796615,0.1473699,-1.009581,0.2653331,0.2119443,0.2992164,0.8773946,1
113.8872005,0.3051123,-0.2897096,1.43116,-0.01377264,-0.05475768,0.6971312,0.7147169,0.001044299,-0.01523732,0.6762038,0.7365561,-0.06222578,-0.005776173,-0.007867711,-0.06508863,0.1626839,-1.007362,0.2661971,0.2119119,0.3028517,0.8873687,1
113.9577158,0.3050655,-0.2901335,1.431153,-0.01346427,-0.05517099,0.6974522,0.7143777,0.001229411,-0.01557579,0.6767451,0.7360516,-0.04145698,0.0003323,-0.005424321,-0.05547128,0.1585409,-1.010474,0.2616056,0.2120927,0.3010448,0.8931261,1
114.027118,0.3050164,-0.2905584,1.431092,-0.01312223,-0.05553408,0.6979936,0.7138268,0.001579892,-0.0165553,0.6780603,0.7348181,-0.02435326,-0.01066295,-0.0103111,-0.06508732,0.1624185,-1.008833,0.2661751,0.2100064,0.3046711,0.8922907,1
114.0972232,0.3050117,-0.2909856,1.431062,-0.01258665,-0.05581774,0.6983635,0.7134525,0.001579892,-0.0165553,0.6780603,0.7348181,0.01474097,0.001553995,-0.001759239,-0.05818179,0.1628161,-1.005627,0.2653221,0.2109915,0.3001261,0.8941416,1
114.1678045,0.3050441,-0.2914199,1.431064,-0.01227578,-0.05597758,0.6984221,0.713388,0.001579892,-0.0165553,0.6780603,0.7348181,8.06339E-05,-0.01310634,-0.006646017,-0.06139982,0.1529719,-1.015323,0.2670789,0.2147389,0.3046676,0.8979613,1
114.2376864,0.3050928,-0.2918453,1.431012,-0.01191227,-0.05622347,0.6983263,0.7134685,0.002707562,-0.01769443,0.680742,0.7323045,0.004967414,-0.006997867,0.003127541,-0.05746632,0.1485418,-1.0123,0.2671873,0.217592,0.2973914,0.8860952,1
114.30714,0.3051493,-0.2922471,1.431002,-0.01164563,-0.05657213,0.6981615,0.7136068,0.002947275,-0.01835395,0.6820675,0.7310528,-0.02068817,-0.008219562,-0.007867711,-0.06461579,0.1528801,-1.009186,0.2689619,0.2137098,0.3028442,0.885266,1
114.377687,0.3052012,-0.2926738,1.431031,-0.0113503,-0.05683187,0.6981307,0.713621,0.003237795,-0.01902158,0.6837428,0.7294677,-0.01702309,-0.002111089,-0.01519788,-0.06462095,0.1504316,-1.009642,0.2652673,0.2167165,0.3019435,0.8909907,1
114.4471106,0.3052545,-0.2930833,1.431018,-0.01111041,-0.05696565,0.6982089,0.7135375,0.003237795,-0.01902158,0.6837428,0.7294677,-0.002362756,0.0003323,-0.002980933,-0.06363507,0.1464134,-1.015971,0.2643128,0.2167552,0.3037648,0.8914371,1
114.5176822,0.3053072,-0.2934504,1.430983,-0.01071751,-0.05708442,0.6981347,0.7136067,0.003621257,-0.01942346,0.6856488,0.7276642,-0.06466917,0.001553995,-0.004202627,-0.06190927,0.1466447,-1.014496,0.2671654,0.2156864,0.2992108,0.880334,1
114.5873475,0.3054206,-0.2938254,1.43106,-0.01022334,-0.05708802,0.6979943,0.713751,0.003987413,-0.01988237,0.6868159,0.7265483,-0.08788136,-0.000889394,-0.009089405,-0.06609102,0.1508462,-1.016779,0.2662231,0.2128637,0.3010327,0.8728632,1
114.6576749,0.3055416,-0.2942199,1.431061,-0.009803379,-0.05731723,0.6977147,0.7140118,0.003987413,-0.01988237,0.6868159,0.7265483,-0.1159803,-0.005776173,-0.002980933,-0.05967201,0.1556872,-1.010934,0.2680897,0.2156499,0.2992084,0.8659769,1
114.7272552,0.3056949,-0.2945929,1.43104,-0.009281575,-0.05745744,0.6972347,0.7144762,0.004456486,-0.02028551,0.6879758,0.7254362,-0.0805512,-0.006997867,-0.001759239,-0.06755926,0.1620182,-1.00613,0.2661613,0.2061932,0.3064909,0.8745348,1
114.79743,0.3059035,-0.2949538,1.431045,-0.008747275,-0.05746074,0.697038,0.7146746,0.004937015,-0.02068752,0.6894345,0.7240355,-0.04756545,-0.002111089,0.001905847,-0.06285732,0.165527,-1.010347,0.2633678,0.211072,0.3064968,0.8863192,1
114.8682072,0.3061569,-0.2953165,1.431098,-0.008132126,-0.05725559,0.6971651,0.7145743,0.005821828,-0.0212293,0.690464,0.7230315,8.06339E-05,-0.005776173,0.000684153,-0.06508053,0.164598,-1.010093,0.2690125,0.2089387,0.3010265,0.8849236,1
114.9372153,0.3064669,-0.2956791,1.431174,-0.007337014,-0.05700529,0.6971053,0.7146613,0.006625878,-0.02158411,0.6905831,0.7229005,-0.02557495,-0.003332783,-0.004202627,-0.06336809,0.1594652,-1.008049,0.2670981,0.213784,0.3037584,0.8844724,1
115.0074556,0.3064669,-0.2956791,1.431174,-0.007337014,-0.05700529,0.6971053,0.7146613,0.007286925,-0.02182373,0.6908574,0.7226247,-0.01824478,-0.01921481,-0.0103111,-0.06411422,0.1547844,-1.011915,0.2652535,0.2129034,0.3037633,0.8888205,0
115.0771545,0.3071116,-0.2962871,1.431329,-0.005572008,-0.05642472,0.6961764,0.7156281,0.009072425,-0.02245298,0.6915887,0.7218853,-0.02190987,-0.003332783,-0.009089405,-0.0660684,0.1631243,-1.01204,0.26616,0.2100074,0.3055805,0.8847829,1
115.1480817,0.3073757,-0.2964901,1.431322,-0.004834059,-0.05624339,0.69589,0.7159263,0.009072425,-0.02245298,0.6915887,0.7218853,-0.05978239,0.001553995,-0.005424321,-0.06286358,0.162339,-1.011284,0.2670844,0.2099709,0.3055781,0.8783479,1
115.2173555,0.3075635,-0.2966478,1.431302,-0.004466556,-0.05604549,0.6958027,0.7160291,0.009072425,-0.02245298,0.6915887,0.7218853,0.002524022,0.002775689,-0.007867711,-0.06854703,0.1615459,-1.006371,0.265318,0.2119454,0.3001259,0.8792223,1
115.28733,0.3075635,-0.2966478,1.431302,-0.004466556,-0.05604549,0.6958027,0.7160291,0.009072425,-0.02245298,0.6915887,0.7218853,-0.05123053,-0.000889394,-0.001759239,-0.05991349,0.159142,-1.008773,0.2634241,0.2120216,0.3028588,0.889441,0
115.3571808,0.3075635,-0.2966478,1.431302,-0.004466556,-0.05604549,0.6958027,0.7160291,0.009528935,-0.02267835,0.691766,0.7217025,-0.01091462,0.01254924,-0.01397618,-0.06410675,0.1597134,-1.008792,0.2643141,0.212941,0.3046751,0.8939363,0
115.4278724,0.3075635,-0.2966478,1.431302,-0.004466556,-0.05604549,0.6958027,0.7160291,0.01014279,-0.02312058,0.6934007,0.7201095,-0.01580139,0.003997383,-0.01275449,-0.05842499,0.1595228,-1.014182,0.2634241,0.2120216,0.3028588,0.8918692,0
115.4971241,0.3075635,-0.2966478,1.431302,-0.004466556,-0.05604549,0.6958027,0.7160291,0.01095424,-0.02298798,0.693738,0.719777,-0.0805512,-0.004554478,-0.009089405,-0.06558167,0.1636916,-1.005903,0.2652384,0.2129044,0.3046727,0.8841217,0
115.567357,0.3075635,-0.2966478,1.431302,-0.004466556,-0.05604549,0.6958027,0.7160291,0.01095424,-0.02298798,0.693738,0.719777,-0.04267867,-0.01554973,-0.01519788,-0.05374048,0.1604704,-1.00976,0.2662122,0.2119109,0.3019423,0.8913417,0
115.6374336,0.3075635,-0.2966478,1.431302,-0.004466556,-0.05604549,0.6958027,0.7160291,0.01185768,-0.02270012,0.6931293,0.7203581,-0.03168342,-0.01799312,-0.009089405,-0.06852745,0.1673413,-1.010878,0.2680649,0.2108839,0.3019378,0.8910649,0
115.7080026,0.3075635,-0.2966478,1.431302,-0.004466556,-0.05604549,0.6958027,0.7160291,0.01264483,-0.02232055,0.6923854,0.7210716,-0.05489562,-0.009441256,-0.009089405,-0.05694482,0.1604985,-1.012226,0.2679813,0.2127968,0.3064845,0.8832268,0
115.7772468,0.3075635,-0.2966478,1.431302,-0.004466556,-0.05604549,0.6958027,0.7160291,0.01326325,-0.0220162,0.692054,0.7213879,-0.129419,-0.01554973,-0.002980933,-0.06238027,0.1611902,-1.005614,0.2690016,0.2079859,0.3019361,0.8822187,0
115.8474342,0.3075635,-0.2966478,1.431302,-0.004466556,-0.05604549,0.6958027,0.7160291,0.01369411,-0.02169424,0.6920066,0.721435,-0.08665967,-0.01799312,-0.01153279,-0.0623486,0.1723638,-1.009707,0.2679606,0.207077,0.3092142,0.8916119,0
115.9171292,0.3075635,-0.2966478,1.431302,-0.004466556,-0.05604549,0.6958027,0.7160291,0.01394884,-0.02145001,0.6919219,0.7215187,-0.04878715,-0.01066295,-0.001759239,-0.06604799,0.1754272,-1.005582,0.2624407,0.2082482,0.3074093,0.8889517,0
115.9877185,0.3075635,-0.2966478,1.431302,-0.004466556,-0.05604549,0.6958027,0.7160291,0.01394884,-0.02145001,0.6919219,0.7215187,-0.05123053,-0.005776173,-0.02008465,-0.06036802,0.1762594,-1.007792,0.2606647,0.2054557,0.303777,0.8907326,0
116.0573438,0.3075635,-0.2966478,1.431302,-0.004466556,-0.05604549,0.6958027,0.7160291,0.01394377,-0.02113181,0.6918246,0.7216216,0.002524022,0.005219078,-0.01641957,-0.0650486,0.1805311,-1.005899,0.2698203,0.2079566,0.3082998,0.8894888,0
116.1274108,0.3075635,-0.2966478,1.431302,-0.004466556,-0.05604549,0.6958027,0.7160291,0.01379229,-0.02091084,0.6919293,0.7215306,-0.03412681,-0.009441256,-0.01275449,-0.05914215,0.1728134,-1.007985,0.2670994,0.2099698,0.3046687,0.8894615,0
116.1972709,0.3075635,-0.2966478,1.431302,-0.004466556,-0.05604549,0.6958027,0.7160291,0.01358167,-0.02052588,0.6916311,0.7218311,0.01107588,-0.009441256,0.008014318,-0.0640713,0.1723483,-1.013152,0.2633993,0.2072557,0.3055883,0.8857241,0
116.2680095,0.3075635,-0.2966478,1.431302,-0.004466556,-0.05604549,0.6958027,0.7160291,0.01370522,-0.01977523,0.6904938,0.7229381,0.004967414,-0.004554478,-0.004202627,-0.05964371,0.1709092,-1.005256,0.2661861,0.2109592,0.3037614,0.8770462,0
116.3371592,0.3075635,-0.2966478,1.431302,-0.004466556,-0.05604549,0.6958027,0.7160291,0.01370522,-0.01977523,0.6904938,0.7229381,0.05383519,0.001553995,-0.001759239,-0.06607077,0.1639029,-1.008857,0.2625079,0.2101506,0.3028617,0.8855237,0
116.407432,0.3073492,-0.2957935,1.431124,-0.006304841,-0.05525073,0.6957641,0.7161145,0.01383554,-0.01904023,0.6891371,0.7242486,0.04406164,0.0003323,-0.004202627,-0.06165175,0.1537874,-1.009929,0.2661889,0.2138196,0.3028513,0.8871822,1
116.4778611,0.3072454,-0.2957961,1.431067,-0.006308324,-0.05542155,0.6954552,0.7164013,0.01387986,-0.01858576,0.6884705,0.7248933,-0.01702309,-0.003332783,-0.02008465,-0.06559472,0.1553162,-1.010944,0.2670858,0.2166455,0.3037577,0.8890903,1
116.5471787,0.307137,-0.2957834,1.431005,-0.006379463,-0.05552737,0.6950605,0.7167754,0.01347829,-0.01862065,0.6888176,0.7245702,-0.04512206,0.002775689,0.01045771,-0.06362529,0.1538229,-1.01018,0.2661477,0.2128689,0.3055798,0.8883842,1
116.6181269,0.307137,-0.2957834,1.431005,-0.006379463,-0.05552737,0.6950605,0.7167754,0.01347829,-0.01862065,0.6888176,0.7245702,-0.09398983,-0.003332783,-0.005424321,-0.06360551,0.1631251,-1.008594,0.2680115,0.2127947,0.3046657,0.8897967,0
116.6874177,0.307137,-0.2957834,1.431005,-0.006379463,-0.05552737,0.6950605,0.7167754,0.01329983,-0.01862358,0.6884987,0.7248763,-0.05611731,-0.005776173,-0.006646017,-0.06556967,0.1650605,-1.012559,0.2662231,0.2128637,0.3010327,0.8886617,0
116.7572888,0.307137,-0.2957834,1.431005,-0.006379463,-0.05552737,0.6950605,0.7167754,0.01327726,-0.01850532,0.6880578,0.7252983,-0.03046173,-0.004554478,-0.01153279,-0.06459096,0.1636294,-1.008849,0.2624846,0.2120593,0.3037706,0.8810512,0
116.8276674,0.307137,-0.2957834,1.431005,-0.006379463,-0.05552737,0.6950605,0.7167754,0.01327726,-0.01850532,0.6880578,0.7252983,-0.04267867,-0.01310634,0.003127541,-0.06311616,0.1601537,-1.010761,0.2671214,0.2118753,0.3028494,0.8825874,0
116.8976831,0.307137,-0.2957834,1.431005,-0.006379463,-0.05552737,0.6950605,0.7167754,0.01327726,-0.01850532,0.6880578,0.7252983,-0.06466917,-0.02287989,-0.001759239,-0.06854545,0.1630321,-1.004918,0.2633678,0.211072,0.3064968,0.8856888,0
116.9672155,0.307137,-0.2957834,1.431005,-0.006379463,-0.05552737,0.6950605,0.7167754,0.01334328,-0.01845317,0.6881787,0.7251837,-0.04878715,-0.008219562,-0.005424321,-0.0660562,0.1710078,-1.007239,0.2671447,0.2099667,0.3019404,0.8956363,0
117.0392949,0.3058875,-0.2953795,1.430362,-0.008695151,-0.0570937,0.6942174,0.7174447,0.01340399,-0.01846604,0.6884664,0.7249092,-0.08299459,-0.005776173,-0.009089405,-0.06113372,0.1642792,-1.009833,0.2707899,0.2079169,0.3055691,0.8952748,1
117.1073669,0.305747,-0.2953456,1.430281,-0.008792886,-0.05733797,0.693846,0.7177833,0.01340399,-0.01846604,0.6884664,0.7249092,-0.08421628,0.002775689,-0.006646017,-0.06358683,0.1701839,-1.01017,0.2680663,0.2070697,0.3028481,0.890023,1
117.1781868,0.3056231,-0.2953015,1.430208,-0.008894418,-0.05750841,0.6936717,0.7179368,0.01344612,-0.01847815,0.6883482,0.7250202,-0.1281973,-0.01432803,0.001905847,-0.06134589,0.1781823,-1.011263,0.2652411,0.205276,0.3064935,0.8819448,1
117.2472898,0.3055243,-0.2952743,1.430121,-0.008950006,-0.0576766,0.6935518,0.7180385,0.01344612,-0.01847815,0.6883482,0.7250202,-0.05245223,0.008884161,0.001905847,-0.06406251,0.1815236,-1.003453,0.2688973,0.204179,0.3092125,0.8760384,1
117.3179243,0.3054499,-0.2952136,1.430045,-0.008999866,-0.05783333,0.6934018,0.71817,0.01320271,-0.01852501,0.6867793,0.7265099,-0.06222578,-0.002111089,-0.009089405,-0.06258149,0.1799833,-1.006623,0.2671117,0.2071084,0.3046694,0.885087,1
117.3877577,0.3053952,-0.2951352,1.42996,-0.008996823,-0.05792116,0.6933836,0.7181807,0.01288982,-0.01866925,0.6863533,0.7269142,-0.1245322,-0.01677142,0.0116794,-0.06898157,0.1884644,-1.003074,0.2690029,0.2041717,0.3028465,0.8883539,1
117.457454,0.3053711,-0.2950436,1.429882,-0.009044875,-0.05785388,0.6936142,0.7179628,0.01220174,-0.01888807,0.6860618,0.7271957,-0.06466917,0.005219078,-0.01275449,-0.0642991,0.1871793,-1.001078,0.2689357,0.2022693,0.3073941,0.8938856,1
117.5274663,0.3053634,-0.2949325,1.429785,-0.009055,-0.05773649,0.6937783,0.7178135,0.01195716,-0.01900929,0.6861176,0.7271438,-0.04390037,-0.008219562,0.001905847,-0.06353801,0.1926946,-1.007054,0.2679428,0.2042177,0.3110338,0.8989435,1
117.597216,0.3053617,-0.2948464,1.429749,-0.009014767,-0.05768757,0.693655,0.7179371,0.01174737,-0.01932803,0.6862901,0.726976,-0.07932951,-0.005776173,-0.005424321,-0.06552643,0.1886366,-1.003314,0.2652396,0.1986014,0.3083139,0.8906034,1
117.667346,0.3053543,-0.2947261,1.429662,-0.008988253,-0.05759178,0.6933467,0.7182429,0.01174737,-0.01932803,0.6862901,0.726976,-0.10132,-0.01066295,0.001905847,-0.06698778,0.1969738,-1.002946,0.2652245,0.1986024,0.3092234,0.8913139,1
117.7379732,0.3053709,-0.2945884,1.429654,-0.00900196,-0.05751797,0.6930035,0.7185798,0.0117958,-0.02018031,0.6868995,0.7263764,-0.2124942,-0.009441256,0.01412279,-0.06129939,0.2027243,-1.002769,0.2689452,0.1965474,0.3083049,0.8904941,1
117.8071556,0.3053881,-0.2944235,1.429539,-0.009067552,-0.05737736,0.6928259,0.7187614,0.0117958,-0.02018031,0.6868995,0.7263764,-0.3578758,-0.02287989,0.005570929,-0.06644308,0.2199488,-1.000819,0.2706937,0.1917136,0.3155768,0.8868863,1
117.8774995,0.3054393,-0.2942707,1.429509,-0.009142223,-0.05719792,0.6927161,0.7188806,0.01165367,-0.02066076,0.6871579,0.7261205,-0.3749796,0.02354449,-0.04696193,-0.05706535,0.2240022,-0.9947101,0.2715411,0.1850076,0.3219421,0.883808,1
117.9473004,0.3054859,-0.2941006,1.429472,-0.009280157,-0.05694556,0.6925299,0.7190782,0.0115514,-0.02078657,0.6875978,0.7257022,-0.3505456,0.01987941,-0.1642446,-0.07079728,0.2649277,-0.9867325,0.2632741,0.1767514,0.321056,0.8917339,1
118.0175898,0.3055526,-0.2939346,1.429474,-0.009366243,-0.05671053,0.6923112,0.7193062,0.0115514,-0.02078657,0.6875978,0.7257022,-0.3481023,0.03820483,-0.1801266,-0.069778,0.2788312,-0.986439,0.2585317,0.1769426,0.3283433,0.8903321,1
118.0872136,0.3055917,-0.2937896,1.42946,-0.009426322,-0.05647504,0.6919553,0.7196663,0.01162179,-0.0208917,0.6882962,0.7250357,-0.2919043,0.04064822,-0.1239287,-0.07170245,0.3016252,-0.9833319,0.2612731,0.1701604,0.3319755,0.8786653,1
118.1574789,0.3055917,-0.2937896,1.42946,-0.009426322,-0.05647504,0.6919553,0.7196663,0.01162179,-0.0208917,0.6882962,0.7250357,-0.2161593,-0.005776173,-0.007867711,-0.06922184,0.3101994,-0.9780427,0.2603199,0.1663848,0.3347071,0.864455,0
118.2272333,0.3055917,-0.2937896,1.42946,-0.009426322,-0.05647504,0.6919553,0.7196663,0.01166138,-0.02095274,0.6884007,0.724934,-0.2369281,-0.006997867,0.0116794,-0.07068739,0.3190853,-0.973505,0.2602237,0.1606703,0.341984,0.8614537,0
118.2972543,0.3055917,-0.2937896,1.42946,-0.009426322,-0.05647504,0.6919553,0.7196663,0.01154358,-0.0209676,0.6880333,0.7252841,-0.1856169,0.01254924,-0.05062702,-0.07240472,0.326529,-0.9677183,0.2584327,0.1578788,0.3392611,0.8661011,0
118.3674647,0.3055917,-0.2937896,1.42946,-0.009426322,-0.05647504,0.6919553,0.7196663,0.01143481,-0.02083569,0.6877861,0.7255241,-0.1978339,0.05164347,-0.138589,-0.07337365,0.3353696,-0.9656363,0.2574411,0.156013,0.3438111,0.8754064,0
118.4373764,0.3055917,-0.2937896,1.42946,-0.009426322,-0.05647504,0.6919553,0.7196663,0.01143481,-0.02083569,0.6877861,0.7255241,-0.2638054,0.02720958,-0.1214853,-0.07606281,0.3504332,-0.95775,0.2546434,0.1513568,0.3465476,0.8813096,0
118.5073777,0.3055917,-0.2937896,1.42946,-0.009426322,-0.05647504,0.6919553,0.7196663,0.01136826,-0.02082127,0.6876647,0.7256405,-0.2796874,0.05286516,-0.1776832,-0.06666762,0.3628123,-0.9500411,0.252796,0.1476157,0.3474627,0.8911987,0
118.5782871,0.3055917,-0.2937896,1.42946,-0.009426322,-0.05647504,0.6919553,0.7196663,0.01138115,-0.02075554,0.6875211,0.7257784,-0.2955694,0.01743602,-0.08727784,-0.07327998,0.387203,-0.9442651,0.2481043,0.1430358,0.3529323,0.9030845,0
118.647155,0.3055917,-0.2937896,1.42946,-0.009426322,-0.05647504,0.6919553,0.7196663,0.01135886,-0.020683,0.6872301,0.7260562,-0.2870176,0.02598788,-0.06040057,-0.0712774,0.4033838,-0.9371208,0.2480562,0.1401786,0.3565707,0.9027283,0
118.7173861,0.3055917,-0.2937896,1.42946,-0.009426322,-0.05647504,0.6919553,0.7196663,0.01129492,-0.02045418,0.6867009,0.7265643,-0.3456589,0.03820483,-0.1165985,-0.07618893,0.4195141,-0.9260604,0.2425513,0.1308598,0.3565872,0.9036701,0
118.7873522,0.3055917,-0.2937896,1.42946,-0.009426322,-0.05647504,0.6919553,0.7196663,0.01135383,-0.02028155,0.6863291,0.7269195,-0.2723572,0.02843127,-0.08849955,-0.07443767,0.4334954,-0.9193765,0.2434728,0.1279629,0.357495,0.9118472,0
118.8577444,0.3055917,-0.2937896,1.42946,-0.009426322,-0.05647504,0.6919553,0.7196663,0.01154591,-0.02018507,0.6857406,0.7274743,-0.2662488,0.001553995,-0.04085346,-0.07293172,0.4512254,-0.9070946,0.2406188,0.122357,0.3638695,0.9209451,0
118.927314,0.3055917,-0.2937896,1.42946,-0.009426322,-0.05647504,0.6919553,0.7196663,0.0118165,-0.02005247,0.684818,0.7283422,-0.2161593,0.008884161,-0.03963177,-0.07441133,0.4535017,-0.9036904,0.2433396,0.1203439,0.3675005,0.9352249,0
118.9978434,0.3055917,-0.2937896,1.42946,-0.009426322,-0.05647504,0.6919553,0.7196663,0.0118165,-0.02005247,0.684818,0.7283422,-0.2186027,0.03087466,-0.06528735,-0.07685485,0.4648131,-0.9016477,0.2396299,0.1128628,0.3702402,0.9470307,0
119.0672316,0.3055917,-0.2937896,1.42946,-0.009426322,-0.05647504,0.6919553,0.7196663,0.01205218,-0.02006549,0.6842833,0.7288405,-0.2589186,0.05164347,-0.1092684,-0.07163658,0.4838457,-0.8955196,0.2377825,0.1091217,0.3711552,0.9446895,0
119.1372575,0.3055917,-0.2937896,1.42946,-0.009426322,-0.05647504,0.6919553,0.7196663,0.01213856,-0.02013439,0.6843042,0.7288174,-0.2418149,0.07119057,-0.1471409,-0.06991903,0.476901,-0.9005762,0.235927,0.1072883,0.3720699,0.9340812,0
119.2074755,0.3055917,-0.2937896,1.42946,-0.009426322,-0.05647504,0.6919553,0.7196663,0.01215259,-0.02015715,0.6844341,0.7286946,-0.333442,0.07363396,-0.1556928,-0.0765276,0.5087687,-0.8843403,0.2275983,0.1028504,0.3739111,0.9232128,0
119.2772586,0.3055917,-0.2937896,1.42946,-0.009426322,-0.05647504,0.6919553,0.7196663,0.01226929,-0.0201162,0.6843344,0.7287874,-0.4006352,0.1554875,-0.2522066,-0.08264752,0.5351668,-0.8741683,0.2256658,0.09434762,0.3811934,0.9096389,0
119.3473721,0.3055917,-0.2937896,1.42946,-0.009426322,-0.05647504,0.6919553,0.7196663,0.01226929,-0.0201162,0.6843344,0.7287874,-0.3456589,0.105398,-0.1715748,-0.078701,0.5436239,-0.8580602,0.222842,0.08873969,0.3857491,0.8957744,0
119.4174147,0.3055917,-0.2937896,1.42946,-0.009426322,-0.05647504,0.6919553,0.7196663,0.01235512,-0.02008247,0.6842923,0.7288264,-0.3713145,0.1554875,-0.2351029,-0.07865644,0.5684384,-0.8476045,0.2136123,0.08242977,0.3866838,0.9034512,0
119.4873464,0.3055917,-0.2937896,1.42946,-0.009426322,-0.05647504,0.6919553,0.7196663,0.01237743,-0.01996512,0.6840225,0.7290824,-0.3859748,0.1432706,-0.2192208,-0.08258767,0.580112,-0.8394266,0.2135052,0.07576247,0.3948703,0.9015996,0
119.5578209,0.3055917,-0.2937896,1.42946,-0.009426322,-0.05647504,0.6919553,0.7196663,0.01237743,-0.01996512,0.6840225,0.7290824,-0.4604982,0.1200584,-0.1874568,-0.08451875,0.6074923,-0.8231145,0.1977557,0.07066554,0.3985496,0.8962736,0
119.6275512,0.3055917,-0.2937896,1.42946,-0.009426322,-0.05647504,0.6919553,0.7196663,0.01259163,-0.01984317,0.683633,0.7294474,-0.4788236,0.08340751,-0.1056033,-0.07733347,0.6260615,-0.8125511,0.2004806,0.05720971,0.4049118,0.8857557,0
119.6975984,0.3055917,-0.2937896,1.42946,-0.009426322,-0.05647504,0.6919553,0.7196663,0.01295758,-0.01976563,0.6831406,0.7299042,-0.4067436,0.07241227,-0.09216463,-0.08052209,0.6472182,-0.7892709,0.1949605,0.04789205,0.4058377,0.880641,0
119.7673537,0.3055917,-0.2937896,1.42946,-0.009426322,-0.05647504,0.6919553,0.7196663,0.01295758,-0.01976563,0.6831406,0.7299042,-0.3102297,0.1261668,-0.122707,-0.07506403,0.6663241,-0.7777365,0.191285,0.03945505,0.4067586,0.8951303,0
119.8379405,0.3055917,-0.2937896,1.42946,-0.009426322,-0.05647504,0.6919553,0.7196663,0.01345067,-0.01951758,0.681939,0.7310248,-0.3138948,0.04064822,-0.05673549,-0.08564384,0.6814908,-0.7735575,0.1893484,0.03190604,0.4140407,0.8835141,0
119.9072376,0.3055917,-0.2937896,1.42946,-0.009426322,-0.05647504,0.6919553,0.7196663,0.01351035,-0.01940972,0.6815463,0.7313926,-0.3945267,0.08585091,-0.08849955,-0.08514956,0.6955082,-0.7491822,0.1885104,0.02240132,0.4113171,0.861685,0
119.9777717,0.3055917,-0.2937896,1.42946,-0.009426322,-0.05647504,0.6919553,0.7196663,0.01350694,-0.01923643,0.6815857,0.7313606,-0.3871965,0.1408272,-0.1813483,-0.07526938,0.7107301,-0.7299622,0.1828943,0.01785797,0.416789,0.8672501,0
120.0473269,0.3055917,-0.2937896,1.42946,-0.009426322,-0.05647504,0.6919553,0.7196663,0.01363495,-0.01891323,0.6816484,0.7313082,-0.6486391,0.1506007,-0.154471,-0.0883162,0.7364696,-0.7072638,0.1792215,0.001792533,0.4195307,0.8816064,0
120.1183646,0.3055917,-0.2937896,1.42946,-0.009426322,-0.05647504,0.6919553,0.7196663,0.01385412,-0.01848219,0.681368,0.7315763,-0.5154744,0.1383838,-0.1117117,-0.08878474,0.7647733,-0.6757241,0.1708995,-0.01122753,0.4231929,0.8847018,0
120.187244,0.3055917,-0.2937896,1.42946,-0.009426322,-0.05647504,0.6919553,0.7196663,0.01401478,-0.01799878,0.6806954,0.7322112,-0.305343,0.1738129,-0.1495843,-0.08654833,0.7808436,-0.6589927,0.166349,-0.02058491,0.4213881,0.8853587,0
120.2573717,0.3055917,-0.2937896,1.42946,-0.009426322,-0.05647504,0.6919553,0.7196663,0.01401478,-0.01799878,0.6806954,0.7322112,-0.3871965,0.2752135,-0.2070039,-0.08282806,0.7908298,-0.655687,0.1543023,-0.03059618,0.4259686,0.8804559,0
120.3272819,0.3055917,-0.2937896,1.42946,-0.009426322,-0.05647504,0.6919553,0.7196663,0.01415868,-0.01746618,0.6801099,0.7327651,-0.277244,0.1139499,-0.09949479,-0.08084969,0.8022699,-0.6386437,0.1552815,-0.03635774,0.4241487,0.867169,0
120.3981667,0.3055917,-0.2937896,1.42946,-0.009426322,-0.05647504,0.6919553,0.7196663,0.01415868,-0.01746618,0.6801099,0.7327651,-0.3028996,0.03576144,-0.01641957,-0.08505165,0.8127145,-0.6144741,0.1534272,-0.04200539,0.4259737,0.8654819,0
120.4674934,0.3055917,-0.2937896,1.42946,-0.009426322,-0.05647504,0.6919553,0.7196663,0.01433174,-0.0174311,0.6797152,0.7331288,-0.4653849,0.133497,-0.0970514,-0.08430626,0.8254246,-0.5957319,0.1525782,-0.05246289,0.4241597,0.8796666,0
120.5375488,0.3055917,-0.2937896,1.42946,-0.009426322,-0.05647504,0.6919553,0.7196663,0.01462043,-0.01741868,0.679925,0.7329288,-0.5008141,0.1396055,-0.08972124,-0.08529004,0.8404478,-0.5713747,0.1470553,-0.06464095,0.4259958,0.8937501,0
120.6071883,0.3055917,-0.2937896,1.42946,-0.009426322,-0.05647504,0.6919553,0.7196663,0.01462043,-0.01741868,0.679925,0.7329288,-0.5008141,0.1151716,-0.0530704,-0.08478906,0.8556433,-0.5499655,0.1434346,-0.07880294,0.4250993,0.9051481,0
120.6776729,0.3055917,-0.2937896,1.42946,-0.009426322,-0.05647504,0.6919553,0.7196663,0.01490126,-0.01729312,0.6804247,0.7324623,-0.5435734,0.205577,-0.106825,-0.08553579,0.8732772,-0.513603,0.1380599,-0.09385186,0.4187511,0.913008,0
120.7471522,0.3055917,-0.2937896,1.42946,-0.009426322,-0.05647504,0.6919553,0.7196663,0.01490126,-0.01729312,0.6804247,0.7324623,-0.4067436,0.1542658,-0.07872599,-0.08576785,0.8889081,-0.4968714,0.1343363,-0.1051461,0.4233105,0.9225616,0
120.8176008,0.3055917,-0.2937896,1.42946,-0.009426322,-0.05647504,0.6919553,0.7196663,0.01511598,-0.01696809,0.6806275,0.7322772,-0.3823097,0.1310536,-0.06284396,-0.08697585,0.9152129,-0.4694826,0.1252066,-0.1171842,0.4196994,0.9115938,0
120.8874052,0.3055917,-0.2937896,1.42946,-0.009426322,-0.05647504,0.6919553,0.7196663,0.01534553,-0.01643202,0.6802313,0.7326525,-0.2821308,0.01010586,0.000684153,-0.08034163,0.9126335,-0.452963,0.1289217,-0.12496,0.4206012,0.8867883,0
120.9575027,0.3055917,-0.2937896,1.42946,-0.009426322,-0.05647504,0.6919553,0.7196663,0.0155588,-0.0158679,0.6797289,0.7331268,-0.1306407,-0.01432803,0.005570929,-0.0874849,0.9294347,-0.432333,0.1280206,-0.1268321,0.4196946,0.8861302,0
121.0274112,0.3055917,-0.2937896,1.42946,-0.009426322,-0.05647504,0.6919553,0.7196663,0.01562987,-0.01550871,0.6795273,0.7333195,-0.1648481,-0.0656392,0.02756143,-0.08477189,0.9178626,-0.4520662,0.1308635,-0.1326678,0.4169606,0.8771116,0
121.0974554,0.3055917,-0.2937896,1.42946,-0.009426322,-0.05647504,0.6919553,0.7196663,0.01607063,-0.01534998,0.6791788,0.7336361,-0.161183,0.05408686,-0.02008465,-0.08378509,0.9273691,-0.4349975,0.1253902,-0.135314,0.4133377,0.8728503,0
121.167198,0.3055917,-0.2937896,1.42946,-0.009426322,-0.05647504,0.6919553,0.7196663,0.01607063,-0.01534998,0.6791788,0.7336361,-0.4275124,0.1909166,-0.07017413,-0.07663432,0.9332927,-0.4208111,0.1244493,-0.141951,0.41607,0.8697699,0
121.2372196,0.3055917,-0.2937896,1.42946,-0.009426322,-0.05647504,0.6919553,0.7196663,0.01645507,-0.01508438,0.6786509,0.7341216,-0.4458378,0.1823648,-0.06528735,-0.0840653,0.9382781,-0.3901809,0.121779,-0.1551978,0.413352,0.8743042,0
121.307524,0.3055917,-0.2937896,1.42946,-0.009426322,-0.05647504,0.6919553,0.7196663,0.01672125,-0.01472988,0.6780149,0.7347101,-0.3041213,0.133497,-0.03474499,-0.07520235,0.944837,-0.3634656,0.1135613,-0.164411,0.4097379,0.895752,0
121.3772086,0.3055917,-0.2937896,1.42946,-0.009426322,-0.05647504,0.6919553,0.7196663,0.01690321,-0.01380005,0.6757826,0.7367778,-0.293126,0.1799214,-0.04451855,-0.0862869,0.9641507,-0.3433731,0.1080535,-0.1765901,0.4106645,0.9136431,0
121.447188,0.3055917,-0.2937896,1.42946,-0.009426322,-0.05647504,0.6919553,0.7196663,0.01690321,-0.01380005,0.6757826,0.7367778,-0.2796874,0.1286102,-0.0323016,-0.08037497,0.9543663,-0.3532937,0.1044179,-0.1802622,0.4079466,0.903156,0
121.5174604,0.3055917,-0.2937896,1.42946,-0.009426322,-0.05647504,0.6919553,0.7196663,0.01690321,-0.01380005,0.6757826,0.7367778,-0.3456589,0.1872516,-0.05184871,-0.08755039,0.962255,-0.3241793,0.1026432,-0.1868689,0.4052246,0.906522,0
121.5873834,0.3055917,-0.2937896,1.42946,-0.009426322,-0.05647504,0.6919553,0.7196663,0.01699302,-0.01376653,0.6754708,0.7370623,-0.3529891,0.1799214,-0.03107991,-0.07200197,0.9711721,-0.3109985,0.09349431,-0.1979521,0.4025227,0.9131312,0
121.65717,0.3055917,-0.2937896,1.42946,-0.009426322,-0.05647504,0.6919553,0.7196663,0.01699302,-0.01376653,0.6754708,0.7370623,-0.3126731,0.1701478,-0.03596668,-0.07843603,0.970511,-0.2979793,0.09169355,-0.2055105,0.4016199,0.9132332,0
121.7274278,0.3055917,-0.2937896,1.42946,-0.009426322,-0.05647504,0.6919553,0.7196663,0.01715419,-0.01384938,0.6754886,0.7370406,-0.3615409,0.2703268,-0.04940532,-0.07770596,0.9886571,-0.2579341,0.08437285,-0.2118978,0.3989121,0.9167041,0
121.7974712,0.3055917,-0.2937896,1.42946,-0.009426322,-0.05647504,0.6919553,0.7196663,0.01740522,-0.01397767,0.6755712,0.7369567,-0.3590975,0.209242,-0.01764126,-0.07971463,0.9865817,-0.2352989,0.07991977,-0.2193548,0.3907408,0.910873,0
121.8676837,0.3055917,-0.2937896,1.42946,-0.009426322,-0.05647504,0.6919553,0.7196663,0.01740522,-0.01397767,0.6755712,0.7369567,-0.39697,0.2165722,-0.04207516,-0.08123281,0.9895427,-0.20143,0.06699402,-0.2293327,0.3925954,0.9236603,0
121.9373899,0.3055917,-0.2937896,1.42946,-0.009426322,-0.05647504,0.6919553,0.7196663,0.01766454,-0.01403811,0.675612,0.7369118,-0.3456589,0.2520013,-0.02985821,-0.08001415,0.9949508,-0.1803694,0.06719134,-0.2436493,0.3844139,0.9433649,0
122.0073642,0.3055917,-0.2937896,1.42946,-0.009426322,-0.05647504,0.6919553,0.7196663,0.01810024,-0.01427825,0.6757839,0.7367392,-0.2576969,0.1591526,-0.0323016,-0.07011859,0.99095,-0.2070756,0.05800555,-0.2461482,0.3817099,0.9534333,0
122.0772062,0.3055917,-0.2937896,1.42946,-0.009426322,-0.05647504,0.6919553,0.7196663,0.01810024,-0.01427825,0.6757839,0.7367392,-0.3016779,0.1273885,-0.0103111,-0.09731922,1.003695,-0.1397413,0.05993919,-0.2519484,0.3780689,0.955331,0
122.1475214,0.3055917,-0.2937896,1.42946,-0.009426322,-0.05647504,0.6919553,0.7196663,0.0184021,-0.01451121,0.676026,0.7365049,-0.249145,0.1396055,-0.005424321,-0.08252905,1.002553,-0.130841,0.0553805,-0.2593982,0.3762637,0.9511131,0
122.2171727,0.3055917,-0.2937896,1.42946,-0.009426322,-0.05647504,0.6919553,0.7196663,0.01864224,-0.01462699,0.6760098,0.7365115,-0.249145,0.1286102,-0.02374974,-0.06276567,1.008149,-0.1389834,0.05362778,-0.2640993,0.3717224,0.9520084,0
122.2875336,0.3055917,-0.2937896,1.42946,-0.009426322,-0.05647504,0.6919553,0.7196663,0.01874501,-0.01474176,0.6758108,0.7366891,-0.2674704,0.1823648,-0.01764126,-0.07929598,1.014233,-0.1292813,0.0500113,-0.2687263,0.3680953,0.9387385,0
122.3577628,0.3055917,-0.2937896,1.42946,-0.009426322,-0.05647504,0.6919553,0.7196663,0.01882053,-0.0148099,0.6756113,0.7368689,-0.1709566,0.1078414,-0.009089405,-0.07091743,1.024209,-0.1033537,0.04172231,-0.278888,0.3690285,0.9117675,0
122.4280522,0.3055917,-0.2937896,1.42946,-0.009426322,-0.05647504,0.6919553,0.7196663,0.01882053,-0.0148099,0.6756113,0.7368689,-0.2222677,0.1163933,-0.009089405,-0.07268653,1.008173,-0.1001775,0.03905902,-0.2797394,0.3626698,0.8900563,0
122.4972933,0.3055917,-0.2937896,1.42946,-0.009426322,-0.05647504,0.6919553,0.7196663,0.01882053,-0.0148099,0.6756113,0.7368689,-0.1734,0.05042177,0.009236012,-0.07739979,1.006045,-0.08492109,0.03999844,-0.2797771,0.3617581,0.9125684,0
122.5677258,0.3055917,-0.2937896,1.42946,-0.009426322,-0.05647504,0.6919553,0.7196663,0.01882053,-0.0148099,0.6756113,0.7368689,-0.1660698,0.05164347,-0.002980933,-0.07418687,1.014693,-0.07348708,0.04105023,-0.2884043,0.3563011,0.9353584,0
122.6372032,0.3055917,-0.2937896,1.42946,-0.009426322,-0.05647504,0.6919553,0.7196663,0.01871334,-0.01477554,0.675594,0.7368882,-0.2283762,0.1640394,-0.007867711,-0.07664991,1.013942,-0.07815179,0.03367195,-0.2919269,0.356321,0.932906,0
122.7071568,0.3055917,-0.2937896,1.42946,-0.009426322,-0.05647504,0.6919553,0.7196663,0.01869356,-0.0148425,0.6758472,0.736655,-0.1428576,0.1029546,-0.006646017,-0.0729177,1.025548,-0.08101346,0.02816842,-0.294571,0.354517,0.9211128,0
122.777567,0.3055917,-0.2937896,1.42946,-0.009426322,-0.05647504,0.6919553,0.7196663,0.01873373,-0.01489365,0.6758223,0.7366759,-0.06222578,0.09684616,-0.004202627,-0.06609357,0.9995407,-0.06317232,0.03007876,-0.2984625,0.3517849,0.9026791,0
122.8471523,0.3055917,-0.2937896,1.42946,-0.009426322,-0.05647504,0.6919553,0.7196663,0.01870235,-0.01496703,0.6758485,0.7366511,-0.1123153,0.02354449,0.03977837,-0.06829248,1.013377,-0.05502138,0.02547906,-0.2963742,0.3499774,0.9299925,0
122.9174963,0.3055917,-0.2937896,1.42946,-0.009426322,-0.05647504,0.6919553,0.7196663,0.01870235,-0.01496703,0.6758485,0.7366511,-0.09887662,0.03698314,0.03733498,-0.1006175,1.002273,-0.07361858,0.02358234,-0.2991582,0.3536206,0.9440617,0
122.9873766,0.3055917,-0.2937896,1.42946,-0.009426322,-0.05647504,0.6919553,0.7196663,0.0186337,-0.01498641,0.6759852,0.7365271,-0.02801834,0.008884161,-0.0103111,-0.0628766,1.011402,-0.04908126,0.02828356,-0.3003002,0.3490618,0.9619501,0
123.0573685,0.3055917,-0.2937896,1.42946,-0.009426322,-0.05647504,0.6919553,0.7196663,0.01851629,-0.01499205,0.6762645,0.7362735,-0.08788136,-0.004554478,0.07398582,-0.08406454,1.023506,-0.05176554,0.02358644,-0.300112,0.3536208,0.956187,0
123.1273365,0.3055917,-0.2937896,1.42946,-0.009426322,-0.05647504,0.6919553,0.7196663,0.01846377,-0.01507443,0.6767316,0.7358438,-0.04267867,-0.005776173,0.01045771,-0.06065192,1.020335,-0.03617921,0.02087101,-0.3028669,0.3509003,0.9236106,0
123.1978102,0.3055917,-0.2937896,1.42946,-0.009426322,-0.05647504,0.6919553,0.7196663,0.01846377,-0.01507443,0.6767316,0.7358438,-0.03290512,0.007662467,-0.009089405,-0.06930751,1.012209,-0.03583748,0.02000292,-0.3018807,0.3472647,0.9156767,0
123.267253,0.3055917,-0.2937896,1.42946,-0.009426322,-0.05647504,0.6919553,0.7196663,0.0189019,-0.01515888,0.6781312,0.7345412,-0.03901359,0.007662467,-0.000537541,-0.0678126,1.016528,-0.03909104,0.02374142,-0.3010763,0.3445267,0.928017,0
123.3377788,0.3055917,-0.2937896,1.42946,-0.009426322,-0.05647504,0.6919553,0.7196663,0.01908537,-0.01501833,0.6779808,0.7346782,-0.03046173,-0.004554478,-0.009089405,-0.05991199,1.018569,-0.03910108,0.02190374,-0.3000504,0.3436217,0.9278649,0
123.4081502,0.3055917,-0.2937896,1.42946,-0.009426322,-0.05647504,0.6919553,0.7196663,0.01917857,-0.01497181,0.6778651,0.7347836,-0.02924003,-0.000889394,-0.007867711,-0.07696679,1.004459,-0.04188857,0.02276904,-0.3038971,0.3481674,0.9293586,0
123.477223,0.3055917,-0.2937896,1.42946,-0.009426322,-0.05647504,0.6919553,0.7196663,0.0193087,-0.01498356,0.6779125,0.734736,-0.04023528,-0.000889394,-0.01275449,-0.05103352,1.017183,-0.03832199,0.01816933,-0.3018086,0.34636,0.9486814,0
123.547343,0.3055917,-0.2937896,1.42946,-0.009426322,-0.05647504,0.6919553,0.7196663,0.01954669,-0.01491223,0.6777717,0.7348612,-0.02557495,0.0003323,-0.007867711,-0.06805269,1.019466,-0.03888825,0.01904841,-0.3018421,0.3490859,0.9419247,0
123.6176484,0.3055917,-0.2937896,1.42946,-0.009426322,-0.05647504,0.6919553,0.7196663,0.01969685,-0.01494997,0.6776475,0.7349709,-0.04145698,0.002775689,-0.009089405,-0.05843819,1.018363,-0.03442498,0.02093136,-0.3028711,0.3472626,0.927504,0
123.6875173,0.3055917,-0.2937896,1.42946,-0.009426322,-0.05647504,0.6919553,0.7196663,0.01985072,-0.01494795,0.677674,0.7349423,-0.05733901,-0.000889394,-0.007867711,-0.07597471,1.009896,-0.03606625,0.0236714,-0.3058392,0.3499844,0.9265926,0
123.7572726,0.3055917,-0.2937896,1.42946,-0.009426322,-0.05647504,0.6919553,0.7196663,0.01985072,-0.01494795,0.677674,0.7349423,-0.03412681,-0.006997867,-0.01397618,-0.05055352,1.010808,-0.03945766,0.02000014,-0.3047411,0.3481748,0.9437327,0
123.8277217,0.3055917,-0.2937896,1.42946,-0.009426322,-0.05647504,0.6919553,0.7196663,0.01997008,-0.01497306,0.6778055,0.7348171,-0.04512206,0.01254924,-0.01275449,-0.06783532,1.009264,-0.03480833,0.02181321,-0.3000441,0.3490784,0.9586547,0
123.8971827,0.3055917,-0.2937896,1.42946,-0.009426322,-0.05647504,0.6919553,0.7196663,0.02013261,-0.01502518,0.6781806,0.7344658,-0.0365702,0.01499263,0.000684153,-0.06486534,1.011859,-0.03705034,0.01994257,-0.3018765,0.3509024,0.9673061,0
123.9674322,0.3055917,-0.2937896,1.42946,-0.009426322,-0.05647504,0.6919553,0.7196663,0.02030736,-0.01510607,0.6784757,0.7341866,-0.04267867,-0.002111089,-0.007867711,-0.06337623,1.013737,-0.0402687,0.02181731,-0.300998,0.3490786,0.9655865,0
124.0376884,0.3055917,-0.2937896,1.42946,-0.009426322,-0.05647504,0.6919553,0.7196663,0.02043954,-0.01517924,0.6785204,0.7341402,-0.02924003,0.002775689,-0.006646017,-0.06017308,1.014976,-0.03462614,0.02092725,-0.3019173,0.3472623,0.9585266,0
124.107267,0.3055917,-0.2937896,1.42946,-0.009426322,-0.05647504,0.6919553,0.7196663,0.02043954,-0.01517924,0.6785204,0.7341402,-0.02924003,-0.008219562,-0.01153279,-0.06461272,1.015297,-0.03537897,0.02190506,-0.3038647,0.3445321,0.9513378,0
124.1771859,0.3055917,-0.2937896,1.42946,-0.009426322,-0.05647504,0.6919553,0.7196663,0.02099603,-0.01546875,0.6780324,0.7345692,-0.04267867,-0.01310634,-0.007867711,-0.05869518,1.014724,-0.0331443,0.01817622,-0.299902,0.3454501,0.9461397,0
124.2474104,0.3055917,-0.2937896,1.42946,-0.009426322,-0.05647504,0.6919553,0.7196663,0.02131213,-0.01564432,0.6774086,0.7351314,-0.03412681,-0.006997867,-0.01275449,-0.0757244,1.012358,-0.0343808,0.02277182,-0.3010366,0.3472573,0.945967,0
124.3173507,0.3055917,-0.2937896,1.42946,-0.009426322,-0.05647504,0.6919553,0.7196663,0.02149255,-0.01588055,0.6773009,0.7352206,-0.05123053,0.08951599,-0.006646017,-0.06904909,1.018089,-0.03420132,0.02183782,-0.3057671,0.3490797,0.9456743,0
124.3871373,0.3055917,-0.2937896,1.42946,-0.009426322,-0.05647504,0.6919553,0.7196663,0.0216261,-0.01610405,0.6774333,0.7350898,-0.03901359,0.06141702,-0.01153279,-0.04313328,1.02399,-0.02955331,0.02095465,-0.3047798,0.3463536,0.9315503,0
124.4573466,0.3055917,-0.2937896,1.42946,-0.009426322,-0.05647504,0.6919553,0.7196663,0.02173762,-0.01628712,0.6776085,0.7349209,-0.03901359,0.04675669,-0.006646017,-0.05325684,1.019764,-0.03172908,0.0181021,-0.3037111,0.3509076,0.9138485,0
124.527386,0.3055917,-0.2937896,1.42946,-0.009426322,-0.05647504,0.6919553,0.7196663,0.02173762,-0.01628712,0.6776085,0.7349209,-0.04023528,-0.008219562,-0.006646017,-0.09074175,1.023812,-0.03974395,0.01533729,-0.3055089,0.3509151,0.9055831,0
124.5982593,0.3055917,-0.2937896,1.42946,-0.009426322,-0.05647504,0.6919553,0.7196663,0.02180264,-0.01636492,0.6776209,0.7349058,-0.02924003,0.001553995,-0.007867711,-0.07918632,1.008502,-0.0355625,0.01723401,-0.3027248,0.347272,0.8976811,0
124.6676624,0.3055917,-0.2937896,1.42946,-0.009426322,-0.05647504,0.6919553,0.7196663,0.02184802,-0.01637878,0.6774309,0.7350793,-0.03290512,0.006440773,-0.01275449,-0.05105288,1.008879,-0.038448,0.01634674,-0.3007837,0.3445456,0.9275327,0
124.7371281,0.3055917,-0.2937896,1.42946,-0.009426322,-0.05647504,0.6919553,0.7196663,0.02189391,-0.01639567,0.6776739,0.7348535,-0.03412681,-0.01188464,-0.01153279,-0.0730071,1.010262,-0.04048798,0.01817754,-0.3037163,0.3463604,0.9535682,0
124.8072731,0.3055917,-0.2937896,1.42946,-0.009426322,-0.05647504,0.6919553,0.7196663,0.02198703,-0.01634702,0.6777305,0.7347997,-0.04023528,0.01010586,0.008014318,-0.06385648,1.019864,-0.03937522,0.02001112,-0.3037884,0.3472652,0.9565741,0
124.877635,0.3055917,-0.2937896,1.42946,-0.009426322,-0.05647504,0.6919553,0.7196663,0.02227505,-0.01637119,0.6774703,0.7350304,-0.01091462,-0.01677142,-0.005424321,-0.05994419,1.008404,-0.03281043,0.01908957,-0.3008914,0.3463574,0.9443746,0
124.947213,0.3055917,-0.2937896,1.42946,-0.009426322,-0.05647504,0.6919553,0.7196663,0.02254113,-0.01639466,0.6769112,0.7355366,-0.04023528,0.008884161,-0.004202627,-0.07744353,1.014808,-0.03614073,0.01350239,-0.3016226,0.3491001,0.9552367,0
125.0173657,0.3055917,-0.2937896,1.42946,-0.009426322,-0.05647504,0.6919553,0.7196663,0.02265909,-0.01644598,0.6766602,0.7357628,-0.02068817,-0.01188464,-0.01153279,-0.0426464,1.017788,-0.03560672,0.01350649,-0.3025764,0.3491004,0.9490636,0
125.0880427,0.3055917,-0.2937896,1.42946,-0.009426322,-0.05647504,0.6919553,0.7196663,0.02264499,-0.01652743,0.6767854,0.7356462,-0.02190987,-0.006997867,-0.01153279,-0.08411516,1.012545,-0.03292954,0.01447609,-0.3026161,0.3463697,0.9415871,0
125.1574021,0.3055917,-0.2937896,1.42946,-0.009426322,-0.05647504,0.6919553,0.7196663,0.0225282,-0.01645452,0.6768274,0.7356129,-0.03046173,-0.01677142,-0.005424321,-0.04066676,1.020191,-0.03563652,0.0181062,-0.3046649,0.3509078,0.9398612,0
125.2271744,0.3055917,-0.2937896,1.42946,-0.009426322,-0.05647504,0.6919553,0.7196663,0.02240761,-0.01628324,0.6767962,0.735649,-0.02313156,0.007662467,-0.01153279,-0.07917917,1.010427,-0.03755635,0.0162672,-0.2998247,0.3490926,0.9335877,0
125.2977926,0.3055917,-0.2937896,1.42946,-0.009426322,-0.05647504,0.6919553,0.7196663,0.02235905,-0.01608878,0.6770275,0.735442,-0.02679664,-0.002111089,-0.004202627,-0.05155549,1.005984,-0.03668712,0.01633985,-0.3026903,0.3454555,0.9471513,0
125.3671897,0.3055917,-0.2937896,1.42946,-0.009426322,-0.05647504,0.6919553,0.7196663,0.02235905,-0.01608878,0.6770275,0.735442,-0.0353485,-0.01310634,-0.007867711,-0.06165015,1.014216,-0.03855102,0.0172532,-0.3036797,0.3463628,0.9636433,0
125.4373325,0.3055917,-0.2937896,1.42946,-0.009426322,-0.05647504,0.6919553,0.7196663,0.02224234,-0.01601245,0.6771333,0.7353497,-0.04390037,0.0443133,-0.009089405,-0.08164006,1.011406,-0.04077145,0.01172228,-0.3034613,0.3454675,0.9601872,0
125.5075286,0.3055917,-0.2937896,1.42946,-0.009426322,-0.05647504,0.6919553,0.7196663,0.02216963,-0.01599698,0.6772351,0.7352585,-0.03779189,0.003997383,-0.000537541,-0.0855815,1.014672,-0.03984519,0.01260135,-0.3034947,0.3481935,0.9555785,0
125.5778844,0.3055917,-0.2937896,1.42946,-0.009426322,-0.05647504,0.6919553,0.7196663,0.02250119,-0.01596818,0.6774989,0.7350059,-0.02924003,-0.002111089,-0.007867711,-0.03352376,1.013669,-0.03773677,0.01354766,-0.3016257,0.3463718,0.9482675,0
125.647187,0.3055917,-0.2937896,1.42946,-0.009426322,-0.05647504,0.6919553,0.7196663,0.02277143,-0.01602881,0.6771623,0.7353064,-0.03168342,0.01621433,-0.009089405,-0.08607291,1.018419,-0.03473942,0.01255198,-0.3025378,0.3509215,0.9467986,0
125.7176029,0.3055917,-0.2937896,1.42946,-0.009426322,-0.05647504,0.6919553,0.7196663,0.02277143,-0.01602881,0.6771623,0.7353064,-0.02679664,-0.000889394,-0.005424321,-0.05327146,1.011407,-0.03554076,0.01261234,-0.3025419,0.3472838,0.9365013,0
125.787166,0.3055917,-0.2937896,1.42946,-0.009426322,-0.05647504,0.6919553,0.7196663,0.02283929,-0.01605546,0.6771898,0.7352785,-0.02801834,-0.003332783,-0.007867711,-0.06189715,1.013973,-0.03879388,0.0144569,-0.3016613,0.3472789,0.9457607,0
125.8572274,0.3055917,-0.2937896,1.42946,-0.009426322,-0.05647504,0.6919553,0.7196663,0.02280098,-0.01599364,0.6772817,0.7351965,-0.04267867,0.007662467,-0.01153279,-0.07325263,1.012008,-0.0383019,0.01541141,-0.3016999,0.3454576,0.9490322,0
125.9273876,0.3055917,-0.2937896,1.42946,-0.009426322,-0.05647504,0.6919553,0.7196663,0.02262993,-0.01587346,0.6774414,0.7350571,-0.02435326,-0.01554973,-0.01641957,-0.04683041,1.020762,-0.0383633,0.01443771,-0.3007064,0.3481881,0.9474527,0
125.9974544,0.3055917,-0.2937896,1.42946,-0.009426322,-0.05647504,0.6919553,0.7196663,0.02246934,-0.01559969,0.6773148,0.7351846,-0.0365702,-0.004554478,-0.01519788,-0.08363494,1.005165,-0.03601681,0.01444592,-0.3026141,0.3481885,0.9390469,0
126.0673848,0.3055917,-0.2937896,1.42946,-0.009426322,-0.05647504,0.6919553,0.7196663,0.02226437,-0.01535754,0.6768529,0.7356212,-0.04390037,-0.003332783,-0.05795718,-0.04953724,1.023993,-0.0381708,0.01719153,-0.2998613,0.3490902,0.9490004,0
126.137823,0.3055917,-0.2937896,1.42946,-0.009426322,-0.05647504,0.6919553,0.7196663,0.02211092,-0.0151844,0.6763597,0.7360829,-0.04634375,0.2361193,-0.04207516,-0.08804139,1.022909,-0.03087682,0.008865629,-0.3014387,0.3500214,0.9241759,0
126.2071678,0.3055917,-0.2937896,1.42946,-0.009426322,-0.05647504,0.6919553,0.7196663,0.02201048,-0.01498,0.6761575,0.7362756,-0.04634375,0.2764353,0.05077362,-0.08055333,1.012032,0.07178177,0.001448973,-0.3030516,0.3518596,0.9058183,0
126.2773754,0.3064934,-0.2962463,1.430354,-0.00265587,-0.05572885,0.6850001,0.7264037,0.02201048,-0.01498,0.6761575,0.7362756,-0.05733901,0.06874719,-0.004202627,-0.02660525,1.018182,-0.03704758,-0.001221202,-0.3058096,0.3464108,0.9148141,1
126.3473401,0.3064577,-0.2961478,1.430291,-0.002790135,-0.05573948,0.6848951,0.7265013,0.02200524,-0.01476564,0.6760794,0.7363519,-0.01213631,-0.008219562,0.01656618,-0.07327041,1.003686,-0.03965647,-0.002218194,-0.3029074,0.3500502,0.9271049,1
126.4175672,0.3064225,-0.2960815,1.430251,-0.002929943,-0.05574736,0.6848521,0.7265406,0.02189161,-0.0146777,0.6758754,0.7365444,-0.03901359,-0.02898837,-0.01641957,-0.04955602,1.017437,-0.03561863,-0.002196223,-0.3010019,0.3482309,0.9482844,1
126.4871999,0.3063771,-0.2960117,1.430187,-0.002940875,-0.05575002,0.6849203,0.7264761,0.02175621,-0.01462597,0.6758472,0.7365751,-0.03779189,-0.002111089,-0.001759239,-0.08164727,1.01274,-0.03292629,0.001535397,-0.3021041,0.3464028,0.9453113,1
126.5584557,0.3063267,-0.2959448,1.43017,-0.003122443,-0.05568228,0.6850184,0.726388,0.02153876,-0.01429194,0.6758813,0.7365568,-0.02313156,-0.01921481,-0.006646017,-0.05351193,1.016104,-0.03192266,0.000615164,-0.3030213,0.3464054,0.9443231,1
126.6272631,0.3062162,-0.2958295,1.42993,-0.00306944,-0.05559997,0.6848763,0.7265285,0.02153876,-0.01429194,0.6758813,0.7365568,-0.03046173,-0.005776173,-0.01275449,-0.07102983,1.014947,-0.03465239,-0.002207209,-0.3019547,0.3491406,0.9417878,1
126.697587,0.3061942,-0.2957754,1.429895,-0.003256284,-0.05553766,0.6848478,0.7265593,0.02139664,-0.01414476,0.6759389,0.7365111,-0.02679664,-0.01188464,-0.0103111,-0.05941743,1.019299,-0.03861886,-0.00314253,-0.3028708,0.3500526,0.9372351,1
126.7676285,0.3061779,-0.2956989,1.429798,-0.003295077,-0.05540475,0.684747,0.7266644,0.02122945,-0.01411729,0.6761939,0.7362823,-0.02557495,0.001553995,-0.009089405,-0.073003,1.013224,-0.03831883,0.000597294,-0.3058807,0.3482249,0.9295992,1
126.8375492,0.3061844,-0.2956235,1.429731,-0.003455073,-0.05527255,0.6845068,0.7269,0.02102454,-0.01405403,0.6764682,0.7360375,-0.02801834,0.005219078,-0.007867711,-0.0609167,1.01177,-0.03777665,-0.003185011,-0.3000073,0.3518708,0.936655,1
126.9077627,0.3061946,-0.2955502,1.429661,-0.003571957,-0.05520099,0.6844752,0.7269345,0.02085301,-0.01402306,0.676557,0.7359613,-0.03168342,-0.01432803,-0.009089405,-0.06338537,1.010832,-0.03850647,-0.000373624,-0.3020267,0.3500453,0.9488103,1
126.9782221,0.3061861,-0.2954857,1.429548,-0.003612536,-0.0550574,0.6845442,0.7268803,0.02064949,-0.01394513,0.6765162,0.736006,-0.02557495,-0.005776173,-0.005424321,-0.07079547,1.01082,-0.03262617,-0.00409704,-0.3028322,0.3518738,0.9583201,1
127.0473365,0.3061706,-0.2954524,1.429485,-0.003681855,-0.05489724,0.6845111,0.7269232,0.02064949,-0.01394513,0.6765162,0.736006,-0.01946648,-0.009441256,-0.009089405,-0.06239293,1.013006,-0.03878116,-0.000388711,-0.3020257,0.3509547,0.9622073,1
127.1182973,0.3061381,-0.295406,1.429367,-0.003657882,-0.05475788,0.6845335,0.7269127,0.02046797,-0.01379751,0.6764702,0.7360561,-0.0365702,-0.01310634,-0.02252804,-0.07202012,1.009991,-0.04097317,-0.00036542,-0.3039344,0.3500457,0.9615256,1
127.1874166,0.306126,-0.2953796,1.429286,-0.003701947,-0.05474105,0.684489,0.7269557,0.02032876,-0.01374324,0.676654,0.7358921,-0.02801834,-0.002111089,-0.04818363,-0.06038351,1.023596,-0.04679342,-0.004066865,-0.3028343,0.3500549,0.9569575,1
127.25714,0.3061213,-0.2953668,1.429226,-0.003707889,-0.05467572,0.6843904,0.7270533,0.02027287,-0.01370215,0.6768729,0.7356929,-0.04756545,0.02476619,-0.1165985,-0.06139533,1.016125,-0.04128133,0.001497018,-0.3001944,0.3482212,0.9310659,1
127.3271935,0.3061144,-0.2953195,1.429125,-0.003774354,-0.05461458,0.684222,0.7272162,0.0202963,-0.01359052,0.6769317,0.7356403,-0.05611731,0.03209636,-0.1263721,-0.1021161,1.014037,-0.03889359,-0.003082179,-0.302875,0.3464149,0.9265541,1
127.3984476,0.3061165,-0.2952701,1.429044,-0.003879467,-0.05453347,0.6841125,0.7273247,0.02043893,-0.01352201,0.6767622,0.7357935,-0.06589086,0.2727702,-0.06528735,-0.09541211,1.021451,-0.05741633,-0.002203107,-0.3029085,0.3491408,0.9203838,1
127.4672352,0.3061167,-0.2952212,1.428925,-0.003911554,-0.0543665,0.6839583,0.7274821,0.02051757,-0.01351833,0.6765338,0.7360015,-0.05000884,0.02110111,-0.03107991,-0.06261013,1.019447,-0.04968819,-0.002259356,-0.3038581,0.3527787,0.9027158,1
127.5371238,0.3061314,-0.2951868,1.428865,-0.003924914,-0.05420578,0.6838516,0.7275943,0.02051757,-0.01351833,0.6765338,0.7360015,-0.08543798,0.07363396,0.04710853,-0.05677104,0.9994529,-0.02259721,-0.00121842,-0.3029492,0.3455007,0.908071,1
127.6077111,0.306163,-0.2951773,1.428846,-0.003921067,-0.05396368,0.6836851,0.7277687,0.02053452,-0.01350775,0.6763647,0.7361565,-0.10132,0.05164347,0.1399573,-0.05204159,1.009921,-0.03527054,-0.0113697,-0.3063621,0.3455276,0.940806,1
127.67723,0.3061632,-0.2951664,1.42873,-0.003801551,-0.05372218,0.6835642,0.7279008,0.02056574,-0.01355059,0.6763549,0.736164,-0.07932951,0.1017329,0.08131599,-0.1390741,1.050785,-0.0139551,-0.01691571,-0.3061427,0.3455418,0.930257,1
127.7471547,0.3061904,-0.2951837,1.428696,-0.003688321,-0.05347172,0.6833616,0.72811,0.02058006,-0.01354898,0.676438,0.7360871,-0.07199934,0.09684616,0.06421226,-0.03134008,1.016798,-0.00410696,-0.01682519,-0.3061489,0.3400853,0.8468011,1
127.8177345,0.3061807,-0.2951942,1.42856,-0.003602686,-0.0533491,0.683117,0.728349,0.02058006,-0.01354898,0.676438,0.7360871,-0.1086502,0.0870726,0.04222176,-0.09219436,1.043079,-0.0265085,-0.01876717,-0.3089299,0.3464567,0.8494073,1
127.8871076,0.3061861,-0.2952617,1.428535,-0.003470649,-0.05343501,0.6828783,0.7285671,0.02067521,-0.013289,0.6764008,0.7361234,-0.10132,0.04675669,0.03855668,-0.1381795,1.01521,-0.007295607,-0.0233326,-0.3077974,0.3428306,0.8202797,1
127.9580148,0.3061453,-0.2953245,1.428473,-0.003347964,-0.0536656,0.6828586,0.7285691,0.02067521,-0.013289,0.6764008,0.7361234,-0.1281973,0.08340751,0.0336699,-0.09992068,1.024554,-0.000946603,-0.0250963,-0.3134514,0.3391989,0.8356972,1
128.0274294,0.3060684,-0.2953934,1.428485,-0.003359323,-0.05402037,0.6828179,0.728581,0.02078761,-0.01315419,0.6759999,0.7364908,-0.04512206,-0.02654498,0.0361133,-0.07777118,0.9981782,-0.004443915,-0.02685855,-0.3124307,0.3337468,0.8566009,1
128.0981518,0.3059427,-0.2954727,1.428478,-0.003425534,-0.05439297,0.6827142,0.7286502,0.02103934,-0.01301816,0.6750791,0.7373303,-0.05000884,0.04920008,-0.06162227,-0.07746673,1.014318,-0.01942179,-0.02505924,-0.3115469,0.3364702,0.9048095,1
128.1671757,0.3058041,-0.2955422,1.428523,-0.003513471,-0.05481279,0.682877,0.7284657,0.02141304,-0.01288366,0.6738588,0.7384374,-0.04634375,-0.03509684,-0.0103111,-0.04742031,0.9925307,-0.01559301,-0.02601098,-0.3086478,0.3373813,0.9292292,1
128.2391178,0.3056547,-0.2955616,1.428534,-0.003575761,-0.05497009,0.6831701,0.7281787,0.02183086,-0.0128708,0.6726733,0.7395056,-0.1062068,-0.000889394,-0.04451855,-0.0171866,1.046339,-0.0189984,-0.02324075,-0.3116179,0.3382843,0.9326438,1
128.3071568,0.3056547,-0.2955616,1.428534,-0.003575761,-0.05497009,0.6831701,0.7281787,0.02183086,-0.0128708,0.6726733,0.7395056,-0.06344748,-0.05708734,-0.01641957,-0.08136488,1.04542,-0.001693581,-0.02599046,-0.3134169,0.3373824,0.8582232,0
128.3773124,0.3056547,-0.2955616,1.428534,-0.003575761,-0.05497009,0.6831701,0.7281787,0.02188726,-0.01316963,0.6724291,0.7397204,-0.06711256,-0.005776173,-0.02008465,-0.09669068,1.040279,0.01013959,-0.03329872,-0.3121768,0.3319446,0.7985799,0
128.4476205,0.3056547,-0.2955616,1.428534,-0.003575761,-0.05497009,0.6831701,0.7281787,0.02183304,-0.01350831,0.672527,0.739627,-0.1147586,0.01743602,0.02023126,-0.09995005,1.012853,0.000450943,-0.03142266,-0.3151124,0.3310311,0.7875652,0
128.5172367,0.3056547,-0.2955616,1.428534,-0.003575761,-0.05497009,0.6831701,0.7281787,0.021632,-0.01370934,0.6729792,0.7392177,-0.08788136,0.1005112,0.02878312,-0.1318431,0.9888964,0.005633482,-0.03050242,-0.3141951,0.3310285,0.845916,0
128.5875583,0.3056547,-0.2955616,1.428534,-0.003575761,-0.05497009,0.6831701,0.7281787,0.02140976,-0.0136506,0.6731684,0.739053,-0.02313156,-0.009441256,0.03977837,-0.08272459,0.9902158,-0.004586976,-0.03138018,-0.3179759,0.3292129,0.9094616,0
128.6573833,0.3056547,-0.2955616,1.428534,-0.003575761,-0.05497009,0.6831701,0.7281787,0.02140976,-0.0136506,0.6731684,0.739053,-0.05000884,0.003997383,-0.02863652,-0.06166195,1.025377,-0.009711997,-0.03051751,-0.3141941,0.3319379,0.9376878,0
128.727298,0.3056547,-0.2955616,1.428534,-0.003575761,-0.05497009,0.6831701,0.7281787,0.02123712,-0.01354726,0.6732799,0.7389583,-0.1257539,0.07607735,0.0776509,-0.07600882,1.0178,0.003879067,-0.0285852,-0.3161801,0.3273865,0.9188512,0
128.7972145,0.3056547,-0.2955616,1.428534,-0.003575761,-0.05497009,0.6831701,0.7281787,0.02067305,-0.01346045,0.6735716,0.73871,-0.1477444,0.01132755,0.009236012,-0.01420237,0.9590539,-0.005197954,-0.02861259,-0.3133176,0.3282952,0.9215834,0
128.8679749,0.3056547,-0.2955616,1.428534,-0.003575761,-0.05497009,0.6831701,0.7281787,0.02048718,-0.01346662,0.673488,0.7387915,-0.03290512,0.01621433,-0.02252804,-0.01421631,0.9624693,0.01146464,-0.02949034,-0.3170984,0.3264796,0.9506078,0
128.9370294,0.3056547,-0.2955616,1.428534,-0.003575761,-0.05497009,0.6831701,0.7281787,0.02052236,-0.01360918,0.6732849,0.7389728,-0.03046173,-0.03631853,0.000684153,-0.0313354,1.030531,0.01683058,-0.03134722,-0.3151176,0.3264839,0.9583192,0
129.0075494,0.3056547,-0.2955616,1.428534,-0.003575761,-0.05497009,0.6831701,0.7281787,0.02052236,-0.01360918,0.6732849,0.7389728,-0.08788136,0.01010586,0.07032074,-0.02394015,1.02319,0.009090206,-0.03780526,-0.317723,0.3265012,0.9201901,0
129.0774117,0.3056547,-0.2955616,1.428534,-0.003575761,-0.05497009,0.6831701,0.7281787,0.02074828,-0.01395888,0.6733331,0.7389162,-0.05245223,-0.01677142,0.01900957,-0.03314291,0.9978822,0.01950901,-0.03502537,-0.3159262,0.3255842,0.9141071,0
129.1471597,0.3056547,-0.2955616,1.428534,-0.003575761,-0.05497009,0.6831701,0.7281787,0.02104016,-0.01439653,0.6736493,0.7386112,-0.0365702,0.12128,-0.007867711,-0.06634385,1.046458,0.02315044,-0.03500618,-0.3168811,0.324675,0.9197841,0
129.2172442,0.3056547,-0.2955616,1.428534,-0.003575761,-0.05497009,0.6831701,0.7281787,0.02105404,-0.01455657,0.6737016,0.7385601,-0.06222578,-0.05464395,-0.01764126,-0.08058691,0.9635331,0.01079477,-0.03680417,-0.3215791,0.322862,0.8689991,0
129.2875598,0.3056547,-0.2955616,1.428534,-0.003575761,-0.05497009,0.6831701,0.7281787,0.02103976,-0.014618,0.6736831,0.738576,-0.07199934,-0.04731378,-0.07261752,-0.04230046,0.9763264,0.002348284,-0.03672595,-0.3187239,0.3174047,0.9074071,0
129.3571911,0.3056547,-0.2955616,1.428534,-0.003575761,-0.05497009,0.6831701,0.7281787,0.02085887,-0.01451352,0.6736916,0.7385756,-0.04267867,0.02720958,-0.02252804,-0.05108409,1.027026,0.01756992,-0.03958127,-0.3205155,0.3228689,0.9357703,0
129.4274896,0.3056547,-0.2955616,1.428534,-0.003575761,-0.05497009,0.6831701,0.7281787,0.02062586,-0.0142364,0.6737702,0.7385157,-0.07444273,0.04553499,-0.02619313,-0.09893509,1.036831,0.02198046,-0.04139289,-0.3185379,0.3201448,0.9021973,0
129.4973606,0.3056547,-0.2955616,1.428534,-0.003575761,-0.05497009,0.6831701,0.7281787,0.02070612,-0.01407769,0.6746717,0.737693,-0.06589086,-0.06075242,-0.01153279,-0.05411353,1.004547,0.02943765,-0.03768734,-0.3205918,0.3201358,0.8656621,0
129.5674073,0.3056547,-0.2955616,1.428534,-0.003575761,-0.05497009,0.6831701,0.7281787,0.02073927,-0.01370625,0.6752309,0.7371872,-0.1049851,-0.04242701,0.009236012,-0.02048024,1.041105,0.03685728,-0.0376078,-0.3215508,0.3155889,0.8880333,0
129.6373026,0.3056547,-0.2955616,1.428534,-0.003575761,-0.05497009,0.6831701,0.7281787,0.02073927,-0.01370625,0.6752309,0.7371872,-0.03779189,-0.07052598,-0.004202627,-0.0101379,1.02985,0.03262132,-0.03297514,-0.320781,0.3146674,0.8533609,0
129.7078948,0.3058449,-0.2941018,1.428584,-0.004049085,-0.05300809,0.681887,0.7295231,0.02075214,-0.01297805,0.6749731,0.7374361,-0.06466917,-0.02776667,-0.01275449,-0.02993215,1.0048,0.02949338,-0.0376201,-0.3186894,0.3155882,0.8564063,1
129.7772794,0.3059189,-0.2941206,1.428655,-0.00388198,-0.0530002,0.6816059,0.7297872,0.02077581,-0.0126686,0.6746661,0.7377217,-0.06955595,-0.05220056,0.000684153,-0.01906035,1.011177,0.02942809,-0.03479773,-0.3197561,0.312853,0.9079711,1
129.8471649,0.3059472,-0.2941683,1.428657,-0.003707211,-0.05303241,0.681666,0.7297295,0.02083532,-0.01246326,0.6741776,0.73817,-0.07077765,-0.003332783,-0.02008465,-0.0541229,1.004151,0.03583318,-0.03753924,-0.3234627,0.3119516,0.9440795,1
129.9176021,0.3059529,-0.2942433,1.428655,-0.003516028,-0.05320423,0.6819147,0.7294857,0.02111407,-0.01256611,0.6733217,0.738941,-0.05978239,0.03087466,-0.0103111,-0.05932786,0.9937413,0.03498752,-0.03565498,-0.328306,0.3110386,0.9676534,1
129.9871276,0.3059684,-0.294349,1.428725,-0.00339801,-0.05330727,0.6820017,0.7293973,0.02111407,-0.01256611,0.6733217,0.738941,-0.03412681,-0.0668609,-0.006646017,-0.06791485,1.017428,0.04003151,-0.0301034,-0.3228046,0.3092041,0.9748686,1
130.0575976,0.3059593,-0.2944749,1.428743,-0.003184194,-0.05345105,0.6819317,0.7294533,0.02139121,-0.01267698,0.6729715,0.7392501,-0.03901359,-0.03631853,-0.02374974,-0.03682268,1.020025,0.04277381,-0.03277899,-0.3207946,0.3028447,0.9543086,1
130.1273833,0.3059551,-0.2946342,1.428812,-0.003106407,-0.05351863,0.6818565,0.7295189,0.02167217,-0.01264779,0.6724143,0.7397494,-0.1000983,0.01132755,-0.01519788,-0.06246378,1.029344,0.04405097,-0.03561513,-0.3235411,0.3073997,0.9285331,1
130.1975585,0.3059477,-0.2948011,1.428928,-0.002907205,-0.05362057,0.6819254,0.7294478,0.02167217,-0.01264779,0.6724143,0.7397494,-0.0585607,-0.01310634,-0.03963177,-0.1163285,1.004461,0.05632005,-0.03556444,-0.3283122,0.305582,0.90246,1
130.2672402,0.305916,-0.2949693,1.428985,-0.002699802,-0.05376403,0.6819771,0.7293898,0.0222399,-0.01250801,0.672134,0.7399898,-0.0353485,-0.0656392,-0.02497143,-0.05704437,1.027078,0.04680037,-0.03459485,-0.3283519,0.3028513,0.9150355,1
130.3376019,0.305865,-0.2951366,1.428987,-0.002450334,-0.05393923,0.6818749,0.7294732,0.02259,-0.01240045,0.6721218,0.7399919,-0.1233105,-0.0216582,-0.03718838,-0.0902911,0.95211,0.05197819,-0.03736097,-0.3263356,0.3019485,0.9060967,1
130.4074012,0.3058175,-0.2953116,1.429068,-0.00243192,-0.0541898,0.6817499,0.7295715,0.02259,-0.01240045,0.6721218,0.7399919,-0.06955595,-0.0448704,-0.06528735,-0.02902424,0.9791007,0.0436291,-0.03272831,-0.3255658,0.3010271,0.9374465,1
130.4773011,0.3057381,-0.2954683,1.429107,-0.002489136,-0.05449674,0.6817544,0.7295443,0.02290748,-0.01216201,0.6717454,0.7403278,-0.02068817,-0.05953073,-0.06406565,-0.0285141,0.9866735,0.04450417,-0.0317738,-0.3256044,0.2992058,0.9648136,1
130.5477897,0.3057381,-0.2954683,1.429107,-0.002489136,-0.05449674,0.6817544,0.7295443,0.0232159,-0.01206321,0.6711134,0.7408928,-0.06100409,-0.04853548,-0.06162227,-0.04912941,1.038733,0.05304152,-0.02988953,-0.3304477,0.2982928,0.959811,0
130.617155,0.3057381,-0.2954683,1.429107,-0.002489136,-0.05449674,0.6817544,0.7295443,0.02327141,-0.01222865,0.6709392,0.7410461,-0.002362756,-0.08029953,-0.03596668,-0.009158186,1.03718,0.05119598,-0.02341229,-0.3287971,0.2973664,0.8904778,0
130.6871713,0.3057381,-0.2954683,1.429107,-0.002489136,-0.05449674,0.6817544,0.7295443,0.02309263,-0.01255488,0.6711324,0.7408713,-0.02190987,-0.03143176,-0.02619313,-0.05758002,1.010518,0.04924981,-0.02810253,-0.3267024,0.3010155,0.8582842,0
130.7574193,0.3057381,-0.2954683,1.429107,-0.002489136,-0.05449674,0.6817544,0.7295443,0.02315322,-0.01260093,0.6713884,0.7406366,-0.06466917,-0.07052598,0.001905847,-0.0601445,0.9647886,0.04130151,-0.0280394,-0.3238462,0.2964676,0.8986477,0
130.8279894,0.3057381,-0.2954683,1.429107,-0.002489136,-0.05449674,0.6817544,0.7295443,0.02315287,-0.01273713,0.6719207,0.7401513,-0.02924003,-0.01921481,-0.03841007,-0.04721947,1.007079,0.0451469,-0.02803808,-0.3276604,0.2973779,0.9413156,0
130.8972181,0.3057381,-0.2954683,1.429107,-0.002489136,-0.05449674,0.6817544,0.7295443,0.02312717,-0.01293256,0.6723873,0.739725,0.002524022,-0.04242701,-0.06284396,-0.06244816,1.040447,0.05200101,-0.02895143,-0.3266711,0.2964706,0.9450814,0
130.9677872,0.3057381,-0.2954683,1.429107,-0.002489136,-0.05449674,0.6817544,0.7295443,0.02316269,-0.01311365,0.6727794,0.739364,0.02329283,-0.03265345,-0.02374974,-0.05728947,1.026814,0.04508323,-0.03172443,-0.3265614,0.2964777,0.88258,0
131.0374587,0.3057381,-0.2954683,1.429107,-0.002489136,-0.05449674,0.6817544,0.7295443,0.02316269,-0.01311365,0.6727794,0.739364,-0.001141062,-0.07174768,-0.01764126,-0.1049283,1.013944,0.03532137,-0.02810663,-0.3257486,0.3010153,0.8680377,0
131.1073582,0.3057381,-0.2954683,1.429107,-0.002489136,-0.05449674,0.6817544,0.7295443,0.02325241,-0.01336719,0.6734883,0.7387111,0.04039655,-0.03387515,-0.02374974,-0.1079036,1.012662,0.04393427,-0.03081929,-0.3256431,0.2973846,0.8874774,0
131.1773587,0.3057381,-0.2954683,1.429107,-0.002489136,-0.05449674,0.6817544,0.7295443,0.02340013,-0.01349359,0.6738105,0.7384102,0.0294013,-0.01921481,-0.02130635,-0.07594166,1.071435,0.04857168,-0.0308083,-0.3246903,0.2964749,0.8722787,0
131.2475084,0.3057381,-0.2954683,1.429107,-0.002489136,-0.05449674,0.6817544,0.7295443,0.02344931,-0.01351827,0.6736742,0.7385324,0.04894841,-0.05586565,-0.01641957,-0.1016367,1.052787,0.04091318,-0.03269946,-0.3217536,0.2982979,0.7672719,0
131.3172012,0.3057381,-0.2954683,1.429107,-0.002489136,-0.05449674,0.6817544,0.7295443,0.02339526,-0.01347876,0.6733328,0.7388462,-0.01580139,-0.07541276,-0.0323016,-0.1199669,1.018367,0.03350028,-0.02906524,-0.3247561,0.3028362,0.7287811,0
131.3874374,0.3057381,-0.2954683,1.429107,-0.002489136,-0.05449674,0.6817544,0.7295443,0.02339526,-0.01347876,0.6733328,0.7388462,-0.009692922,-0.000889394,-0.06284396,-0.1012022,1.027373,0.04029782,-0.0327516,-0.3236571,0.301936,0.7740513,0
131.4572243,0.3057381,-0.2954683,1.429107,-0.002489136,-0.05449674,0.6817544,0.7295443,0.02318258,-0.01338632,0.6737203,0.7385014,-0.05000884,-0.0668609,-0.03718838,-0.09361554,0.991073,0.0228994,-0.03176691,-0.3236978,0.2982959,0.8131944,0
131.5279522,0.3057381,-0.2954683,1.429107,-0.002489136,-0.05449674,0.6817544,0.7295443,0.02318258,-0.01338632,0.6737203,0.7385014,-0.05123053,-0.07052598,-0.07261752,-0.03057228,1.05031,0.03473359,-0.03268847,-0.3208009,0.2973882,0.856741,0
131.5973245,0.3057381,-0.2954683,1.429107,-0.002489136,-0.05449674,0.6817544,0.7295443,0.02311664,-0.0133265,0.6737581,0.7384698,-0.01702309,-0.07541276,-0.03963177,-0.09758534,0.9929038,0.04277007,-0.0308165,-0.3227827,0.2964745,0.8282962,0
131.6673152,0.3057381,-0.2954683,1.429107,-0.002489136,-0.05449674,0.6817544,0.7295443,0.02313094,-0.01319045,0.6732107,0.738971,0.004967414,-0.1230588,-0.04329685,-0.1312936,1.029363,0.03527994,-0.02894044,-0.3257183,0.295561,0.8648096,0
131.7372834,0.3057381,-0.2954683,1.429107,-0.002489136,-0.05449674,0.6817544,0.7295443,0.02313094,-0.01319045,0.6732107,0.738971,-0.06100409,-0.05708734,-0.1043816,-0.1170913,0.9786619,0.02744453,-0.03264057,-0.3284324,0.2964806,0.8604103,0
131.8079819,0.3057381,-0.2954683,1.429107,-0.002489136,-0.05449674,0.6817544,0.7295443,0.02317951,-0.01316812,0.6734179,0.738781,-0.02801834,-0.114507,-0.06773074,-0.0901262,1.00239,0.01660062,-0.03537797,-0.3330928,0.2955794,0.907597,0
131.8773225,0.3057381,-0.2954683,1.429107,-0.002489136,-0.05449674,0.6817544,0.7295443,0.02338563,-0.01314037,0.6736016,0.7386075,-0.02801834,-0.03387515,-0.0750609,-0.1072104,0.9810914,0.02325577,-0.03999687,-0.3300495,0.2946811,0.9480233,0
131.9474736,0.3057381,-0.2954683,1.429107,-0.002489136,-0.05449674,0.6817544,0.7295443,0.02356617,-0.01299641,0.6733071,0.7388728,-0.05489562,-0.02287989,-0.106825,-0.1103668,1.003641,0.02464306,-0.04000097,-0.3290957,0.2946809,0.9707631,0
132.0174174,0.3057381,-0.2954683,1.429107,-0.002489136,-0.05449674,0.6817544,0.7295443,0.02356617,-0.01299641,0.6733071,0.7388728,-0.008471228,-0.04120531,-0.0335233,-0.09345188,1.063675,0.02824228,-0.04649197,-0.3345595,0.2974271,0.9462929,0
132.0874805,0.3057381,-0.2954683,1.429107,-0.002489136,-0.05449674,0.6817544,0.7295443,0.02372709,-0.01282078,0.6728795,0.7392602,-0.07688612,-0.01310634,-0.07872599,-0.1464087,0.994794,0.02197877,-0.05020718,-0.3372725,0.2992561,0.8446343,0
132.157568,0.3057381,-0.2954683,1.429107,-0.002489136,-0.05449674,0.6817544,0.7295443,0.02372847,-0.01280662,0.6727535,0.739375,-0.07688612,-0.05342225,-0.06650904,-0.09088688,1.005393,0.03744532,-0.05288834,-0.3409833,0.294717,0.8845365,0
132.2274268,0.3057381,-0.2954683,1.429107,-0.002489136,-0.05449674,0.6817544,0.7295443,0.02371816,-0.01293282,0.6728712,0.739266,-0.05123053,-0.03265345,-0.1080467,-0.08984392,1.028053,0.03540064,-0.06119095,-0.3444694,0.2947392,0.9197986,0
132.2971551,0.3057381,-0.2954683,1.429107,-0.002489136,-0.05449674,0.6817544,0.7295443,0.02360837,-0.01302516,0.6730832,0.7390749,-0.04878715,-0.06075242,-0.06406565,-0.116503,1.026462,0.04076491,-0.06214136,-0.3453845,0.2965606,0.8890082,0
132.3684685,0.3057381,-0.2954683,1.429107,-0.002489136,-0.05449674,0.6817544,0.7295443,0.02347749,-0.0130422,0.6733584,0.7388281,-0.02557495,-0.06319581,-0.08483446,-0.1236363,1.033125,0.03573601,-0.07139849,-0.3488319,0.2984041,0.8542817,0
132.4373202,0.3057297,-0.2971307,1.429201,-0.002074201,-0.05526306,0.6820602,0.729202,0.02347749,-0.0130422,0.6733584,0.7388281,-0.04512206,-0.01432803,-0.005424321,-0.1423734,1.033835,0.02535768,-0.07881236,-0.3475845,0.2993323,0.8174917,1
132.5076398,0.3057787,-0.2970949,1.429158,-0.002097795,-0.05512276,0.681936,0.7293288,0.02326192,-0.01295181,0.6736672,0.738555,-0.03779189,0.02110111,-0.08972124,-0.1478445,1.022646,0.03779383,-0.07886583,-0.3456737,0.3020601,0.7937083,1
132.5771153,0.3058593,-0.2970646,1.429184,-0.002112483,-0.0551136,0.6821143,0.7291626,0.02326192,-0.01295181,0.6736672,0.738555,-0.004806144,-0.002111089,-0.09094293,-0.1715479,1.018045,0.0417342,-0.08064038,-0.3417916,0.2966073,0.8000752,1
132.6483982,0.3059095,-0.2970247,1.429064,-0.002115226,-0.05503653,0.6824339,0.7288693,0.02294072,-0.01291526,0.6740031,0.7382591,-0.04390037,-0.03265345,-0.08605615,-0.158438,1.030948,0.04010567,-0.08258896,-0.3255014,0.298427,0.8033026,1
132.7171381,0.3059777,-0.2970284,1.429022,-0.001974276,-0.05493268,0.6826146,0.7287084,0.02290139,-0.01297902,0.674555,0.7377549,-0.03168342,-0.01310634,-0.1019382,-0.1809562,1.008069,0.04824485,-0.08518195,-0.3006124,0.2811489,0.7944193,1
132.7874734,0.3060213,-0.2970065,1.428931,-0.001842854,-0.05486673,0.6826832,0.7286494,0.0229897,-0.01307553,0.6749147,0.7374215,-0.06711256,-0.005776173,-0.07017413,-0.1404716,1.007787,0.03360256,-0.0894931,-0.2604027,0.2520493,0.8283708,1
132.8573618,0.3060498,-0.2969716,1.42888,-0.001642307,-0.0548629,0.6824844,0.7288364,0.02314017,-0.0130114,0.6748685,0.7374601,-0.07444273,-0.0644175,-0.07750429,-0.169088,1.011563,0.03593543,-0.1186422,-0.2363773,0.2202893,0.8669156,1
132.927539,0.3060595,-0.2968869,1.42879,-0.001720737,-0.05468541,0.6823028,0.7290195,0.02314017,-0.0130114,0.6748685,0.7374601,-0.07444273,-0.04975717,-0.08727784,-0.1508709,0.9931136,0.03477174,-0.1605143,-0.2414145,0.183113,0.8842506,1
132.9970481,0.306057,-0.2967753,1.428727,-0.001827104,-0.05463396,0.6821463,0.7291695,0.0231463,-0.01291895,0.6746128,0.7376956,-0.05000884,0.003997383,-0.07139582,-0.1884465,0.9671006,0.04193611,-0.200375,-0.2808632,0.1450308,0.9268652,1
133.0676492,0.3060435,-0.2966438,1.42865,-0.00201722,-0.05445378,0.6821533,0.729176,0.0231463,-0.01291895,0.6746128,0.7376956,-0.06466917,0.007662467,-0.02374974,-0.1587541,1.001153,0.03955167,-0.2428716,-0.3240258,0.09968119,0.9559147,1
133.1370899,0.306023,-0.2965131,1.428599,-0.002301475,-0.05430596,0.6823059,0.7290434,0.02290085,-0.0126816,0.6742176,0.7380685,-0.01213631,-0.01554973,-0.05673549,-0.1636152,1.032508,0.03957892,-0.2678252,-0.3774173,0.0579266,0.9416896,1
133.2080351,0.3059796,-0.2963801,1.428496,-0.002555681,-0.0541282,0.6823122,0.7290499,0.02267609,-0.01250945,0.6739979,0.7382791,0.003745716,-0.02043651,-0.02008465,-0.178689,1.0263,0.04552978,-0.2844997,-0.4463918,0.02252042,0.8656958,1
133.2773757,0.3059576,-0.2962905,1.428551,-0.002717724,-0.05415821,0.6822742,0.7290826,0.02248012,-0.01227631,0.6735687,0.7386806,-0.02313156,-0.03998362,0.06176887,-0.1723742,0.9811801,0.04128093,-0.2783961,-0.4990942,0.002511299,0.8353502,1
133.3474036,0.3058478,-0.2961646,1.428356,-0.002762287,-0.0541235,0.6820415,0.7293028,0.02225332,-0.01206948,0.6733751,0.7388674,0.01596266,0.03087466,-0.000537541,-0.1854771,0.9634357,0.02897081,-0.276581,-0.5554509,-0.03658316,0.8913746,1
133.4171419,0.3058105,-0.296127,1.428324,-0.002922003,-0.05437149,0.6821427,0.729189,0.02205977,-0.01201445,0.6731834,0.7390485,0.01107588,0.003997383,0.006792624,-0.1863202,1.027258,0.03370059,-0.2932348,-0.6301755,-0.127461,0.9163878,1
133.4875437,0.3057546,-0.2960781,1.428218,-0.002979004,-0.05443672,0.6822375,0.7290952,0.0219972,-0.01206381,0.6730112,0.7392064,0.04894841,-0.006997867,-0.005424321,-0.2189339,1.011868,0.0392493,-0.2896371,-0.7142807,-0.2111134,0.8605896,1
133.5571826,0.305711,-0.2960226,1.428114,-0.002999126,-0.05455634,0.6823472,0.7289835,0.02210369,-0.01226826,0.6731981,0.7390298,0.03550977,-0.05708734,0.005570929,-0.1384176,1.031159,0.01459241,-0.2568201,-0.8071596,-0.2711945,0.8287641,1
133.6277518,0.3056801,-0.2959756,1.428083,-0.003007533,-0.05456169,0.6823411,0.7289888,0.02218322,-0.01237408,0.6734077,0.7388347,-0.008471228,0.03453975,0.01778787,-0.1532791,1.005782,0.01246437,-0.2201121,-0.8706113,-0.2949171,0.8191065,1
133.6974694,0.3056415,-0.2959309,1.428033,-0.003054227,-0.05454671,0.6823368,0.7289937,0.02218322,-0.01237408,0.6734077,0.7388347,0.003745716,0.03576144,0.01656618,-0.2098451,0.9888291,0.02903616,-0.1997146,-0.9534515,-0.3331433,0.8655202,1
133.7673294,0.3055966,-0.2958683,1.427941,-0.00308235,-0.05445639,0.682274,0.7290592,0.02222928,-0.01246605,0.6736209,0.7386373,0.03062299,0.04797839,0.0361133,-0.1971303,1.043246,0.02680778,-0.1755102,-1.059358,-0.427756,0.8843232,1
133.8371249,0.3055674,-0.2958305,1.42791,-0.003125351,-0.05428746,0.6822797,0.7290662,0.02228406,-0.01249214,0.6738293,0.7384452,-0.04023528,0.02720958,0.02023126,-0.1700307,1.02863,0.03273775,-0.1707586,-1.097719,-0.4814128,0.8028556,1
133.9082915,0.3055265,-0.2957836,1.427835,-0.003057355,-0.05426438,0.682173,0.7291681,0.02234431,-0.01245784,0.6739647,0.7383205,0.01596266,-0.04242701,0.08009429,-0.1701376,0.9736865,0.01583515,-0.1937195,-1.043417,-0.5041023,0.7924548,1
133.977186,0.3055265,-0.2957836,1.427835,-0.003057355,-0.05426438,0.682173,0.7291681,0.02234431,-0.01245784,0.6739647,0.7383205,0.01840605,0.01132755,0.08620277,-0.1357489,1.001036,-0.004627534,-0.2258415,-0.9983174,-0.5849671,0.8669308,0
134.0476576,0.3055265,-0.2957836,1.427835,-0.003057355,-0.05426438,0.682173,0.7291681,0.02239312,-0.0123502,0.6737697,0.7384985,0.006189108,0.04186991,0.1167451,-0.1644094,1.088009,-0.007672957,-0.2761623,-0.9668097,-0.6794228,0.8680672,0
134.1172812,0.3055265,-0.2957836,1.427835,-0.003057355,-0.05426438,0.682173,0.7291681,0.02241046,-0.01204888,0.6729901,0.7392136,-0.01702309,-0.05708734,0.0336699,-0.1453097,1.025096,-0.008930317,-0.2708004,-1.002325,-0.7148941,0.7276655,0
134.1872521,0.3055265,-0.2957836,1.427835,-0.003057355,-0.05426438,0.682173,0.7291681,0.02235525,-0.01197127,0.6723065,0.7398384,-0.02435326,0.04675669,0.07154243,-0.1388865,1.011341,-0.03943653,-0.2401397,-1.121808,-0.7494997,0.7430336,0
134.2574257,0.3055265,-0.2957836,1.427835,-0.003057355,-0.05426438,0.682173,0.7291681,0.02232447,-0.01204927,0.6718513,0.7402513,-0.004806144,-0.003332783,0.08253768,-0.1470075,1.029562,-0.0232532,-0.206901,-1.25569,-0.7686489,0.7975919,0
134.3282009,0.3055265,-0.2957836,1.427835,-0.003057355,-0.05426438,0.682173,0.7291681,0.02232447,-0.01204927,0.6718513,0.7402513,-0.02679664,-0.0644175,0.1081932,-0.1073578,1.018329,0.01436226,-0.1831068,-1.363448,-0.7823238,0.804556,0
134.3971539,0.3055265,-0.2957836,1.427835,-0.003057355,-0.05426438,0.682173,0.7291681,0.02229119,-0.01218706,0.6719031,0.7402031,-0.006027838,-0.02287989,0.1081932,-0.1152357,1.013276,-0.008194415,-0.1905512,-1.394646,-0.8268572,0.8373113,0
134.4673498,0.3055265,-0.2957836,1.427835,-0.003057355,-0.05426438,0.682173,0.7291681,0.02232285,-0.01227102,0.6721641,0.7399638,0.02207113,-0.01432803,0.2022637,-0.08353348,1.064932,-0.006404121,-0.2080932,-1.420679,-0.8768222,0.8427529,0
134.537761,0.3055265,-0.2957836,1.427835,-0.003057355,-0.05426438,0.682173,0.7291681,0.02227662,-0.01238198,0.6723508,0.7397935,0.01718435,-0.000889394,0.1827166,-0.111053,1.004552,-0.0146939,-0.2362637,-1.45584,-0.9522207,0.7816812,0
134.6076768,0.3055265,-0.2957836,1.427835,-0.003057355,-0.05426438,0.682173,0.7291681,0.02227662,-0.01238198,0.6723508,0.7397935,-0.008471228,0.002775689,0.1143017,-0.079915,1.022674,-0.01905684,-0.2624171,-1.498715,-1.035807,0.8369498,0
134.6775094,0.3055265,-0.2957836,1.427835,-0.003057355,-0.05426438,0.682173,0.7291681,0.02256557,-0.01283711,0.6730577,0.7391342,-0.04023528,-0.002111089,0.03122651,-0.07226292,1.025743,-0.01588739,-0.268428,-1.507073,-1.061252,0.8598457,0
134.7476303,0.3055265,-0.2957836,1.427835,-0.003057355,-0.05426438,0.682173,0.7291681,0.02271519,-0.01294305,0.6732126,0.7389866,-0.0365702,-0.01188464,0.02756143,-0.07252406,1.013377,-0.02701475,-0.2674049,-1.509023,-1.066711,0.8677645,0
134.8173059,0.3055265,-0.2957836,1.427835,-0.003057355,-0.05426438,0.682173,0.7291681,0.02271519,-0.01294305,0.6732126,0.7389866,-0.03290512,-0.005776173,-0.0103111,-0.07623039,1.019527,-0.01212101,-0.2755814,-1.506797,-1.075784,0.8939536,0
134.887092,0.3046691,-0.2955302,1.426965,-0.003105217,-0.05498557,0.6815076,0.7297359,0.02275978,-0.01310107,0.6731402,0.7390484,-0.02924003,-0.005776173,0.009236012,-0.07798208,1.007555,-0.01490177,-0.2774477,-1.499094,-1.076691,0.908311,1
134.9600282,0.3045977,-0.2954833,1.426935,-0.003341152,-0.05501335,0.6816259,0.7296222,0.02268664,-0.01321582,0.673094,0.7390906,-0.02924003,-0.003332783,0.003127541,-0.08019225,1.011994,-0.01497123,-0.2782019,-1.489534,-1.089423,0.9371849,1
135.0272669,0.3045647,-0.2954222,1.426958,-0.00339965,-0.05498618,0.6818867,0.7293802,0.02252131,-0.01333804,0.6731266,0.7390639,-0.03901359,-0.000889394,0.004349235,-0.07648633,1.01387,-0.01523496,-0.2829016,-1.481717,-1.086685,0.9476154,1
135.0980406,0.3045534,-0.2953335,1.426932,-0.003621994,-0.05500036,0.682112,0.7291675,0.02241016,-0.01351763,0.6732749,0.7389287,-0.04267867,-0.003332783,-0.002980933,-0.06736039,1.014977,-0.01055901,-0.2810516,-1.485605,-1.085779,0.9473494,1
135.1673883,0.3045647,-0.2952623,1.426981,-0.003676374,-0.05500545,0.682167,0.7291152,0.02241016,-0.01351763,0.6732749,0.7389287,-0.03168342,-0.000889394,0.009236012,-0.07748925,1.010561,-0.009045593,-0.2819951,-1.484613,-1.084868,0.9479194,1
135.2373022,0.3045639,-0.295188,1.426955,-0.003800134,-0.05489654,0.6821591,0.7291303,0.02236718,-0.01372333,0.6735959,0.7386338,-0.03901359,-0.000889394,-0.03107991,-0.07821503,1.013922,-0.01401114,-0.2818798,-1.479854,-1.093054,0.9542191,1
135.3074976,0.3045545,-0.2951197,1.426937,-0.003919648,-0.05490015,0.6820843,0.7291993,0.02236718,-0.01372333,0.6735959,0.7386338,-0.03168342,-0.01188464,-0.006646017,-0.06883115,1.01565,-0.01671642,-0.2837451,-1.486454,-1.090319,0.9509697,1
135.3775947,0.3045656,-0.2950805,1.427003,-0.003907036,-0.05491549,0.6820444,0.7292356,0.02236718,-0.01372333,0.6735959,0.7386338,-0.03412681,-0.01799312,0.000684153,-0.08437641,1.017225,-0.01358239,-0.2828261,-1.481723,-1.091232,0.9432641,1
135.4471067,0.3045771,-0.295049,1.426998,-0.003924472,-0.05498638,0.6821038,0.7291746,0.02237648,-0.01389939,0.6739882,0.7382724,-0.03168342,-0.01188464,-0.01519788,-0.0550221,1.012458,-0.01589915,-0.2809652,-1.484657,-1.091236,0.9366769,1
135.5174225,0.304602,-0.295011,1.426999,-0.003914831,-0.05509324,0.6823909,0.7288979,0.02237648,-0.01389939,0.6739882,0.7382724,-0.03290512,-0.01310634,-0.002980933,-0.08165906,1.016382,-0.01749577,-0.2838026,-1.48359,-1.087591,0.9431897,1
135.5875583,0.304602,-0.295011,1.426999,-0.003914831,-0.05509324,0.6823909,0.7288979,0.02237648,-0.01389939,0.6739882,0.7382724,-0.0365702,-0.005776173,-0.02008465,-0.06884109,1.013506,-0.01299906,-0.285558,-1.480662,-1.093953,0.9396494,0
135.6578056,0.304602,-0.295011,1.426999,-0.003914831,-0.05509324,0.6823909,0.7288979,0.02237648,-0.01389939,0.6739882,0.7382724,-0.02924003,-0.006997867,-0.006646017,-0.06267497,1.014662,-0.009068375,-0.280913,-1.482754,-1.094874,0.9432087,0
135.7274667,0.304602,-0.295011,1.426999,-0.003914831,-0.05509324,0.6823909,0.7288979,0.02236799,-0.01401082,0.6740764,0.7381898,-0.03290512,-0.003332783,-0.004202627,-0.08413889,1.013063,-0.01401329,-0.2855757,-1.473033,-1.094865,0.9454758,0
135.7979245,0.304602,-0.295011,1.426999,-0.003914831,-0.05509324,0.6823909,0.7288979,0.02233297,-0.014111,0.674129,0.7381411,-0.03901359,-0.009441256,0.005570929,-0.07154971,1.014753,-0.0149898,-0.2818687,-1.468412,-1.096694,0.9459023,0
135.867446,0.304602,-0.295011,1.426999,-0.003914831,-0.05509324,0.6823909,0.7288979,0.02239262,-0.01422069,0.6742322,0.7380427,-0.03779189,0.001553995,0.008014318,-0.07425459,1.019215,-0.01407776,-0.2856279,-1.474936,-1.091226,0.9414837,0
135.9374063,0.304602,-0.295011,1.426999,-0.003914831,-0.05509324,0.6823909,0.7288979,0.02242237,-0.01437893,0.6748963,0.7374316,-0.04634375,-0.000889394,-0.02863652,-0.06588468,1.010238,-0.01540229,-0.2827697,-1.470284,-1.097601,0.9343364,0
136.0089395,0.304602,-0.295011,1.426999,-0.003914831,-0.05509324,0.6823909,0.7288979,0.02242351,-0.01451532,0.675398,0.7369695,-0.02313156,-0.01432803,-0.0323016,-0.07574593,1.015858,-0.01182113,-0.2855592,-1.466359,-1.097595,0.9455698,0
136.0771534,0.304602,-0.295011,1.426999,-0.003914831,-0.05509324,0.6823909,0.7288979,0.02245171,-0.01466182,0.6757739,0.736621,-0.0365702,0.005219078,-0.0103111,-0.08536955,1.012302,-0.01769178,-0.2893319,-1.455719,-1.095769,0.9440699,0
136.1483418,0.304602,-0.295011,1.426999,-0.003914831,-0.05509324,0.6823909,0.7288979,0.02245171,-0.01466182,0.6757739,0.736621,-0.03412681,0.001553995,0.006792624,-0.06932035,1.019372,-0.01333062,-0.2865204,-1.457738,-1.097594,0.9425752,0
136.2173532,0.304602,-0.295011,1.426999,-0.003914831,-0.05509324,0.6823909,0.7288979,0.02249192,-0.01493066,0.6761812,0.7362404,-0.03168342,-0.005776173,-0.002980933,-0.06194214,1.01072,-0.01048428,-0.2912163,-1.461364,-1.092125,0.9359306,0
136.2879878,0.304602,-0.295011,1.426999,-0.003914831,-0.05509324,0.6823909,0.7288979,0.02256729,-0.01500416,0.6761934,0.7362254,-0.02801834,0.006440773,-0.007867711,-0.08363633,1.017713,-0.01260456,-0.2921214,-1.462283,-1.093032,0.9445628,0
136.3573393,0.304602,-0.295011,1.426999,-0.003914831,-0.05509324,0.6823909,0.7288979,0.0227116,-0.0151469,0.67625,0.7361661,-0.04267867,-0.000889394,-0.004202627,-0.06686851,1.013481,-0.01201081,-0.288413,-1.461476,-1.093951,0.9380237,0
136.4277773,0.304602,-0.295011,1.426999,-0.003914831,-0.05509324,0.6823909,0.7288979,0.0227116,-0.0151469,0.67625,0.7361661,-0.03168342,-0.000889394,-0.02008465,-0.07575266,1.013428,-0.01104879,-0.2883911,-1.459571,-1.09577,0.9422001,0
136.4971779,0.304602,-0.295011,1.426999,-0.003914831,-0.05509324,0.6823909,0.7288979,0.02299795,-0.01530135,0.6762296,0.7361727,-0.03046173,-0.005776173,0.004349235,-0.08365105,1.011362,-0.01275874,-0.2893689,-1.457623,-1.09304,0.9468601,0
136.5677745,0.305657,-0.2948567,1.427601,-0.002724677,-0.05546132,0.6825492,0.7287271,0.02322932,-0.01526692,0.6757885,0.7365711,-0.03046173,-0.006997867,-0.006646017,-0.06440093,1.012176,-0.01444355,-0.2894361,-1.459526,-1.088492,0.9528195,1
136.6375015,0.3057129,-0.2948018,1.427634,-0.002645043,-0.05534061,0.6825361,0.728749,0.02311844,-0.01523419,0.6755956,0.7367522,-0.02924003,0.003997383,-0.004202627,-0.08660726,1.013625,-0.01230712,-0.2876217,-1.458643,-1.086679,0.9561664,1
136.7084725,0.3057885,-0.2948027,1.42768,-0.002581096,-0.05515902,0.682493,0.7288032,0.02311844,-0.01523419,0.6755956,0.7367522,-0.0365702,0.002775689,0.01045771,-0.05920542,1.018181,-0.01427165,-0.2892949,-1.464303,-1.095767,0.9496589,1
136.7774222,0.3058676,-0.2948003,1.427739,-0.002320684,-0.05508156,0.6823115,0.7289798,0.02294943,-0.01502371,0.6751378,0.7371814,-0.02801834,0.0003323,-0.02008465,-0.07007859,1.009313,-0.01761111,-0.2856825,-1.458722,-1.09214,0.9438512,1
136.8473445,0.3059365,-0.2947941,1.427793,-0.00210584,-0.05504995,0.682027,0.7292491,0.02284537,-0.01494538,0.6751195,0.737203,-0.02679664,0.002775689,-0.01275449,-0.06858763,1.014428,-0.01645243,-0.2884706,-1.458612,-1.091223,0.9545205,1
136.9173233,0.3059841,-0.2948243,1.427837,-0.002021571,-0.05507597,0.6818843,0.7293808,0.02284537,-0.01494538,0.6751195,0.737203,-0.02068817,-0.008219562,-0.004202627,-0.08613699,1.005605,-0.008995336,-0.2912436,-1.458502,-1.091216,0.9575878,1
136.9876027,0.3060142,-0.294867,1.427835,-0.001878681,-0.05510047,0.6818888,0.7293752,0.02302101,-0.01481111,0.674976,0.7373316,-0.01946648,0.007662467,-0.01275449,-0.06488676,1.014858,-0.01546648,-0.2903111,-1.460446,-1.091218,0.9680439,1
137.0575415,0.3060493,-0.294891,1.42789,-0.001775309,-0.05520737,0.6818955,0.7293611,0.02302101,-0.01481111,0.674976,0.7373316,-0.0353485,-0.01188464,-0.007867711,-0.0764957,1.010466,-0.01420282,-0.2885049,-1.457656,-1.089405,0.9634792,1
137.12733,0.3060694,-0.2948964,1.427928,-0.001684475,-0.05529589,0.6818143,0.7294304,0.02302101,-0.01481111,0.674976,0.7373316,-0.03901359,-0.006997867,-0.01275449,-0.05898421,1.010693,-0.008264763,-0.2922159,-1.450834,-1.090306,0.9663397,1
137.1976132,0.3060834,-0.2949285,1.42796,-0.001642251,-0.05537265,0.6818352,0.7294052,0.02302101,-0.01481111,0.674976,0.7373316,-0.0353485,-0.002111089,0.02633974,-0.1003955,1.018087,-0.02665962,-0.2977478,-1.425823,-1.097574,0.964886,1
137.2674031,0.3060772,-0.2949536,1.427956,-0.001747459,-0.05543865,0.6818677,0.7293696,0.02324311,-0.01478846,0.6744061,0.7378464,-0.03046173,-0.01066295,-0.02252804,-0.04860072,1.009,-0.02664709,-0.2977657,-1.428683,-1.095754,0.9480895,1
137.3372006,0.3060701,-0.2949697,1.428003,-0.001773949,-0.05548754,0.6818861,0.7293485,0.02342796,-0.01470722,0.6738463,0.7383534,-0.03779189,-0.01432803,-0.005424321,-0.06832774,1.019289,-0.01775072,-0.294144,-1.439313,-1.088485,0.9552187,1
137.4073272,0.3060675,-0.2949913,1.428056,-0.001764575,-0.05550508,0.6818573,0.7293742,0.02342796,-0.01470722,0.6738463,0.7383534,-0.02068817,-0.01066295,-0.0323016,-0.06685878,1.016631,-0.01377655,-0.2922212,-1.435577,-1.093948,0.9418902,1
137.4773325,0.3060739,-0.2950367,1.428083,-0.00181419,-0.05551852,0.6817899,0.7294361,0.02356091,-0.01460446,0.6733519,0.7388021,-0.03901359,-0.004554478,-0.000537541,-0.07970572,1.012062,-0.009564227,-0.294122,-1.437407,-1.090305,0.9376695,1
137.5472898,0.3060721,-0.2950949,1.428088,-0.001706382,-0.0555835,0.6817621,0.7294574,0.02369662,-0.01455615,0.6728854,0.7392238,-0.03779189,0.007662467,0.02389634,-0.06341927,1.013219,-0.008557857,-0.2941192,-1.434547,-1.091215,0.9449936,1
137.617216,0.3060768,-0.2951844,1.42812,-0.001692352,-0.05565854,0.6817297,0.7294819,0.02371353,-0.01452525,0.6724749,0.7395973,-0.02801834,-0.005776173,-0.02741482,-0.08165596,1.018102,-0.01678328,-0.29043,-1.432785,-1.091225,0.9468416,1
137.6880577,0.3060712,-0.2952853,1.428125,-0.001483895,-0.05586447,0.6817193,0.7294763,0.02355918,-0.01450905,0.6722523,0.7398047,-0.03290512,-0.000889394,-0.01275449,-0.06341653,1.009177,-0.01783856,-0.2941878,-1.432635,-1.087578,0.9402711,1
137.7575023,0.3060647,-0.2953881,1.428123,-0.00125561,-0.05599854,0.6818318,0.7293614,0.02355918,-0.01450905,0.6722523,0.7398047,-0.02679664,-0.004554478,0.004349235,-0.08064704,1.022848,-0.02495946,-0.2941782,-1.438357,-1.086667,0.9468985,1
137.8272412,0.3060873,-0.2954958,1.42818,-0.001022897,-0.05613798,0.681878,0.7293078,0.02351546,-0.01449379,0.6722497,0.7398088,-0.03901359,-0.006997867,-0.006646017,-0.07599929,1.01293,-0.01202527,-0.2886254,-1.447158,-1.08486,0.928519,1
137.8976203,0.3061182,-0.2956018,1.428158,-0.000759881,-0.05615605,0.6818455,0.7293372,0.02346411,-0.01456042,0.6722255,0.7398311,-0.02435326,0.001553995,-0.01397618,-0.06884703,1.010315,-0.01418185,-0.2922789,-1.443201,-1.088489,0.9364998,1
137.9672638,0.3061421,-0.2956907,1.428119,-0.000581862,-0.05616691,0.6817392,0.7294359,0.02346411,-0.01456042,0.6722255,0.7398311,-0.02924003,-0.008219562,-0.02130635,-0.07797188,1.009947,-0.01837693,-0.2904302,-1.443274,-1.088494,0.9529204,1
138.0374361,0.3061777,-0.2957786,1.428165,-0.000372467,-0.05625221,0.6816289,0.7295324,0.02364294,-0.0148652,0.6726129,0.7394671,-0.04267867,0.001553995,0.01534449,-0.07228707,1.016239,-0.01452153,-0.2886789,-1.445248,-1.082132,0.9590498,1
138.1075727,0.3061749,-0.2958552,1.428154,-0.000260342,-0.05628753,0.681363,0.7297782,0.02364294,-0.0148652,0.6726129,0.7394671,-0.0353485,0.002775689,-0.000537541,-0.07205743,1.012166,-0.008809643,-0.2840725,-1.455918,-1.078504,0.9518111,1
138.1774452,0.3061488,-0.295938,1.428159,-9.51653E-05,-0.05644002,0.6811925,0.7299256,0.02384067,-0.01500561,0.6729034,0.7391937,-0.03046173,-0.008219562,-0.01153279,-0.07156881,1.006696,-0.01487362,-0.2849447,-1.453978,-1.082139,0.9574729,1
138.2471717,0.3061168,-0.2960089,1.428173,-8.35486E-05,-0.05661445,0.6811888,0.7299156,0.02425223,-0.01501001,0.6730962,0.7390047,-0.03168342,-0.01432803,-0.01886296,-0.07130951,1.012816,-0.01348669,-0.2868276,-1.452949,-1.080316,0.9701078,1
138.3175502,0.3060827,-0.2960755,1.42822,-6.63471E-05,-0.05678793,0.6813095,0.7297894,0.02445456,-0.0149425,0.6727731,0.7392933,-0.02679664,0.001553995,-0.01519788,-0.08659016,1.017694,-0.01801832,-0.2868043,-1.454858,-1.081225,0.9631308,1
138.3872104,0.3060417,-0.2961242,1.428262,-6.21162E-05,-0.05689413,0.6813931,0.7297031,0.02463267,-0.01491019,0.6721895,0.7398189,-0.02190987,0.001553995,-0.005424321,-0.06389122,1.017247,-0.01771038,-0.2859856,-1.454887,-1.074861,0.9441206,1
138.4575171,0.3059874,-0.2961553,1.428261,-0.000187222,-0.05700213,0.681357,0.7297283,0.02479658,-0.01497355,0.6715806,0.7403647,-0.02924003,-0.01066295,-0.007867711,-0.08431591,1.047124,-0.006149147,-0.2823102,-1.456939,-1.073052,0.9157076,1
138.5273306,0.3059326,-0.2961657,1.428296,-0.000291215,-0.05704514,0.6812572,0.7298181,0.02479658,-0.01497355,0.6715806,0.7403647,-0.05123053,-0.08396462,0.05077362,-0.06850309,1.054333,-0.009409238,-0.2624224,-1.483458,-1.039448,0.8322157,1
138.5972971,0.3058805,-0.2961766,1.428345,-0.000325835,-0.05707351,0.681245,0.7298273,0.02487839,-0.01510355,0.6714519,0.7404762,-0.06955595,-0.1291673,0.1790515,-0.07344912,1.047291,-0.01349776,-0.212163,-1.500659,-0.9449963,0.763833,1
138.6675551,0.3058172,-0.2962019,1.428339,-0.00044292,-0.05699213,0.6812781,0.7298027,0.02491137,-0.0152747,0.6715627,0.7403712,-0.1086502,-0.3258601,0.3488671,0.02666304,1.008641,-0.03260115,-0.1024802,-1.49153,-0.7070191,0.7588117,1
138.7375463,0.3057799,-0.2962457,1.4284,-0.000373179,-0.05709035,0.6811782,0.7298883,0.02491137,-0.0152747,0.6715627,0.7403712,-0.0145797,-0.008219562,-0.1398107,-0.02147183,1.016864,-0.002854865,-0.04191439,-1.485304,-0.6271496,0.8401814,1
138.8075861,0.3057332,-0.2962608,1.428442,-0.000439057,-0.0571265,0.681014,0.7300386,0.02490482,-0.01535182,0.6714086,0.7405095,0.01840605,-0.02287989,-0.3084046,-0.04349498,0.9954613,0.00673881,-0.03204305,-1.501923,-0.6608185,0.8937048,1
138.8774684,0.3057332,-0.2962608,1.428442,-0.000439057,-0.0571265,0.681014,0.7300386,0.0249377,-0.01550685,0.6715791,0.7403505,-0.01213631,0.08096413,-0.2460981,-0.03878557,1.003899,0.005645596,-0.04667468,-1.510912,-0.7235268,0.9366785,0
138.9477089,0.3057332,-0.2962608,1.428442,-0.000439057,-0.0571265,0.681014,0.7300386,0.0249377,-0.01550685,0.6715791,0.7403505,-0.03779189,-0.01188464,-0.01886296,-0.05746784,1.026802,-0.006773085,-0.07278637,-1.509899,-0.765292,0.9522454,0
139.0171805,0.3057332,-0.2962608,1.428442,-0.000439057,-0.0571265,0.681014,0.7300386,0.0249377,-0.01550685,0.6715791,0.7403505,-0.06344748,-0.002111089,0.1277404,-0.05998939,0.9956279,-0.02132112,-0.07683045,-1.488751,-0.7498273,0.9311893,0
139.0874738,0.3057332,-0.2962608,1.428442,-0.000439057,-0.0571265,0.681014,0.7300386,0.02501234,-0.01557398,0.6716617,0.7402715,-0.1037634,-0.002111089,0.3659708,-0.01810939,0.9664447,-0.02300913,-0.09069811,-1.469104,-0.6988705,0.9521918,0
139.157503,0.3057332,-0.2962608,1.428442,-0.000439057,-0.0571265,0.681014,0.7300386,0.02501234,-0.01557398,0.6716617,0.7402715,-0.09887662,0.008884161,0.3317634,0.03258805,1.020516,-0.01383413,-0.1031393,-1.428523,-0.6279159,0.9657428,0
139.2275002,0.3057332,-0.2962608,1.428442,-0.000439057,-0.0571265,0.681014,0.7300386,0.02512406,-0.01562019,0.6714445,0.740464,-0.08421628,0.3204162,0.3378718,0.02618625,1.028265,-0.01027519,-0.2261493,-1.375024,-0.6357977,0.9432358,0
139.2971557,0.3057332,-0.2962608,1.428442,-0.000439057,-0.0571265,0.681014,0.7300386,0.02512406,-0.01562019,0.6714445,0.740464,-0.1477444,-0.2134642,0.3879613,0.07632484,1.056262,0.001977978,-0.2947661,-1.31509,-0.6374552,0.8904034,0
139.3674092,0.3057332,-0.2962608,1.428442,-0.000439057,-0.0571265,0.681014,0.7300386,0.02516153,-0.0156004,0.6711765,0.7407061,-0.1196454,0.02598788,0.3549755,0.06501687,1.081585,0.01510188,-0.3162965,-1.228357,-0.5319319,0.7831938,0
139.4371392,0.3057332,-0.2962608,1.428442,-0.000439057,-0.0571265,0.681014,0.7300386,0.02516153,-0.0156004,0.6711765,0.7407061,-0.1037634,0.04186991,0.2083722,0.0645181,0.9723845,0.01151498,-0.3412457,-1.139591,-0.4436788,0.7041907,0
139.5074558,0.3057332,-0.2962608,1.428442,-0.000439057,-0.0571265,0.681014,0.7300386,0.02516153,-0.0156004,0.6711765,0.7407061,-0.305343,0.1677044,0.8912995,0.1733922,0.899321,0.02266693,-0.3805004,-1.053105,-0.3281066,0.7765453,0
139.5778918,0.3057332,-0.2962608,1.428442,-0.000439057,-0.0571265,0.681014,0.7300386,0.02524086,-0.0155142,0.6710618,0.7408091,-0.189282,0.08585091,0.2169241,0.1530103,0.9580428,0.05322744,-0.411694,-0.9850754,-0.2480168,0.7989184,0
139.6472385,0.3057332,-0.2962608,1.428442,-0.000439057,-0.0571265,0.681014,0.7300386,0.02517663,-0.01548351,0.6712208,0.7406679,-0.02190987,-0.01921481,0.04588685,0.1445363,1.025575,0.05075781,-0.4377727,-0.9697345,-0.2397691,0.8527094,0
139.7173832,0.3057332,-0.2962608,1.428442,-0.000439057,-0.0571265,0.681014,0.7300386,0.02515702,-0.01555002,0.6717364,0.7401996,-0.177065,-0.01554973,0.213259,0.1641342,1.084903,0.07673827,-0.4667821,-0.9456913,-0.2242409,0.8044694,0
139.7875824,0.3057332,-0.2962608,1.428442,-0.000439057,-0.0571265,0.681014,0.7300386,0.02515702,-0.01555002,0.6717364,0.7401996,-0.1233105,0.04920008,0.241358,0.1182005,0.955205,0.0625219,-0.4956293,-0.8882582,-0.1714363,0.6953384,0
139.8575894,0.3057332,-0.2962608,1.428442,-0.000439057,-0.0571265,0.681014,0.7300386,0.02499562,-0.01552185,0.6725234,0.7394906,-0.07810781,-0.1682615,0.0996414,0.2697953,1.003945,0.07791993,-0.5041656,-0.9355906,-0.1459394,0.7651744,0
139.9273581,0.3057332,-0.2962608,1.428442,-0.000439057,-0.0571265,0.681014,0.7300386,0.02488492,-0.01546689,0.6724337,0.7395771,0.1136982,0.3118644,0.3207681,0.2257476,0.9558917,0.08882703,-0.5688978,-0.9263535,-0.1457753,0.7954045,0
139.9976292,0.3057332,-0.2962608,1.428442,-0.000439057,-0.0571265,0.681014,0.7300386,0.02474529,-0.01539354,0.6719242,0.7400463,0.07826908,0.2458929,0.1607261,0.3411681,0.9288462,0.08261929,-0.60005,-0.8478656,-0.1266177,0.8690264,0
140.0671249,0.3057332,-0.2962608,1.428442,-0.000439057,-0.0571265,0.681014,0.7300386,0.02466108,-0.01537856,0.671733,0.7402229,0.1222501,0.07363396,0.241358,0.1284876,0.928028,0.0717867,-0.6157528,-0.7366073,-0.1002329,0.9194596,0
140.1373031,0.3057332,-0.2962608,1.428442,-0.000439057,-0.0571265,0.681014,0.7300386,0.02467842,-0.01537655,0.6716033,0.74034,0.06360874,-0.08029953,0.565107,0.3283823,0.9150676,0.02404924,-0.6715971,-0.758252,-0.1264563,0.9308264,0
140.207651,0.3057332,-0.2962608,1.428442,-0.000439057,-0.0571265,0.681014,0.7300386,0.02461919,-0.01540373,0.6714816,0.7404518,0.1405755,0.01743602,0.7874554,0.3410795,0.8631693,0.03269354,-0.7517058,-0.7636731,-0.1426181,0.9419343,0
140.2783191,0.3057332,-0.2962608,1.428442,-0.000439057,-0.0571265,0.681014,0.7300386,0.02446677,-0.01547617,0.6714525,0.7404817,0.0721606,-0.1694832,0.6298568,0.3274409,0.8246046,0.01527567,-0.9028192,-0.8416461,-0.2049584,0.8813901,0
140.3471363,0.3057332,-0.2962608,1.428442,-0.000439057,-0.0571265,0.681014,0.7300386,0.02432446,-0.01561462,0.6716986,0.7402604,-0.05123053,-0.09495987,0.4734799,0.3414174,0.9075066,0.04262257,-0.9156175,-0.8487447,-0.1558164,0.7906226,0
140.4177435,0.3057332,-0.2962608,1.428442,-0.000439057,-0.0571265,0.681014,0.7300386,0.02421835,-0.01589114,0.672477,0.7395509,0.01107588,-0.1609314,0.593206,0.4387131,0.8349729,0.040713,-0.9515911,-0.8578123,-0.1575405,0.8482929,0
140.4871592,0.3057332,-0.2962608,1.428442,-0.000439057,-0.0571265,0.681014,0.7300386,0.02433012,-0.01597017,0.6729468,0.7391179,0.1246935,0.1762563,0.285339,0.497767,0.8448766,-0.004013764,-0.9915528,-0.8562522,-0.2001797,0.900984,0
140.5580969,0.3057332,-0.2962608,1.428442,-0.000439057,-0.0571265,0.681014,0.7300386,0.02433012,-0.01597017,0.6729468,0.7391179,0.05505688,0.1689261,0.213259,0.4573965,0.8842313,-0.006155232,-1.020482,-0.8017014,-0.1973908,0.9413603,0
140.6275025,0.3057332,-0.2962608,1.428442,-0.000439057,-0.0571265,0.681014,0.7300386,0.02438803,-0.01594824,0.6731334,0.7389467,0.04650503,0.1005112,0.2951125,0.5246291,0.850966,0.03184581,-1.043463,-0.7664412,-0.1582367,0.9670151,0
140.697515,0.3047927,-0.2960958,1.428214,-0.001306989,-0.05748546,0.6800323,0.730924,0.02438803,-0.01594824,0.6731334,0.7389467,0.01351927,-0.1328324,0.201042,0.5236676,0.8303966,-0.02413961,-1.091727,-0.7883639,-0.1399192,0.981446,1
140.7672988,0.3047754,-0.2961258,1.428245,-0.001352538,-0.05761583,0.6799262,0.7310123,0.02438803,-0.01594824,0.6731334,0.7389467,0.1576792,-0.1633747,0.828993,0.4931399,0.7871515,0.03391789,-1.182151,-0.7943259,-0.1469605,0.9760746,1
140.8373317,0.304747,-0.2961135,1.428219,-0.001335071,-0.0576966,0.679715,0.7312023,0.02436879,-0.01585941,0.6731486,0.7389354,-0.04634375,-0.0876297,0.8705306,0.5092712,0.9441763,0.05626855,-1.239807,-0.7147982,-0.1459229,0.9013358,1
140.9073343,0.3047256,-0.2960884,1.428194,-0.001495612,-0.05762505,0.6795226,0.7313865,0.02431161,-0.01580832,0.673027,0.739049,-0.1245322,-0.0448704,0.4881403,0.6182287,0.7578962,-0.0105733,-1.28089,-0.6874149,-0.1276363,0.7990868,1
140.9772235,0.3047318,-0.2960666,1.428209,-0.001522462,-0.05762141,0.6795327,0.7313774,0.02436584,-0.01580429,0.6726255,0.7394127,-0.09398983,0.01254924,0.3623057,0.6522838,0.7486295,-0.03050857,-1.3005,-0.6685159,-0.1203155,0.8562418,1
141.0474629,0.3047535,-0.2960235,1.428222,-0.001602453,-0.0576391,0.6794884,0.7314169,0.02436125,-0.01576193,0.6721396,0.7398555,-0.1550746,-0.1267239,0.4160602,0.6842516,0.703833,-0.02781771,-1.345494,-0.7000905,-0.07381276,0.919136,1
141.1172429,0.3047859,-0.2959778,1.42819,-0.001643586,-0.05758945,0.6794915,0.731418,0.02433946,-0.01577312,0.671688,0.7402661,0.01718435,0.0223228,0.6677293,0.6884481,0.7235273,0.005823819,-1.381612,-0.70626,-0.01187954,0.954514,1
141.1873431,0.30482,-0.2959446,1.428167,-0.001689046,-0.05752311,0.6794223,0.7314873,0.02433946,-0.01577312,0.671688,0.7402661,0.1882216,0.05530855,0.7776818,0.7967529,0.5768837,-0.05667618,-1.441159,-0.6342844,-0.006288218,0.9744141,1
141.2575273,0.3048534,-0.2959068,1.428116,-0.001623112,-0.05743972,0.6793743,0.7315385,0.0243087,-0.01595801,0.6711666,0.7407358,0.08315586,0.1029546,0.5272345,0.7193822,0.6644881,0.01854814,-1.429988,-0.5021878,-0.04545411,0.9856079,1
141.3276333,0.3048818,-0.295873,1.428091,-0.001552136,-0.05738582,0.6792301,0.7316769,0.02430771,-0.01612551,0.6710846,0.7408066,-0.1660698,-0.1487144,0.6432955,0.7933479,0.5187631,-0.01062564,-1.4602,-0.4599992,-0.0735783,0.9905466,1
141.3972549,0.3049213,-0.2958485,1.428091,-0.001494656,-0.0572631,0.6790147,0.7318865,0.02422435,-0.01621827,0.6709339,0.7409438,-0.1269756,-0.1328324,0.285339,0.8271738,0.5203323,-0.02457371,-1.507157,-0.4447971,-0.08801174,0.9899364,1
141.4679186,0.3049524,-0.2958059,1.428046,-0.001428997,-0.05707427,0.6788446,0.7320591,0.02410161,-0.01627053,0.670789,0.7410778,-0.1269756,-0.05953073,0.7153754,0.8396266,0.46691,-0.02033176,-1.548929,-0.4231148,-0.08245345,0.9933208,1
141.5371771,0.3049524,-0.2958059,1.428046,-0.001428997,-0.05707427,0.6788446,0.7320591,0.02398067,-0.01632421,0.6709055,0.740975,0.04650503,0.07363396,0.6408521,0.8515131,0.4889952,-0.01349403,-1.595963,-0.3726268,-0.1014425,0.9962429,0
141.6075555,0.3049524,-0.2958059,1.428046,-0.001428997,-0.05707427,0.6788446,0.7320591,0.02383921,-0.01632259,0.6714126,0.7405204,-0.04390037,-0.02898837,0.2780088,0.8339415,0.4691426,-0.008827051,-1.599821,-0.3104898,-0.107814,0.9978867,0
141.6773917,0.3049524,-0.2958059,1.428046,-0.001428997,-0.05707427,0.6788446,0.7320591,0.0237061,-0.01638331,0.6717248,0.74024,-0.1306407,-0.05464395,0.6579558,0.9092523,0.3832974,-0.01575962,-1.653724,-0.2930917,-0.09403893,0.9988112,0
141.747213,0.3049524,-0.2958059,1.428046,-0.001428997,-0.05707427,0.6788446,0.7320591,0.0237061,-0.01638331,0.6717248,0.74024,-0.06589086,-0.02776667,0.4197254,0.9110492,0.3153171,-0.002732107,-1.705569,-0.2614782,-0.09664181,0.9993314,0
141.81729,0.3049524,-0.2958059,1.428046,-0.001428997,-0.05707427,0.6788446,0.7320591,0.02371489,-0.01650938,0.6720439,0.7399473,8.06339E-05,-0.09007309,0.521126,0.9121556,0.3523029,-0.02734776,-1.766095,-0.2304917,-0.1328698,0.9996239,0
141.8875354,0.3049524,-0.2958059,1.428046,-0.001428997,-0.05707427,0.6788446,0.7320591,0.02371489,-0.01650938,0.6720439,0.7399473,-0.1208671,-0.06930429,0.3549755,0.9299405,0.2607511,-0.01811891,-1.793301,-0.1827076,-0.1764628,0.9997885,0
141.9572986,0.3049524,-0.2958059,1.428046,-0.001428997,-0.05707427,0.6788446,0.7320591,0.02375627,-0.01660116,0.6722788,0.7397304,0.1576792,0.03576144,0.5614419,0.9103235,0.3121605,-0.01940026,-1.775237,-0.1081359,-0.2820178,0.999881,0
142.0272723,0.3049524,-0.2958059,1.428046,-0.001428997,-0.05707427,0.6788446,0.7320591,0.02381701,-0.01665304,0.6723114,0.7396977,-0.04267867,0.01621433,0.4417158,0.9505777,0.2049363,-0.04994955,-1.740178,-0.01899069,-0.4130831,0.9999331,0
142.0973826,0.3049524,-0.2958059,1.428046,-0.001428997,-0.05707427,0.6788446,0.7320591,0.02396823,-0.01661106,0.6721587,0.7398325,-0.07444273,-0.04120531,0.4820317,0.9419571,0.2237377,-0.02812325,-1.769471,0.01744058,-0.4393895,0.9999623,0
142.1671879,0.3049524,-0.2958059,1.428046,-0.001428997,-0.05707427,0.6788446,0.7320591,0.02418788,-0.01647066,0.6719741,0.7399961,-0.1685132,-0.02654498,0.2999993,0.9713516,0.1388241,-0.01674978,-1.839069,0.04499447,-0.4292141,0.9999788,0
142.2372246,0.3049524,-0.2958059,1.428046,-0.001428997,-0.05707427,0.6788446,0.7320591,0.02437161,-0.01626287,0.6713324,0.740577,-0.2283762,-0.05586565,0.3232115,0.971381,0.1457621,-0.02668033,-3.794542,0.1481317,-0.4005697,0.9999881,0
142.3076661,0.3049524,-0.2958059,1.428046,-0.001428997,-0.05707427,0.6788446,0.7320591,0.02442564,-0.01607522,0.6706854,0.7411652,-0.02190987,-0.03631853,0.3427586,0.9568039,0.1467768,-0.01026463,-3.794795,0.1824764,-0.3942119,0.9999933,0
142.3776082,0.3049524,-0.2958059,1.428046,-0.001428997,-0.05707427,0.6788446,0.7320591,0.02442564,-0.01607522,0.6706854,0.7411652,-0.01213631,0.008884161,0.245023,0.9678453,0.1033846,-0.0405777,-3.794703,0.2206112,-0.4096814,0.9999962,0
142.4471777,0.3049524,-0.2958059,1.428046,-0.001428997,-0.05707427,0.6788446,0.7320591,0.02442564,-0.01607522,0.6706854,0.7411652,-0.09276814,-0.02532328,0.1509526,0.9685369,0.09013047,-0.02735934,-3.794654,0.2339574,-0.4160507,0.9999979,0
142.5176157,0.3049524,-0.2958059,1.428046,-0.001428997,-0.05707427,0.6788446,0.7320591,0.02442564,-0.01607522,0.6706854,0.7411652,-0.02557495,0.06874719,-0.006646017,0.9641061,0.09661941,-0.02377739,-3.794666,0.2330046,-0.415141,0.9999988,0
142.5871437,0.3049524,-0.2958059,1.428046,-0.001428997,-0.05707427,0.6788446,0.7320591,0.02427704,-0.01586642,0.6704175,0.7414168,-0.1098719,0.01743602,-0.1263721,0.9738653,0.05329626,-0.01723011,-3.795265,0.1901373,-0.3678402,0.9999993,0
142.6574218,0.3049524,-0.2958059,1.428046,-0.001428997,-0.05707427,0.6788446,0.7320591,0.02427704,-0.01586642,0.6704175,0.7414168,0.02084944,-0.003332783,0.06299056,0.9702763,0.09472071,-0.02840434,-3.795431,0.1796599,-0.3551056,0.9999996,0
142.7279927,0.3049524,-0.2958059,1.428046,-0.001428997,-0.05707427,0.6788446,0.7320591,0.02427704,-0.01586642,0.6704175,0.7414168,-0.05000884,-0.03998362,-0.08849955,0.9692577,0.08958235,-0.01358692,-3.795422,0.1739381,-0.3541948,0.9999998,0
142.7978415,0.3049524,-0.2958059,1.428046,-0.001428997,-0.05707427,0.6788446,0.7320591,0.02424018,-0.01574681,0.6706226,0.7412353,-0.1159803,-0.01310634,-0.03474499,0.9673547,0.1163952,-0.01963096,-3.795452,0.1634513,-0.3496451,0.9999999,0
142.8684078,0.3049914,-0.2954475,1.427688,-0.001165241,-0.05592085,0.6767905,0.7340478,0.02413411,-0.01549344,0.6706885,0.7411845,-0.04634375,-0.01554973,0.1057499,0.9641164,0.104273,-0.01798945,-3.795513,0.1634555,-0.3460074,0.9999999,1
142.9373343,0.3049494,-0.2954497,1.427675,-0.001217178,-0.05598168,0.676711,0.7341164,0.0240067,-0.01524839,0.6702877,0.7415562,-0.02557495,-0.008219562,0.03489159,0.9640914,0.09603266,-0.01369266,-3.795544,0.1672718,-0.3450989,0.9999999,1
143.0088809,0.3049015,-0.2954316,1.427625,-0.001236699,-0.0561026,0.6767359,0.7340841,0.02387058,-0.01503577,0.6697118,0.742085,-0.02190987,0.03698314,0.008014318,0.9690253,0.09494057,-0.01489361,-3.795578,0.1682277,-0.3432803,0.9999999,1
143.0772821,0.3048655,-0.2954315,1.427636,-0.001355931,-0.05615177,0.6766088,0.7341974,0.0237721,-0.01493336,0.669452,0.7423246,-0.004806144,0.03087466,-0.03474499,0.9700162,0.0906143,-0.02564235,-3.795527,0.1739454,-0.3478288,0.9999999,1
143.1473516,0.3048346,-0.29541,1.427621,-0.001494564,-0.05609379,0.6763539,0.7344363,0.02382865,-0.01494825,0.6695987,0.7421901,-0.08788136,0.02843127,-0.02130635,0.9603721,0.09029635,-0.01017836,-3.795735,0.1730062,-0.3350965,0.9999999,1
143.2172471,0.3048096,-0.2953699,1.427625,-0.001601699,-0.0561341,0.6762038,0.7345713,0.02382865,-0.01494825,0.6695987,0.7421901,-0.04756545,0.05164347,-0.007867711,0.9739485,0.0861984,-0.02163677,-3.795761,0.1720545,-0.3332774,0.9999999,1
143.2873502,0.3047811,-0.2953317,1.427616,-0.001682282,-0.05605291,0.6760534,0.7347156,0.024017,-0.01492038,0.6693451,0.7424132,0.01474097,0.02720958,0.09108953,0.9598967,0.09586807,-0.01394635,-3.79597,0.1787438,-0.3223658,0.9999999,1
143.3574339,0.304766,-0.2953317,1.427633,-0.001825561,-0.05599287,0.6759341,0.7348297,0.02411743,-0.0148038,0.6686018,0.743082,-0.06833426,0.04920008,-0.01397618,0.9618842,0.1029446,-0.01158593,-3.79602,0.1797007,-0.3196377,0.9999999,1
143.4272304,0.3047247,-0.2953159,1.427576,-0.0018175,-0.05594838,0.6757596,0.7349936,0.024099,-0.01472813,0.6678984,0.7437164,-0.02435326,-0.006997867,-0.0103111,0.9594173,0.1067479,-0.005257007,-3.796399,0.1730523,-0.2950814,0.9999999,1
143.4971232,0.3046979,-0.2953109,1.427583,-0.001812436,-0.05597725,0.6755586,0.7351761,0.0241017,-0.01469801,0.6675368,0.7440413,-0.03901359,-0.002111089,-0.04329685,0.9765976,0.07108352,0.000706484,-3.796419,0.1778214,-0.2950826,0.9999999,1
143.5676008,0.30468,-0.2953267,1.427609,-0.00181343,-0.05608738,0.6754459,0.7352712,0.02411344,-0.01464546,0.6673869,0.7441764,-0.04267867,-0.004554478,-0.03107991,0.9697438,0.09316464,-0.001595003,-3.796449,0.1778234,-0.2932637,0.9999999,1
143.6372338,0.3046489,-0.2953575,1.427607,-0.00181437,-0.05624871,0.6753041,0.7353892,0.02411079,-0.01470131,0.6672991,0.7442543,-0.03168342,-0.002111089,0.02878312,0.9709505,0.07715025,-0.009716965,-3.79646,0.1768707,-0.292354,0.9999999,1
143.7077369,0.3046106,-0.2953838,1.427607,-0.001799289,-0.05648185,0.6750438,0.7356104,0.02391853,-0.01480363,0.6670508,0.7444809,-0.02801834,-0.000889394,0.08864614,0.9721968,0.08625849,-0.002963929,-3.796461,0.1806849,-0.2932644,0.9999999,1
143.7773429,0.3045835,-0.2954255,1.427667,-0.001891937,-0.0566527,0.6745895,0.7360135,0.02382293,-0.01477355,0.667033,0.7445006,-0.03046173,0.01865772,0.06543396,0.9719194,0.0745766,-0.000584215,-3.796449,0.1883123,-0.2959945,0.9999999,1
143.8473171,0.3045623,-0.2954507,1.42769,-0.001908909,-0.05676722,0.6741792,0.7363805,0.02382293,-0.01477355,0.667033,0.7445006,-0.03901359,-0.02043651,-0.004202627,0.9643161,0.09301738,-0.002343499,-3.796559,0.1892734,-0.2896287,0.9999999,1
143.9172404,0.3045517,-0.2954586,1.427706,-0.001874762,-0.05676069,0.6737951,0.7367326,0.02377172,-0.01476128,0.6671379,0.7444085,-0.0365702,0.003997383,0.0336699,0.9716867,0.07567785,-0.009202389,-3.796479,0.1883144,-0.2941757,0.9999999,1
143.9879004,0.3045745,-0.2954191,1.427739,-0.00187718,-0.05668068,0.6733516,0.7371442,0.02385506,-0.01475056,0.667161,0.7443852,-0.02313156,-0.01066295,0.01290109,0.9687006,0.06975379,-0.000768308,-3.796585,0.1883217,-0.2878096,0.9999999,1
144.057247,0.3045836,-0.2953581,1.427671,-0.001877379,-0.05658701,0.6731374,0.7373469,0.02399784,-0.01471817,0.666923,0.7445945,-0.03046173,-0.009441256,-0.01886296,0.9694465,0.07017767,-0.004213278,-3.796556,0.1921338,-0.2905388,0.9999999,1
144.1274866,0.3046082,-0.2953308,1.427677,-0.00183936,-0.05645273,0.6732087,0.7372922,0.02399784,-0.01471817,0.666923,0.7445945,-0.03779189,-0.003332783,-0.0335233,0.9694822,0.08757205,-0.000286149,-3.796538,0.1845043,-0.2896276,0.9999999,1
144.1976846,0.3046179,-0.2952758,1.42768,-0.001762894,-0.05640978,0.6730916,0.7374026,0.02399784,-0.01471817,0.666923,0.7445945,-0.04023528,0.003997383,0.02633974,0.9714511,0.08232427,-0.005858163,-3.796448,0.1844981,-0.2950842,0.9999999,1
144.2683036,0.3046147,-0.2951975,1.427715,-0.001707888,-0.05639086,0.6727513,0.7377146,0.02416912,-0.01477084,0.6665494,0.7449225,-0.03168342,0.002775689,0.08498107,0.9682461,0.0823594,-0.007832648,-3.79649,0.1873616,-0.293266,0.9999999,1
144.3371443,0.3045975,-0.2951273,1.427751,-0.001827213,-0.05634409,0.6723071,0.7381228,0.0243012,-0.01483922,0.6661797,0.7452475,-0.03168342,0.001553995,-0.0103111,0.9681858,0.05922644,-0.003321099,-3.796535,0.1978536,-0.2932685,0.9999999,1
144.4077831,0.3045975,-0.2951273,1.427751,-0.001827213,-0.05634409,0.6723071,0.7381228,0.02434254,-0.01491152,0.6656281,0.7457373,-0.03412681,-0.01554973,-0.0762826,0.9692388,0.08678767,-0.004207644,-3.796594,0.1940435,-0.2887205,0.9999999,0
144.4778149,0.3045975,-0.2951273,1.427751,-0.001827213,-0.05634409,0.6723071,0.7381228,0.02434254,-0.01491152,0.6656281,0.7457373,-0.01824478,0.001553995,-0.001759239,0.9706821,0.07388995,0.000897232,-3.796542,0.195947,-0.2923586,0.9999999,0
144.5474344,0.3045975,-0.2951273,1.427751,-0.001827213,-0.05634409,0.6723071,0.7381228,0.024171,-0.01515552,0.6648948,0.7463919,-0.02679664,0.001553995,0.0361133,0.9716526,0.06377891,-0.004607076,-3.796589,0.1997644,-0.2905407,0.9999999,0
144.6174235,0.3045975,-0.2951273,1.427751,-0.001827213,-0.05634409,0.6723071,0.7381228,0.02400308,-0.01521289,0.6642001,0.7470143,-0.04145698,-0.01066295,0.04344346,0.9711719,0.07241888,0.00116542,-3.796601,0.2026258,-0.2905414,0.9999999,0
144.687245,0.3045975,-0.2951273,1.427751,-0.001827213,-0.05634409,0.6723071,0.7381228,0.02400308,-0.01521289,0.6642001,0.7470143,-0.0365702,0.0003323,-0.000537541,0.9691718,0.06347807,0.00497594,-3.796622,0.2073949,-0.2905425,0.9999999,0
144.7584187,0.3045975,-0.2951273,1.427751,-0.001827213,-0.05634409,0.6723071,0.7381228,0.02400308,-0.01521289,0.6642001,0.7470143,-0.02801834,0.001553995,0.1167451,0.9667146,0.06642112,0.002469815,-3.796638,0.2112101,-0.2905434,0.9999999,0
144.8273865,0.3045975,-0.2951273,1.427751,-0.001827213,-0.05634409,0.6723071,0.7381228,0.02395752,-0.0151957,0.6645001,0.7467494,-0.03168342,-0.009441256,-0.04818363,0.9709028,0.06164605,-0.001137462,-3.796554,0.2092973,-0.2950901,0.9999999,0
144.8985845,0.3045975,-0.2951273,1.427751,-0.001827213,-0.05634409,0.6723071,0.7381228,0.02392684,-0.01511326,0.6648039,0.7464815,-0.03046173,-0.009441256,-0.06650904,0.9686956,0.06529886,-0.004882029,-3.796633,0.2064421,-0.2896329,0.9999999,0
144.9671902,0.3045975,-0.2951273,1.427751,-0.001827213,-0.05634409,0.6723071,0.7381228,0.02376421,-0.01467675,0.6628383,0.7482412,-0.03168342,0.005219078,0.06176887,0.9647546,0.06981424,-0.002007688,-3.796638,0.2112101,-0.2905434,0.9999999,0
145.0393729,0.3045975,-0.2951273,1.427751,-0.001827213,-0.05634409,0.6723071,0.7381228,0.02376421,-0.01467675,0.6628383,0.7482412,-0.03046173,-0.01310634,-0.03963177,0.9743739,0.0681552,-0.002205893,-3.796641,0.2083497,-0.2896333,0.9999999,0
145.1073358,0.3039654,-0.2920732,1.427185,-0.002961289,-0.0552386,0.6670959,0.7429153,0.02359985,-0.01465931,0.6619726,0.7490128,-0.04023528,-0.01066295,-0.03963177,0.9716569,0.067742,-0.000732026,-3.796592,0.2073928,-0.2923614,0.9999999,1
145.1772357,0.3039217,-0.2916185,1.427196,-0.003433966,-0.05505512,0.6668706,0.7431291,0.02359985,-0.01465931,0.6619726,0.7490128,-0.04390037,-0.006997867,-0.0103111,0.9689509,0.07397036,0.004086743,-3.796633,0.2064421,-0.2896329,0.9999999,1
145.2473198,0.3038755,-0.2911513,1.427304,-0.003878074,-0.05477433,0.6667221,0.7432809,0.02349881,-0.01471202,0.661395,0.749525,-0.02924003,0.0003323,0.0776509,0.972115,0.05559626,0.004359583,-3.796579,0.2150202,-0.2950915,0.9999999,1
145.3173043,0.3037424,-0.2906134,1.42718,-0.003977987,-0.05450986,0.6659102,0.7440273,0.02336665,-0.01482063,0.6613986,0.7495239,-0.02801834,-0.009441256,-0.05184871,0.9682176,0.07265417,-0.003514732,-3.796623,0.2112091,-0.2914529,0.9999999,1
145.3871755,0.3036821,-0.2901545,1.427263,-0.004493908,-0.05433465,0.6651154,0.7447477,0.02326879,-0.01485407,0.6614622,0.7494701,-0.02557495,-0.000889394,-0.007867711,0.9694397,0.06774692,-0.003440938,-3.796642,0.212164,-0.2905437,0.9999999,1
145.4575158,0.3036079,-0.2896855,1.427327,-0.00498981,-0.0541805,0.6642786,0.7455023,0.02326879,-0.01485407,0.6614622,0.7494701,-0.04145698,-0.009441256,-0.04207516,0.9713909,0.06169667,0.003040982,-3.796708,0.2169362,-0.2878165,0.9999999,1
145.527727,0.3035397,-0.2891787,1.427419,-0.005478658,-0.05424222,0.6632701,0.7463917,0.02326879,-0.01485407,0.6614622,0.7494701,-0.03290512,0.003997383,0.0776509,0.9726532,0.06962228,-0.004443153,-3.796626,0.2083487,-0.2905428,0.9999999,1
145.5972633,0.3035397,-0.2891787,1.427419,-0.005478658,-0.05424222,0.6632701,0.7463917,0.0225599,-0.01449064,0.6605484,0.7503045,-0.04023528,-0.005776173,0.01534449,0.9691468,0.05348253,0.00610313,-3.796689,0.2159813,-0.2887257,0.9999999,0
145.6679106,0.3035397,-0.2891787,1.427419,-0.005478658,-0.05424222,0.6632701,0.7463917,0.02207343,-0.01418418,0.6596835,0.7510852,-0.0365702,0.001553995,0.004349235,0.9733724,0.06583283,0.004706522,-3.796716,0.2188438,-0.287817,0.9999999,0
145.7371452,0.3035397,-0.2891787,1.427419,-0.005478658,-0.05424222,0.6632701,0.7463917,0.02161021,-0.01391066,0.6589449,0.751752,-0.0353485,0.005219078,0.1020848,0.9713703,0.05140013,0.000240312,-3.796698,0.2217032,-0.2896366,0.9999999,0
145.807627,0.3029816,-0.2869519,1.426794,-0.006414426,-0.05356247,0.65548,0.7532834,0.02125558,-0.01360852,0.6585786,0.7520884,-0.04145698,-0.008219562,-0.03596668,0.9728177,0.03770603,0.000932948,-3.796765,0.2302896,-0.2878197,0.9999999,1
145.8773986,0.3029537,-0.2864409,1.426938,-0.006918924,-0.05350598,0.6530019,0.7554322,0.02095228,-0.01326942,0.6582006,0.752434,-0.02679664,0.007662467,0.0996414,0.9755706,0.05225451,-0.002465094,-3.79672,0.2302865,-0.290548,0.9999999,1
145.9476271,0.3028836,-0.2858869,1.427106,-0.007110521,-0.05340046,0.6497164,0.7582655,0.02095228,-0.01326942,0.6582006,0.752434,-0.03168342,0.008884161,-0.006646017,0.9752807,0.03444779,-0.001471632,-3.796839,0.2369695,-0.285093,0.9999999,1
146.0171718,0.3028836,-0.2858869,1.427106,-0.007110521,-0.05340046,0.6497164,0.7582655,0.0203692,-0.01271468,0.6566483,0.7538146,-0.01824478,-0.009441256,0.08742446,0.9708744,0.04817923,-0.003646653,-3.796738,0.237916,-0.2914593,0.9999999,0
146.0878161,0.3021219,-0.2845172,1.42574,-0.007486602,-0.05154673,0.6394013,0.7671069,0.01988323,-0.01234367,0.655245,0.7550537,-0.03290512,0.01132755,0.05688209,0.9703566,0.03969027,-0.000330538,-3.796871,0.2407858,-0.2841845,0.9999999,1
146.1572593,0.3019236,-0.2839784,1.425668,-0.007950727,-0.05156109,0.6336451,0.7718628,0.01946334,-0.01204854,0.6538705,0.7562599,-0.0365702,0.0003323,0.09841971,0.9779744,0.02785551,0.002316535,-3.796895,0.2569975,-0.2869167,0.9999999,1
146.2281464,0.3019236,-0.2839784,1.425668,-0.007950727,-0.05156109,0.6336451,0.7718628,0.01904545,-0.01175464,0.6524191,0.7575277,-0.02435326,-0.006997867,0.004349235,0.9755049,0.02742678,0.003053945,-3.796884,0.2579503,-0.2878264,0.9999999,0
146.297423,0.3019236,-0.2839784,1.425668,-0.007950727,-0.05156109,0.6336451,0.7718628,0.01904545,-0.01175464,0.6524191,0.7575277,-0.0353485,-0.004554478,0.02878312,0.9676613,0.04830674,0.000767356,-3.796942,0.250326,-0.282368,0.9999999,0
146.3683173,0.3019236,-0.2839784,1.425668,-0.007950727,-0.05156109,0.6336451,0.7718628,0.01870162,-0.01159493,0.6508318,0.7589029,-0.03779189,-0.008219562,0.05932548,0.9752521,0.02825291,0.009185487,-3.796946,0.2617686,-0.285099,0.9999999,0
146.4372515,0.3019236,-0.2839784,1.425668,-0.007950727,-0.05156109,0.6336451,0.7718628,0.01834164,-0.01145717,0.6488755,0.7605871,-0.02435326,-0.01310634,0.008014318,0.9717919,0.02337458,0.004823626,-3.796927,0.2608138,-0.2860082,0.9999999,0
146.5087153,0.3019236,-0.2839784,1.425668,-0.007950727,-0.05156109,0.6336451,0.7718628,0.01792247,-0.01119121,0.6464484,0.762665,-0.03412681,-0.01188464,-0.004202627,0.9708166,0.0280257,0.004262606,-3.79706,0.2636836,-0.2787334,0.9999999,0
146.5775753,0.3019236,-0.2839784,1.425668,-0.007950727,-0.05156109,0.6336451,0.7718628,0.01694153,-0.009771869,0.636292,0.7712003,-0.03901359,-0.005776173,0.02023126,0.9685993,0.03028828,0.0056991,-3.797091,0.2674999,-0.2778249,0.9999999,0
146.647261,0.3019236,-0.2839784,1.425668,-0.007950727,-0.05156109,0.6336451,0.7718628,0.01694153,-0.009771869,0.636292,0.7712003,-0.0353485,0.005219078,-0.009089405,0.9707815,0.01513599,0.007889155,-3.797089,0.2703604,-0.278735,0.9999999,0
146.7173606,0.3019236,-0.2839784,1.425668,-0.007950727,-0.05156109,0.6336451,0.7718628,0.01627761,-0.009274777,0.6306304,0.7758571,-0.03290512,0.0003323,0.009236012,0.9718096,0.03069525,0.004472297,-3.797035,0.2684496,-0.2814629,0.9999999,0
146.7873229,0.3023323,-0.2812983,1.423859,-0.001295222,-0.04593282,0.5535193,0.8315678,0.01541824,-0.008971598,0.6243755,0.7809204,-0.02924003,-0.01066295,-0.005424321,0.9744394,-0.007763214,-0.000127463,-3.796999,0.2741683,-0.285102,0.9999999,1
146.8572662,0.302588,-0.2814228,1.42411,-0.000221159,-0.04576413,0.5453256,0.8369741,0.01331728,-0.008037277,0.6026143,0.7978809,0.02084944,0.0003323,-0.005424321,0.9820628,0.09712846,0.01926795,-3.797285,0.270374,-0.2669124,0.9999999,1
146.9275537,0.3026952,-0.2814849,1.424026,0.00061783,-0.04576796,0.5365785,0.8426083,0.01294927,-0.007364664,0.5926102,0.8053516,-0.02679664,-0.006997867,-0.02374974,0.9680801,0.0180555,0.003416665,-3.797386,0.2694274,-0.2605461,0.9999999,1
146.9973865,0.3028661,-0.2815985,1.424335,0.001290653,-0.04549266,0.5274532,0.8483642,0.01301816,-0.006505571,0.5824716,0.8127206,-0.02679664,-0.01432803,-0.02619313,0.9747676,0.02866215,0.003034312,-3.797329,0.2665628,-0.2632737,0.9999999,1
147.0675491,0.3029078,-0.2815773,1.424262,0.002092875,-0.04526777,0.5178328,0.8542808,0.01301816,-0.006505571,0.5824716,0.8127206,-0.02557495,-0.006997867,-0.02374974,0.976718,0.01886096,0.00342626,-3.797388,0.2627529,-0.2587257,0.9999999,1
147.1375077,0.3029808,-0.2815864,1.424355,0.002610706,-0.04482476,0.507807,0.8602999,0.01347445,-0.005441424,0.5714056,0.8205391,-0.1062068,-0.01188464,-0.02863652,0.9638913,0.01982982,0.002151964,-3.797413,0.2474981,-0.2532654,0.9999999,1
147.2073803,0.3030102,-0.281572,1.424227,0.002801692,-0.04393212,0.4966795,0.8668169,0.01347445,-0.005441424,0.5714056,0.8205391,-0.06955595,-0.006997867,0.000684153,0.9732373,0.008700368,0.005284633,-3.797569,0.2312989,-0.23962,0.9999999,1
147.2772522,0.3030676,-0.2815166,1.424176,0.003307618,-0.04302128,0.4842118,0.8738863,0.01417192,-0.004512724,0.5610456,0.8276511,-0.03290512,-0.002111089,0.01900957,0.970315,0.02461751,0.004310542,-3.797601,0.2351152,-0.2387115,0.9999999,1
147.3474452,0.3031261,-0.2814634,1.42391,0.003314756,-0.04215123,0.4716729,0.8807594,0.0152155,-0.00360452,0.5512354,0.8342031,-0.07566442,-0.01310634,-0.01886296,0.97889,0.002820933,0.01177318,-3.797697,0.2294006,-0.2314346,0.9999999,1
147.4178107,0.3032877,-0.28151,1.424094,0.003674731,-0.04099415,0.4594814,0.8872334,0.0152155,-0.00360452,0.5512354,0.8342031,-0.1391925,-0.01921481,-0.04207516,0.9766496,-0.00668853,0.009692993,-3.797689,0.2065154,-0.2259725,0.9999999,1
147.4872152,0.3034219,-0.2815183,1.42387,0.004287255,-0.04008474,0.4485112,0.8928677,0.01603615,-0.002169885,0.539626,0.8417493,-0.05978239,0.0003323,0.02878312,0.9681017,0.02884032,0.006210294,-3.797906,0.1798315,-0.2059586,0.9999999,1
147.5579199,0.303616,-0.2816786,1.423892,0.004925863,-0.03883421,0.4382921,0.8979799,0.01721027,-0.00029942,0.5120631,0.8587753,-0.02190987,-0.006997867,-0.03474499,0.9740496,0.03720041,0.001434794,-3.79794,0.1807874,-0.20414,0.9999999,1
147.6272253,0.3038179,-0.2818123,1.423716,0.005487012,-0.03784415,0.4290041,0.9024928,0.01721027,-0.00029942,0.5120631,0.8587753,-0.03779189,-0.03876192,-0.2057822,0.9760097,0.02929551,-0.002132803,-3.797814,0.1655222,-0.207774,0.9999999,1
147.6976436,0.3040758,-0.2819721,1.423561,0.006588859,-0.03670499,0.4194526,0.907011,0.01711764,0.000380918,0.5006354,0.8654888,-0.03290512,-0.009441256,-0.09460802,0.9684196,0.05811454,0.004559941,-3.797722,0.1512128,-0.2095895,0.9999999,1
147.7675611,0.3043911,-0.2822389,1.42369,0.007597673,-0.03504596,0.4102527,0.9112667,0.01683623,0.001233142,0.4894466,0.8718698,-0.004806144,-0.03631853,-0.282749,0.9727486,0.009909529,0.00379141,-3.797603,0.134041,-0.2123136,0.9999999,1
147.8374788,0.3046635,-0.2824463,1.423517,0.008422689,-0.0335786,0.4008994,0.9154679,0.01654907,0.00269565,0.4766543,0.8789307,0.1112548,-0.01188464,-0.3096263,0.9518851,0.1509575,-0.01500653,-3.797306,0.1139962,-0.2250409,0.9999999,1
147.9079758,0.3049044,-0.2826375,1.423447,0.009093832,-0.03189306,0.3910022,0.9197921,0.01624837,0.00426136,0.4632207,0.8860836,-0.02924003,0.006440773,-0.04329685,0.9566544,0.08629745,-0.004723006,-3.797052,0.111118,-0.2395911,0.9999999,1
147.977403,0.305099,-0.2827848,1.423406,0.009389382,-0.03037535,0.3800068,0.9244372,0.01624837,0.00426136,0.4632207,0.8860836,0.01229758,-0.02776667,-0.3108479,0.9779279,0.1073188,-0.007923177,-3.79703,0.1025347,-0.2386796,0.9999999,1
148.0478629,0.3052125,-0.282912,1.423284,0.009360292,-0.02881948,0.3680728,0.9293032,0.01600478,0.005654965,0.4505992,0.892565,-0.05123053,-0.006997867,-0.2754188,0.9538934,0.1715861,-0.004239836,-3.796972,0.08536709,-0.2377661,0.9999999,1
148.117281,0.3052762,-0.2830441,1.423369,0.009147194,-0.02745275,0.3557028,0.9341511,0.01570698,0.007438663,0.4336231,0.9009266,-0.04145698,-0.005776173,-0.1960087,0.937044,0.1444017,0.001026216,-3.797093,0.04342011,-0.2195673,0.9987386,1
148.187583,0.3052371,-0.2831659,1.423208,0.008453573,-0.02678883,0.3438625,0.9385998,0.01732552,0.009818578,0.4174986,0.9084592,-0.06100409,-0.005776173,-0.1972303,0.8954012,0.1719315,0.006916637,-1.875337,-0.05074162,-0.2235737,0.9701825,1
148.2572979,0.3051779,-0.283304,1.423066,0.008216535,-0.02631424,0.3341608,0.9421129,0.01825576,0.0112953,0.4095494,0.9120352,-0.04267867,-0.03021006,-0.3059612,0.9442827,0.1754033,-0.006776141,-1.866155,-0.06826665,-0.2154083,0.8977531,1
148.3275981,0.3050913,-0.2835221,1.423026,0.008405352,-0.02552783,0.3260678,0.9449643,0.01825576,0.0112953,0.4095494,0.9120352,0.007410802,-0.01554973,-0.1813483,0.9406607,0.2014078,-0.0204314,-1.848513,-0.08040947,-0.2172694,0.9238654,1
148.3974208,0.3050709,-0.2838328,1.423136,0.008800056,-0.02469148,0.3196255,0.9471814,0.01862288,0.0131353,0.3992279,0.9165685,-0.1196454,-0.008219562,-0.2424331,0.9443039,0.1914572,0.005772005,-1.805835,-0.1259654,-0.2155489,0.9571743,1
148.4673627,0.305038,-0.2841555,1.423191,0.009128276,-0.02395106,0.313521,0.9492354,0.01810291,0.01716853,0.37441,0.9269275,-0.05978239,0.002775689,-0.1776832,0.9461307,0.2324102,0.003219589,-1.751497,-0.1567431,-0.2520566,0.9759105,1
148.5371963,0.304929,-0.2844681,1.42308,0.009289838,-0.02323378,0.3066166,0.9515043,0.01683587,0.01968977,0.3518936,0.9356813,0.05505688,0.03820483,-0.194787,0.9676212,0.2229319,-0.03173505,-1.70019,-0.1835791,-0.2740071,0.9864497,1
148.6076824,0.3047546,-0.2847778,1.422921,0.009347381,-0.02271405,0.2989752,0.9539447,0.01580745,0.02072493,0.3360623,0.9414789,-0.1355274,-0.0644175,-0.1996737,0.9173352,0.2557324,-0.01095033,-1.62498,-0.2056358,-0.2896546,0.9923779,1
148.6771781,0.3045612,-0.2851587,1.423014,0.009340866,-0.02216564,0.2906353,0.9565315,0.01580745,0.02072493,0.3360623,0.9414789,0.01351927,0.02110111,-0.2961876,0.8557862,0.2552137,0.07148246,-1.558999,-0.2483055,-0.3007262,0.9609388,1
148.7472476,0.3042811,-0.2855141,1.422846,0.009204792,-0.02164262,0.2807894,0.9594812,0.01580745,0.02072493,0.3360623,0.9414789,-0.05245223,0.06752549,-0.2815273,0.9366408,0.2849987,-0.003952217,-1.476289,-0.2706621,-0.3227586,0.8608747,1
148.8177281,0.3040619,-0.2859528,1.422962,0.008889161,-0.02116613,0.2692076,0.9628086,0.01493097,0.02139989,0.3257344,0.945101,-0.1526312,-0.0436487,-0.2729754,0.9139518,0.2667851,-0.04503342,-1.389607,-0.335112,-0.294774,0.8956617,1
148.8871703,0.303842,-0.2864134,1.423049,0.008656298,-0.02061847,0.2573375,0.9660629,0.01544269,0.02210121,0.3178298,0.9477642,-0.08910306,0.03820483,-0.4513428,0.8496329,0.3185682,-0.01423496,-1.341336,-0.362746,-0.2448744,0.913782,1
148.9584034,0.3036346,-0.2869261,1.423004,0.008864945,-0.02008487,0.246183,0.9689748,0.0157998,0.02286453,0.3110605,0.9499836,0.1075897,0.04186991,-0.5148709,0.9769635,0.4206093,-0.02768247,-1.345169,-0.4188487,-0.2221156,0.8273298,1
149.0273252,0.3035166,-0.2875736,1.423176,0.00971726,-0.01945733,0.2363097,0.9714344,0.01622352,0.02389167,0.3013887,0.9530638,-0.05000884,0.04309161,-0.5405264,0.8741308,0.4641466,0.004860707,-1.327987,-0.4643333,-0.1875914,0.7683223,1
149.0981667,0.3033447,-0.2882243,1.423235,0.01064376,-0.01906288,0.2283798,0.9733273,0.01577744,0.02493912,0.2884244,0.9570478,-0.1587397,0.1567092,-0.6162715,0.9134409,0.3897964,0.000377288,-1.250196,-0.5217397,-0.1268474,0.8436446,1
149.1672471,0.3031238,-0.2888937,1.423217,0.01172217,-0.01857246,0.2226077,0.9746608,0.01527943,0.02598094,0.2751413,0.9609312,-0.1514095,-0.003332783,-0.3609374,0.8668283,0.4085472,0.01719574,-1.126413,-0.5180259,-0.06896526,0.9120501,1
149.2374254,0.3028951,-0.2896071,1.423348,0.0129469,-0.01832893,0.2177129,0.9757549,0.01433931,0.02748834,0.254745,0.9665111,-0.07810781,0.05408686,-0.3206215,0.8376841,0.3909119,0.007302274,-1.074866,-0.5610611,-0.04544267,0.9337753,1
149.3074507,0.3026094,-0.2902937,1.423597,0.01365192,-0.01823368,0.212449,0.9769067,0.0131607,0.02815741,0.2413124,0.9699496,-0.03290512,-0.1450493,-0.5319747,1.558191,0.7083754,6.8285E-05,-1.133226,-0.6388721,-0.07255495,0.7776037,1
149.3771451,0.3022494,-0.2909005,1.423649,0.01440736,-0.01828603,0.2059185,0.9782923,0.0131607,0.02815741,0.2413124,0.9699496,0.06360874,-0.04242701,-0.7824219,0.8619819,0.5372257,-0.007528498,-1.134851,-0.6874447,-0.07344796,0.4807144,1
149.4477794,0.3018743,-0.2914757,1.42361,0.0148911,-0.0183417,0.1982461,0.9798676,0.01227764,0.02876385,0.2285138,0.9730381,-0.1318624,-0.0216582,-0.6431488,0.7939098,0.559841,0.01065608,-1.11001,-0.7666138,-0.04621006,0.5924032,1
149.5172078,0.3016008,-0.2920864,1.423844,0.01524496,-0.01827253,0.1900368,0.9814885,0.01348071,0.02982684,0.2116905,0.9767883,-0.07688612,0.09928955,-0.6187149,0.8357558,0.6292822,0.02351982,-1.042993,-0.8131143,-0.00726665,0.744176,1
149.5877123,0.3013054,-0.2926351,1.423908,0.01578248,-0.01809141,0.1820173,0.9830022,0.01485933,0.03010578,0.2065554,0.9778587,-0.09521154,-0.1914737,-0.7188939,0.7842727,0.6489134,-0.006872949,-1.00873,-0.8535668,-0.000978781,0.7704471,1
149.6575445,0.3010746,-0.2931549,1.423993,0.01627391,-0.0176898,0.1751919,0.9842409,0.01485933,0.03010578,0.2065554,0.9778587,-0.1575179,-0.1853652,-0.7127854,0.8418313,0.6835788,0.003827672,-0.9519027,-0.9483212,-0.003829206,0.7890327,1
149.7279941,0.3009266,-0.2936892,1.424155,0.01674943,-0.01735512,0.1693511,0.9852607,0.01597436,0.03046605,0.1979183,0.9796146,-0.06100409,-0.03387515,-0.7653182,0.5180376,0.7691106,0.0194935,-0.9415215,-0.9878331,-0.006574132,0.7099503,1
149.7973295,0.3008325,-0.2942426,1.424327,0.01732595,-0.01678066,0.1638389,0.9861922,0.01639651,0.03042668,0.1904605,0.9810863,-0.1037634,0.06996889,-0.7164505,0.6652175,0.7171448,0.02232498,-0.8826409,-1.073112,0.03149054,0.7528094,1
149.867707,0.3007927,-0.2947823,1.424479,0.01784965,-0.01592364,0.1581188,0.9871303,0.01655366,0.03038053,0.1814796,0.9827859,-0.06955595,-0.02287989,-0.742106,0.6716228,0.8695099,0.1145158,-0.838593,-1.119661,0.06230844,0.7907638,1
149.9371478,0.3008054,-0.2952854,1.424631,0.01819191,-0.01522643,0.1522795,0.9880528,0.01653488,0.03058795,0.1715092,0.9845687,-0.1880603,-0.1474927,-0.6578091,0.5274286,0.7386758,-0.04590894,-0.7795625,-1.180159,0.08490679,0.6695595,1
150.0091545,0.3008832,-0.2957999,1.424809,0.01847231,-0.01438705,0.1463448,0.9889565,0.01646524,0.03085026,0.1636801,0.9858934,-0.06344748,0.05408686,-0.4684465,0.4768426,0.8821025,0.02538094,-0.7150734,-1.217031,0.1065758,0.6841516,1
150.0773072,0.3010511,-0.2963142,1.424941,0.01888739,-0.01322042,0.1403016,0.9898404,0.01646524,0.03085026,0.1636801,0.9858934,-0.2259328,-0.1242805,-0.5808424,0.5918261,0.8737306,0.009563733,-0.6507432,-1.231008,0.131877,0.7729878,1
150.147327,0.301286,-0.2968046,1.425168,0.0190575,-0.01197906,0.1338781,0.9907421,0.0166471,0.03113906,0.1576684,0.9868606,-0.1978339,0.177478,-0.2974093,0.646365,0.7672644,0.000419999,-0.5616808,-1.239282,0.1689353,0.7728961,1
150.217246,0.3015445,-0.2972846,1.425287,0.01927429,-0.01047464,0.1275703,0.9915869,0.01743008,0.03177591,0.1486435,0.9882263,-0.08177289,0.1921383,-0.4977672,0.4120945,0.8502203,0.04534292,-0.5737121,-1.228317,0.1671447,0.8475497,1
150.2875538,0.3018608,-0.2977915,1.425519,0.01943019,-0.008875634,0.1211425,0.9924052,0.01771512,0.03302106,0.1392334,0.9895503,-0.08299459,0.0663038,-0.3108479,0.407009,0.8843356,0.03328741,-0.5747021,-1.223508,0.1698742,0.9047635,1
150.3572762,0.3022115,-0.2983098,1.42568,0.01979689,-0.007235324,0.1149982,0.9931421,0.01769781,0.03406893,0.132778,0.9904018,-0.2503667,-0.3270818,-0.4293523,0.2879496,0.8548749,0.07864045,-0.5062165,-1.242431,0.1687936,0.9155983,1
150.4273158,0.3026246,-0.2988746,1.425801,0.02004557,-0.005317763,0.108215,0.9939112,0.01764414,0.03537106,0.1261509,0.9912232,-0.009692922,-0.01921481,-0.4281306,0.3065219,0.9722936,0.05044972,-0.4517893,-1.268419,0.1813917,0.8485856,1
150.4973851,0.3030909,-0.2995022,1.426104,0.02041062,-0.003554326,0.1016688,0.9946026,0.01758119,0.03624298,0.1210921,0.9918236,-0.0365702,-0.0436487,-0.2754188,0.2517691,0.9849173,0.05455688,-0.4219118,-1.28296,0.1667683,0.8640451,1
150.5672565,0.3034973,-0.3001584,1.426302,0.02085447,-0.001981115,0.09584607,0.9951757,0.01748385,0.03703389,0.1165482,0.9923403,-0.04390037,-0.0876297,-0.1886785,0.3128971,0.949804,0.04071352,-0.3911457,-1.303256,0.1557816,0.8997399,1
150.6371472,0.3038282,-0.3007827,1.426435,0.02130204,-0.000842742,0.09100665,0.9956221,0.01741303,0.03826717,0.1108345,0.9929492,-0.09521154,-0.05342225,-0.1422541,0.320837,0.9571687,0.02047418,-0.3707197,-1.304067,0.1502729,0.9396002,1
150.7076068,0.3041309,-0.3014167,1.426583,0.02175033,0.000403821,0.08629372,0.9960322,0.01739154,0.03967733,0.1039266,0.993641,0.001302328,-0.006997867,-0.3719327,0.2997397,0.9171325,0.04311864,-0.3297899,-1.313322,0.1365291,0.9660251,1
150.7778055,0.304454,-0.3021039,1.426769,0.02212234,0.001693013,0.08083758,0.9964804,0.01734168,0.04068432,0.09607725,0.9943907,0.01596266,-0.002111089,-0.2766405,0.2636131,0.9786564,0.04312541,-0.3229087,-1.367004,0.1256122,0.9779276,1
150.8472656,0.3048,-0.3027971,1.426926,0.02239009,0.00320581,0.07403018,0.9969994,0.01709109,0.04235869,0.08339709,0.9954689,0.004967414,-0.04853548,-0.3108479,0.2418575,0.9542578,0.03162732,-0.3150139,-1.406426,0.1055951,0.97725,1
150.9181752,0.3051427,-0.3034886,1.427091,0.02266872,0.004721146,0.0670811,0.9974788,0.016995,0.0432828,0.07589949,0.9960304,0.007410802,-0.02776667,-0.4342391,0.1939883,0.9562467,0.0359048,-0.2857104,-1.484841,0.08644225,0.984982,1
150.987245,0.3054629,-0.3041999,1.427226,0.02290686,0.006074758,0.0608108,0.9978681,0.01693252,0.04412695,0.06837965,0.9965392,0.03673147,-0.05830903,-0.4928804,0.1920614,0.969543,0.02391161,-0.2449255,-1.577072,0.04725664,0.9915524,1
151.0577742,0.3057432,-0.3048657,1.427467,0.02340926,0.007321305,0.05637561,0.9981083,0.01684465,0.04532239,0.0598294,0.9970369,0.06849552,-0.006997867,-0.4012533,0.1234778,0.9768324,0.02855328,-0.2251553,-1.700898,0.00176723,0.9952482,1
151.1273887,0.305959,-0.3055009,1.427599,0.02386877,0.008174765,0.05281501,0.9982856,0.01687836,0.04678411,0.05221675,0.9973964,0.04406164,-0.02287989,-0.3181781,0.116884,0.9982569,0.01495679,-0.2026722,-1.814341,-0.04282236,0.9973271,1
151.1982257,0.3061366,-0.3061152,1.427791,0.0242357,0.00920363,0.0495591,0.9984347,0.01687836,0.04678411,0.05221675,0.9973964,0.01229758,-0.05220056,-0.2021171,0.07345302,0.9961805,0.01438856,-0.1768522,-1.900252,-0.07287715,0.9984965,1
151.2673223,0.3062828,-0.3066671,1.427965,0.02476939,0.009920681,0.04660443,0.9985571,0.01696146,0.04840776,0.04493669,0.9976721,0.03306638,-0.003332783,-0.1679097,0.08151014,1.052356,-0.007783457,-0.15082,-3.934492,-0.1115366,0.9697184,1
151.3374401,0.3063829,-0.3071964,1.428045,0.02458061,0.01052424,0.04235972,0.9987447,0.01718918,0.04959276,0.04070591,0.9977916,-0.03290512,0.02476619,-0.1117117,0.05648287,1.013954,0.004259945,-0.1450477,-3.934727,-0.1251923,0.8799385,1
151.4072527,0.3064036,-0.3077033,1.428172,0.02480576,0.01117337,0.03835645,0.9988937,0.01743004,0.05059639,0.03709491,0.9978778,-0.0353485,0.02965297,-0.06406565,0.0390262,1.042186,0.007496233,-0.1448817,-3.934739,-0.135196,0.8767498,1
151.4775537,0.3063664,-0.3081905,1.428306,0.02504648,0.011548,0.03436172,0.9990289,0.01753072,0.05180617,0.03086928,0.9980258,-0.03901359,-0.005776173,-0.06528735,0.05821656,1.0156,0.002274347,-0.1485036,-3.934597,-0.1397337,0.8502685,1
151.5477908,0.3062616,-0.308684,1.428398,0.02483466,0.01166035,0.03059678,0.9991553,0.01734395,0.05244899,0.02599971,0.9981343,-0.02924003,0.005219078,-0.03474499,0.04807092,1.002599,0.001208166,-0.1438367,-3.934783,-0.1424739,0.883187,1
151.6176855,0.3061466,-0.3091635,1.42849,0.02501322,0.01182277,0.02745265,0.9992402,0.01714524,0.05294029,0.0210794,0.9982278,-0.01946648,-0.008219562,-0.03596668,0.04784203,1.012179,0.004755855,-0.1418069,-3.934869,-0.1533918,0.928467,1
151.6871503,0.3060246,-0.3096536,1.428609,0.02541705,0.01157451,0.02560675,0.9992819,0.01686683,0.05310334,0.01493486,0.9983348,-0.02801834,-0.01310634,-0.02497143,0.04931394,1.008986,0.005542816,-0.1372004,-3.935051,-0.1524942,0.9519143,1
151.7574003,0.3058932,-0.3101242,1.428624,0.02592691,0.01130926,0.02495078,0.9992885,0.01669795,0.052985,0.009563539,0.9984098,-0.02679664,-0.01921481,-0.02741482,0.05050625,0.9913803,0.005553969,-0.125184,-3.935526,-0.1525249,0.9708159,1
151.8272466,0.3057597,-0.3106543,1.42869,0.02639263,0.01117409,0.02519375,0.9992717,0.01669795,0.052985,0.009563539,0.9984098,-0.02313156,-0.01554973,-0.04696193,0.05276128,1.005737,0.005106631,-0.111334,-3.936074,-0.151651,0.9834809,1
151.897236,0.3056228,-0.311204,1.428763,0.02670244,0.0108649,0.02592026,0.9992483,0.01724656,0.05197406,0.006641624,0.9984773,-0.02313156,-0.02410159,-0.08849955,0.04737103,1.014693,-0.007815501,-0.1000308,-3.936527,-0.1644115,0.9868377,1
151.967617,0.3054652,-0.3117185,1.428855,0.02741092,0.01044671,0.02661132,0.9992154,0.01827373,0.0508237,0.00697541,0.998516,-0.01946648,-0.01677142,-0.1165985,0.00541775,1.014873,-0.002268583,-0.08978766,-3.936935,-0.1689847,0.9759039,1
152.037564,0.3052869,-0.3122343,1.428911,0.02803565,0.01006415,0.02741569,0.9991803,0.01827373,0.0508237,0.00697541,0.998516,-0.02924003,-0.01066295,-0.08483446,0.0519708,0.9782444,-0.00580381,-0.06480043,-3.937925,-0.1708674,0.9722446,1
152.1078158,0.305079,-0.3127425,1.428924,0.02860565,0.009477378,0.02855829,0.9991378,0.01897403,0.05017193,0.007574274,0.9985315,-0.04023528,0.01987941,-0.06406565,0.01305778,1.013816,0.002680697,-0.05075435,-3.938486,-0.1818161,0.9819503,1
152.177421,0.3048729,-0.3132855,1.428929,0.02904871,0.008631511,0.03016929,0.9990854,0.01943422,0.04944166,0.008135428,0.9985546,-0.03046173,0.005219078,-0.0750609,0.01895471,1.001945,0.00040881,-0.04702683,-3.938634,-0.1836444,0.9898471,1
152.2473867,0.3046812,-0.3137963,1.428909,0.02915969,0.00813183,0.03090534,0.9990638,0.02031464,0.04765407,0.01005529,0.9986067,-0.03412681,0.006440773,-0.03474499,0.02195578,1.013965,-0.008604709,-0.04514798,-3.938709,-0.1854681,0.9914707,1
152.3172439,0.3045012,-0.3143484,1.428881,0.02971336,0.007763062,0.03046597,0.999064,0.02031464,0.04765407,0.01005529,0.9986067,-0.02924003,-0.004554478,-0.06895243,0.01894382,0.9998114,0.004863298,-0.04423873,-3.938745,-0.184561,0.9853664,1
152.3874316,0.3043757,-0.3149231,1.428932,0.03008905,0.007290057,0.02987495,0.9990742,0.02051367,0.04657258,0.01019748,0.9986521,-0.02679664,-0.005776173,-0.09460802,0.01011537,1.016425,-0.006703176,-0.03948127,-3.938937,-0.1927577,0.9853418,1
152.4571219,0.3042957,-0.3155389,1.428931,0.0304554,0.007025225,0.02968802,0.9990705,0.02076552,0.04541825,0.01035839,0.9986984,-0.01213631,-0.003332783,-0.1361456,-0.004471376,1.004765,-0.005587735,-0.022632,-3.93961,-0.2055324,0.9767244,1
152.5275959,0.3042692,-0.3162108,1.428918,0.03068535,0.006938958,0.02960616,0.9990665,0.02142072,0.04409938,0.01252202,0.9987189,-0.02435326,-0.01066295,-0.03107991,-0.007673409,1.007274,-0.005386023,-0.008601,-3.940171,-0.2155716,0.9836726,1
152.5975337,0.3043083,-0.316917,1.428907,0.03136571,0.007182774,0.0297948,0.999038,0.02142072,0.04409938,0.01252202,0.9987189,-0.01580139,-0.008219562,-0.1239287,-0.004190554,1.017912,-0.007988572,0.005460175,-3.940733,-0.2274298,0.9855427,1
152.6672661,0.3044328,-0.3176707,1.429036,0.03218566,0.007332314,0.03051001,0.9989893,0.02193194,0.04411734,0.01303256,0.9987005,-0.02924003,0.0003323,-0.07750429,-0.02689129,1.022389,0.000247045,0.01668799,-3.941181,-0.2356431,0.9652675,1
152.7373742,0.3045539,-0.3184749,1.429019,0.03312085,0.007501395,0.03152807,0.9989258,0.02274206,0.0442194,0.01420283,0.9986619,-0.03046173,0.0003323,-0.06528735,-0.02366347,1.023099,-0.01376379,0.02149072,-3.941376,-0.2465681,0.9388245,1
152.8073608,0.3046688,-0.3193071,1.429011,0.03389668,0.00772887,0.03144756,0.9989007,0.02388932,0.04409076,0.0159476,0.9986144,-0.02924003,-0.006997867,-0.1471409,-0.03844309,1.036906,-0.008100938,0.02985501,-3.941709,-0.2493177,0.9112137,1
152.8774687,0.3048171,-0.3201509,1.429108,0.03481739,0.007691942,0.03093086,0.9988854,0.02514205,0.04367846,0.01668213,0.9985898,-0.02557495,-0.006997867,-0.1153768,-0.02593193,1.006638,-0.006896269,0.04017358,-3.942122,-0.2584381,0.8817447,1
152.9472575,0.3049388,-0.3210142,1.429049,0.03589072,0.007838068,0.03017362,0.9988694,0.02514205,0.04367846,0.01668213,0.9985898,-0.02435326,0.001553995,-0.08239107,-0.02987826,1.007703,-0.006184042,0.0512656,-3.94256,-0.2584665,0.9199115,1
153.01769,0.3050712,-0.3218788,1.429047,0.03643308,0.007970324,0.02890297,0.9988863,0.02624444,0.04335379,0.01566904,0.998592,-0.01580139,-0.004554478,-0.04818363,-0.04563017,1.023871,-0.007439021,0.05590236,-3.942744,-0.2593878,0.9451063,1
153.0870632,0.3052037,-0.322698,1.429022,0.03755927,0.008206358,0.0278489,0.9988726,0.02753961,0.04347714,0.01381061,0.9985792,-0.02435326,-0.01066295,-0.05062702,-0.03552125,1.021243,-0.006393234,0.05970533,-3.942898,-0.2657632,0.9274719,1
153.1575074,0.3053484,-0.3234999,1.42901,0.0382149,0.008400332,0.026667,0.9988784,0.02834302,0.04359298,0.01257071,0.9985681,-0.01946648,0.005219078,-0.01886296,-0.04491039,1.013057,-0.01121346,0.06626619,-3.943161,-0.2712364,0.9221254,1
153.2273313,0.3055229,-0.3243107,1.429041,0.03876412,0.008621575,0.02573052,0.9988798,0.02916937,0.04377524,0.01127947,0.9985517,-0.04145698,-0.002111089,0.02878312,-0.03481619,1.004078,-0.01032185,0.05785665,-3.942825,-0.2657585,0.9408207,1
153.2980052,0.305699,-0.3250476,1.429033,0.03959558,0.008893478,0.02493565,0.9988651,0.02989886,0.04402008,0.0101257,0.9985318,-0.05245223,-0.006997867,-0.005424321,-0.03802638,1.006428,-0.004219551,0.05878099,-3.942862,-0.2657609,0.9646603,1
153.3680503,0.3058733,-0.3257165,1.428999,0.0400631,0.009204015,0.02376491,0.9988722,0.02989886,0.04402008,0.0101257,0.9985318,-0.0365702,-0.004554478,0.000684153,-0.03751687,1.012504,-0.00553477,0.05412913,-3.942677,-0.2639302,0.9779835,1
153.4374353,0.3060268,-0.3263741,1.428979,0.04066942,0.009444284,0.02225558,0.9988801,0.03057153,0.04428481,0.009022044,0.9985102,-0.04023528,-0.002111089,-0.02863652,-0.03849133,1.016143,-0.00853882,0.06247833,-3.943008,-0.2657703,0.9756044,1
153.5079564,0.3061794,-0.3270093,1.429026,0.04136352,0.00966349,0.02094748,0.9988778,0.03117222,0.04454373,0.007796131,0.9984905,-0.02435326,-0.0216582,-0.01641957,-0.03947283,1.017355,-0.01052482,0.05881116,-3.942864,-0.2675797,0.9634147,1
153.5772018,0.3063233,-0.3276106,1.429035,0.04175852,0.01006912,0.01904919,0.9988954,0.03167713,0.04485933,0.006186519,0.9984717,-0.05489562,-0.01432803,0.1814949,-0.04243203,1.0189,-0.009079793,0.04953763,-3.942496,-0.2657372,0.9508289,1
153.6475965,0.3064508,-0.328135,1.429018,0.04202457,0.01035732,0.01745663,0.9989104,0.03242912,0.04538938,0.003075555,0.998438,-0.02801834,-0.009441256,-0.02008465,-0.02841087,1.005063,-0.000981319,0.04117335,-3.942163,-0.2629876,0.9457629,1
153.7172268,0.3065541,-0.3285808,1.428957,0.04256001,0.0105383,0.01635313,0.9989046,0.03277918,0.04575857,0.001102504,0.998414,-0.01213631,-0.009441256,-0.07261752,-0.04441119,1.017244,-0.008077716,0.04408215,-3.942283,-0.2711796,0.9591459,1
153.7872784,0.3066586,-0.3289786,1.428943,0.04311003,0.0107179,0.01553533,0.9988921,0.03277918,0.04575857,0.001102504,0.998414,-0.01946648,-0.003332783,-0.08972124,-0.03947994,1.015179,-0.009018866,0.05347638,-3.942659,-0.2802976,0.954106,1
153.8573857,0.3067332,-0.3292592,1.428855,0.04336536,0.01081788,0.01461466,0.9988939,0.03317926,0.04597257,-0.000156498,0.9983914,-0.03290512,-0.003332783,-0.02130635,-0.04048049,1.009587,-0.008694887,0.06278009,-3.943029,-0.283959,0.9560089,1
153.9271894,0.3067899,-0.3294774,1.428822,0.04345813,0.01101127,0.01327543,0.9989064,0.03353197,0.0461512,-0.001234985,0.9983707,-0.03412681,-0.01554973,0.07032074,-0.03873001,1.019817,-0.008100884,0.05630973,-3.942773,-0.2839425,0.964264,1
153.9971635,0.3068295,-0.3296057,1.428807,0.043379,0.01124648,0.01162165,0.9989278,0.03377691,0.04631532,-0.002357248,0.9983528,-0.03290512,-0.003332783,0.08253768,-0.02987284,1.004384,-0.01621244,0.04688533,-3.942394,-0.2730056,0.955339,1
154.0678898,0.3068281,-0.3296435,1.428712,0.0432048,0.01141638,0.0101632,0.9989493,0.03378718,0.04654994,-0.004139557,0.9983358,-0.02435326,-0.0216582,0.01045771,-0.01901325,1.001373,-0.02376099,0.03855122,-3.942064,-0.2720748,0.9696234,1
154.1371307,0.3068366,-0.3296398,1.428675,0.04297199,0.01153512,0.009067113,0.9989686,0.03369834,0.04670493,-0.005794113,0.9983233,-0.02679664,-0.006997867,-0.06284396,-0.03578528,1.013673,-0.006776194,0.03486897,-3.941919,-0.2729748,0.980037,1
154.2086514,0.3068278,-0.3295823,1.4286,0.04273059,0.01170469,0.008101322,0.9989853,0.03369834,0.04670493,-0.005794113,0.9983233,-0.02313156,-0.005776173,-0.1080467,-0.0375315,1.00565,-0.00666475,0.042324,-3.942216,-0.2766315,0.9787334,1
154.2773322,0.3068151,-0.3294684,1.428492,0.04236983,0.01179804,0.007322102,0.9990056,0.03328931,0.04688981,-0.007468044,0.9983173,-0.04145698,-0.003332783,-0.09094293,-0.05328893,1.01812,-0.01032403,0.06111247,-3.942968,-0.2948675,0.9795436,1
154.3485828,0.3067965,-0.3293243,1.428421,0.04207609,0.01191027,0.006641935,0.9990214,0.03290886,0.04709428,-0.008420578,0.9983127,-0.0365702,0.003997383,0.000684153,-0.04960065,1.013929,-0.008042634,0.06759791,-3.943225,-0.2957935,0.9631082,1
154.4172694,0.3067675,-0.3291967,1.42836,0.04175184,0.01205739,0.005706122,0.999039,0.03261201,0.04717042,-0.009224759,0.9983116,-0.03412681,0.003997383,-0.0335233,-0.04961758,1.007602,-0.00647683,0.06944658,-3.943298,-0.2957982,0.9625751,1
154.4874133,0.3067291,-0.3291071,1.428284,0.04154315,0.0121563,0.004591639,0.9990522,0.03305881,0.04672285,-0.01092415,0.9983009,-0.03046173,-0.000889394,-0.02985821,-0.05008895,1.016387,-0.00758777,0.070386,-3.943336,-0.29671,0.9712979,1
154.5574568,0.3066743,-0.3290431,1.428196,0.04144188,0.01228763,0.003378936,0.9990597,0.03327616,0.04645973,-0.01275008,0.9982843,-0.0365702,-0.000889394,-0.02985821,-0.04811763,1.011864,-0.01366177,0.07693177,-3.943597,-0.3012737,0.9641699,1
154.6275921,0.3066265,-0.3290148,1.428114,0.04135178,0.01237225,0.002354049,0.9990652,0.03327616,0.04645973,-0.01275008,0.9982843,-0.01580139,0.001553995,-0.02985821,-0.05451954,1.02162,-0.006445324,0.07696195,-3.943599,-0.3030926,0.960288,1
154.6977644,0.3065683,-0.3290428,1.428052,0.04153566,0.01240544,0.001385196,0.9990591,0.03315273,0.04648056,-0.01421229,0.9982676,-0.02313156,-0.01677142,-0.02985821,-0.06240784,1.025456,-0.005291224,0.0788559,-3.943676,-0.3058257,0.9351112,1
154.7677995,0.3064838,-0.3290954,1.427926,0.04162758,0.012305,0.000706727,0.9990573,0.0331828,0.04646596,-0.01640465,0.9982336,-0.03168342,-0.005776173,-0.01764126,-0.05208674,1.007421,-0.005497229,0.07888608,-3.943678,-0.3076445,0.9177292,1
154.8375595,0.3064173,-0.3291793,1.427883,0.04165903,0.01214985,-7.29758E-05,0.999058,0.03345342,0.04611012,-0.01824098,0.9982094,-0.02679664,-0.003332783,-0.02619313,-0.05625502,1.013476,-0.01468806,0.08161382,-3.943784,-0.3049233,0.9417229,1
154.9077594,0.3063569,-0.3292645,1.427833,0.0416377,0.0119945,-0.001027136,0.9990603,0.03371992,0.04582796,-0.01977893,0.9981841,-0.04023528,-0.005776173,0.01045771,-0.05379686,1.010523,-0.01291907,0.08347757,-3.943858,-0.3058375,0.9539645,1
154.9772764,0.3063087,-0.3293676,1.427769,0.04174035,0.01193618,-0.001771876,0.9990557,0.03405391,0.04559412,-0.02100359,0.9981584,-0.03779189,-0.003332783,-0.02619313,-0.05774729,1.008626,-0.014376,0.07796174,-3.943641,-0.3076421,0.9665664,1
155.0478879,0.3062783,-0.3295089,1.427717,0.04167761,0.01180375,-0.002095205,0.9990592,0.03434399,0.04527846,-0.02137299,0.998155,-0.02557495,-0.002111089,-0.01886296,-0.05848549,1.012629,-0.008782998,0.08446227,-3.943899,-0.3094775,0.9763989,1
155.1186921,0.3062638,-0.3296862,1.427664,0.04176861,0.01184722,-0.002784122,0.9990532,0.03434399,0.04527846,-0.02137299,0.998155,-0.03046173,-0.003332783,-0.05917888,-0.0607047,1.010653,-0.01342943,0.08365862,-3.943871,-0.3167506,0.9747485,1
155.1871702,0.3062727,-0.3299245,1.427617,0.04190125,0.01198554,-0.004246943,0.9990408,0.03465724,0.04502913,-0.02138393,0.9981552,-0.04267867,0.002775689,-0.02130635,-0.06194019,1.008943,-0.01512815,0.0885368,-3.944072,-0.3322228,0.9770473,1
155.2587531,0.3062817,-0.3302514,1.427643,0.04213569,0.01232834,-0.006083829,0.9990174,0.03479024,0.04521618,-0.02298256,0.9981067,-0.04145698,0.003997383,-0.01153279,-0.06686588,1.018966,-0.004225498,0.08492999,-3.943932,-0.33767,0.9768472,1
155.3273596,0.3062797,-0.3305823,1.427616,0.04263275,0.01244748,-0.008036864,0.998981,0.0349649,0.04546406,-0.02489108,0.9980434,-0.02435326,-0.003332783,-0.0542921,-0.06218046,1.017147,-0.005416558,0.08773316,-3.944044,-0.3394959,0.9571895,1
155.3982152,0.3062573,-0.3309593,1.427643,0.04293218,0.01262269,-0.01018253,0.9989464,0.03522317,0.04567996,-0.02728211,0.9979621,-0.06344748,0.01621433,0.1350705,-0.05440595,0.958194,-0.01855551,0.07755038,-3.94364,-0.3385605,0.9500911,1
155.4672287,0.3062232,-0.3314427,1.427678,0.04331383,0.01262689,-0.012633,0.9989018,0.03522317,0.04567996,-0.02728211,0.9979621,-0.02313156,-0.002111089,-0.1007165,-0.0530643,1.010844,-0.006532068,0.07673167,-3.943611,-0.3449242,0.9659209,1
155.5381553,0.3061587,-0.3319421,1.427723,0.04388201,0.01255497,-0.01426788,0.998856,0.03636768,0.0458686,-0.03286711,0.997744,-0.03168342,-0.004554478,-0.03474499,-0.06785622,1.014262,-0.01005838,0.08238329,-3.943838,-0.3513044,0.9712386,1
155.6071917,0.3060399,-0.3324123,1.427682,0.04471825,0.01226474,-0.01463784,0.9988171,0.03636768,0.0458686,-0.03286711,0.997744,-0.0365702,-0.009441256,-0.01764126,-0.0732973,1.007247,-0.0129197,0.07967064,-3.943732,-0.354935,0.9674981,1
155.6779485,0.305916,-0.3329156,1.427785,0.04549781,0.01196883,-0.01453789,0.998787,0.03636768,0.0458686,-0.03286711,0.997744,-0.04878715,0.008884161,0.004349235,-0.06834906,1.014265,-0.01055116,0.08145896,-3.943801,-0.351302,0.9740489,1
155.7475101,0.3057576,-0.3333959,1.427789,0.04623974,0.01166016,-0.01478343,0.998753,0.03750004,0.0456746,-0.03479177,0.9976457,-0.02557495,-0.005776173,-0.02008465,-0.06785569,1.014757,-0.009574004,0.08150423,-3.943804,-0.3540303,0.965486,1
155.8173843,0.305574,-0.3338869,1.427835,0.0469096,0.01110549,-0.01523203,0.9987214,0.03972817,0.04477928,-0.03613155,0.9975525,-0.02679664,-0.008219562,0.001905847,-0.06340985,1.016371,-0.01007789,0.08342833,-3.943883,-0.3585822,0.955554,1
155.887974,0.305337,-0.3343357,1.427797,0.04731837,0.01059964,-0.01606224,0.9986945,0.04041853,0.04417726,-0.03680914,0.9975268,-0.02801834,-0.01310634,-0.01764126,-0.06439209,1.015085,-0.01596007,0.08156458,-3.943809,-0.357668,0.9474846,1
155.9577472,0.3050942,-0.3347513,1.42784,0.04769459,0.01007189,-0.01745067,0.9986588,0.04041853,0.04417726,-0.03680914,0.9975268,-0.02679664,0.001553995,-0.009089405,-0.07253632,1.014768,-0.01523822,0.08336797,-3.943878,-0.3549445,0.944752,1
156.0277136,0.3048576,-0.3351383,1.427859,0.04801852,0.009397094,-0.01860359,0.998629,0.04085532,0.04349214,-0.03810451,0.9974905,-0.03412681,-0.003332783,-0.005424321,-0.06193594,1.014159,-0.009059303,0.08521666,-3.943952,-0.3549492,0.9441653,1
156.097222,0.3046665,-0.3355312,1.427994,0.0482377,0.008845204,-0.01928744,0.9986106,0.04116083,0.04281506,-0.03972299,0.997444,-0.0365702,-0.006997867,-0.01519788,-0.0742799,1.010727,-0.01002316,0.08245873,-3.943843,-0.3558515,0.9485532,1
156.1678629,0.3045214,-0.3358921,1.428073,0.04853462,0.00835704,-0.01961391,0.9985939,0.04139652,0.04221558,-0.04071439,0.9974198,-0.03412681,0.0003323,-0.001759239,-0.06290808,1.018774,-0.01207743,0.08615607,-3.943989,-0.355861,0.9528519,1
156.2372296,0.3044233,-0.3362417,1.428119,0.04895715,0.008321716,-0.0197658,0.9985707,0.04169533,0.04171157,-0.04043614,0.9974399,-0.05367392,-0.008219562,0.1546177,-0.07671618,1.026468,-0.005586733,0.06945769,-3.943327,-0.3521807,0.9346163,1
156.3077597,0.3043752,-0.336582,1.428169,0.04930577,0.008462553,-0.01979083,0.9985518,0.04242605,0.04097003,-0.03773338,0.9975458,-0.02924003,-0.006997867,0.01045771,-0.03873375,1.022616,-0.00027685,0.05159355,-3.942611,-0.333947,0.9058074,1
156.3773416,0.3043624,-0.3369166,1.428214,0.04952132,0.00846426,-0.01981073,0.9985407,0.04242605,0.04097003,-0.03773338,0.9975458,-0.04390037,-0.005776173,-0.03963177,-0.07105678,1.020263,-0.004746024,0.05459288,-3.942736,-0.3475956,0.8990957,1
156.4475408,0.3043624,-0.3369166,1.428214,0.04952132,0.00846426,-0.01981073,0.9985407,0.0433957,0.04011933,-0.0345097,0.9976555,-0.02313156,-0.004554478,0.02633974,-0.05796241,1.024568,-0.009937,0.05281965,-3.942668,-0.3521381,0.8972682,0
156.5171683,0.3043624,-0.3369166,1.428214,0.04952132,0.00846426,-0.01981073,0.9985407,0.0433957,0.04011933,-0.0345097,0.9976555,-0.04512206,0.02354449,0.04710853,-0.04174349,0.9949023,-0.01266412,0.04153148,-3.942216,-0.340287,0.899066,0
156.5877963,0.3043322,-0.3377639,1.42839,0.05077013,0.008485373,-0.01928545,0.9984881,0.04383876,0.0401718,-0.03412898,0.9976469,-0.03412681,-0.009441256,0.01412279,-0.04269759,1.009592,-0.0114038,0.03492534,-3.941951,-0.3320856,0.9348134,1
156.6571963,0.3042908,-0.3379367,1.428415,0.05093612,0.008343766,-0.01950594,0.9984766,0.04426734,0.04024782,-0.03395753,0.9976309,-0.01702309,-0.004554478,-0.1630229,-0.04394898,1.001043,-0.01324965,0.04336506,-3.942288,-0.3393824,0.9620306,1
156.7272759,0.3042337,-0.3380548,1.428425,0.05082726,0.008206404,-0.01982883,0.9984769,0.04464632,0.04025327,-0.03405663,0.9976104,-0.004806144,-0.002111089,-0.1813483,-0.06317039,1.01344,-0.009789257,0.06674503,-3.943221,-0.3558113,0.9747401,1
156.7976323,0.3041832,-0.3380953,1.428396,0.05061514,0.008026549,-0.02002902,0.9984851,0.04477047,0.04012693,-0.0344238,0.9975973,-0.01946648,-0.01554973,-0.05673549,-0.07648392,1.01284,-0.01890654,0.07897262,-3.943711,-0.3685741,0.9692966,1
156.8672955,0.3041708,-0.3380748,1.428395,0.05022077,0.007915418,-0.02010883,0.9985044,0.0446982,0.03995819,-0.03475206,0.9975959,-0.03168342,-0.009441256,-0.01886296,-0.08120573,1.00354,-0.009936487,0.08173054,-3.94382,-0.3676718,0.9663966,1
156.9379267,0.3041938,-0.3380309,1.428408,0.04973984,0.007857855,-0.0200817,0.9985294,0.0442442,0.03966662,-0.03489293,0.9976228,-0.02313156,-0.005776173,-0.03963177,-0.06686993,1.014249,-0.009564255,0.08248891,-3.943845,-0.3576704,0.9738475,1
157.008104,0.3042574,-0.337975,1.428393,0.04946772,0.008035854,-0.0201706,0.9985397,0.04384119,0.03964218,-0.03474776,0.9976467,-0.01824478,-0.004554478,-0.01153279,-0.07599266,1.012855,-0.01718521,0.08523175,-3.943953,-0.3558586,0.9664466,1
157.0773747,0.3043641,-0.3379342,1.428434,0.04928666,0.008224682,-0.0203066,0.9985443,0.04366076,0.03896711,-0.03321539,0.9977334,-0.02190987,0.003997383,-0.02863652,-0.07352471,1.006784,-0.02839667,0.0860052,-3.943979,-0.3467667,0.9644048,1
157.147481,0.304482,-0.3378965,1.428447,0.04911221,0.008510741,-0.0204385,0.9985479,0.04362,0.03848033,-0.03208558,0.9977911,-0.02435326,0.05775194,-0.04818363,-0.07546047,1.015919,-0.04106714,0.113347,-3.945022,-0.2677194,0.9707423,1
157.2175366,0.3046064,-0.3378583,1.428418,0.0491135,0.008824033,-0.02057685,0.9985422,0.0436155,0.03807858,-0.03157258,0.997823,-0.03290512,-0.01554973,-0.05795718,-0.08566716,0.9995944,-0.001780341,0.1676533,-3.947081,-0.0868889,0.9615542,1
157.288278,0.3047154,-0.3378456,1.428413,0.04900914,0.009081536,-0.02066723,0.9985433,0.0436155,0.03807858,-0.03157258,0.997823,-0.05000884,-0.09007309,-0.02985821,-0.05851227,1.011176,0.008932858,0.2421822,-3.949882,0.212111,0.9716979,1
157.3572489,0.3048136,-0.3378288,1.428404,0.04895081,0.009308691,-0.02081165,0.9985409,0.04364989,0.03780445,-0.03186982,0.9978225,-0.02679664,0.02476619,-0.0103111,-0.09174305,1.042792,0.004954458,0.2878305,-3.951534,0.5248258,0.9535623,1
157.4277088,0.304892,-0.3378097,1.428393,0.04889898,0.00939975,-0.02100811,0.9985386,0.04349132,0.03794213,-0.03256234,0.9978018,8.06339E-05,0.03209636,-0.03596668,-0.09815742,1.017345,-0.04114346,0.2730761,-3.950814,0.8013195,0.8831708,1
157.497205,0.304948,-0.3377843,1.428361,0.04887051,0.009444728,-0.0211172,0.9985372,0.04349132,0.03794213,-0.03256234,0.9978018,0.0513918,0.0003323,-0.04696193,-0.08242598,1.013188,-0.002951547,0.2537564,-3.949942,1.018714,0.8831859,1
157.5675005,0.3050118,-0.3377672,1.428362,0.04867669,0.009459374,-0.0209911,0.9985492,0.0433214,0.03797968,-0.03315431,0.9977883,0.06360874,-0.01921481,-0.0530704,-0.08263756,1.015304,-0.02583858,0.2495389,-3.949704,1.1615,0.9070317,1
157.6373403,0.3050684,-0.3377299,1.428303,0.04861267,0.009492001,-0.02064051,0.9985593,0.04311757,0.03788362,-0.03376244,0.9977804,0.04406164,-0.003332783,-0.004202627,-0.1013677,1.00967,-0.05283725,0.2286493,-3.948834,1.250674,0.919838,1
157.7074187,0.305148,-0.3377387,1.428335,0.04862499,0.009610721,-0.02043163,0.9985619,0.04303975,0.03746611,-0.03431805,0.9977805,0.0294013,0.04675669,-0.01764126,-0.09128004,1.010791,-0.02898961,0.2022438,-3.947746,1.338044,0.9328755,1
157.7773663,0.3052253,-0.3377494,1.428336,0.04866998,0.009663354,-0.0202045,0.9985638,0.04313698,0.03708588,-0.03452205,0.9977835,0.05383519,0.04186991,-0.01153279,-0.09569757,1.015375,-0.03889713,0.163837,-3.946183,1.424534,0.9399908,1
157.8477564,0.3052972,-0.3377791,1.428375,0.04879622,0.009850195,-0.0200772,0.9985583,0.04332554,0.03674819,-0.03469151,0.9977819,0.1320236,0.02110111,-0.001759239,-0.09689923,1.011531,-0.07005655,0.1072362,-1.884006,1.51601,0.9337286,1
157.9172391,0.3053538,-0.3378084,1.428397,0.04888007,0.009909241,-0.02009189,0.9985534,0.04332554,0.03674819,-0.03469151,0.9977819,0.1479057,-0.01554973,-0.01886296,-0.0771369,1.011623,-0.08721279,0.02868652,-1.671992,1.628014,0.9324204,1
157.987499,0.305412,-0.3378391,1.428412,0.04898697,0.009929477,-0.02026062,0.9985446,0.04365481,0.03652313,-0.03520158,0.9977581,0.1918867,0.06874719,0.05688209,-0.09558234,1.032125,-0.09640134,-0.1220466,-1.362693,1.776555,0.918873,1
158.0573648,0.3054807,-0.3378994,1.42845,0.04901465,0.009895381,-0.020242,0.998544,0.04383985,0.03639821,-0.03581831,0.9977325,0.2102121,0.02110111,0.07032074,-0.09563778,1.008186,-0.09703916,-0.2849975,-0.9509036,1.855079,0.8767356,1
158.127583,0.3055388,-0.3379235,1.428479,0.04911022,0.009864785,-0.01990922,0.9985462,0.04387752,0.03635442,-0.03608702,0.9977227,0.2419761,0.01132755,0.02878312,-0.1022342,1.010841,-0.1420684,-0.3985448,-0.5935807,1.81072,0.8885301,1
158.1972622,0.3055911,-0.3379653,1.428496,0.04911154,0.009769969,-0.01957431,0.9985537,0.04387752,0.03635442,-0.03608702,0.9977227,0.2004385,0.01743602,0.01290109,-0.09237287,1.007727,-0.1412619,-0.4737591,-0.3083764,1.702624,0.8900736,1
158.2676753,0.3056237,-0.3379959,1.428484,0.04915478,0.00962647,-0.01918821,0.9985604,0.043906,0.03622211,-0.03607167,0.9977268,0.2175422,-0.03021006,0.01412279,-0.09163573,1.007245,-0.1397786,-0.5226225,-0.1052789,1.587205,0.8964799,1
158.3371689,0.3056751,-0.3380675,1.428578,0.04930481,0.00954181,-0.01883822,0.9985605,0.043906,0.03622211,-0.03607167,0.9977268,0.2370894,-0.01799312,-0.001759239,-0.07556778,0.9970601,-0.1803889,-0.5474114,0.05204863,1.48083,0.906871,1
158.4077845,0.3057122,-0.338115,1.428562,0.04951164,0.009401909,-0.0183967,0.9985599,0.0438713,0.03534599,-0.03610251,0.9977587,0.2468629,0.08585091,-0.004202627,-0.09875982,0.9987652,-0.1787501,-0.5711901,0.1683318,1.37992,0.9220628,1
158.4773655,0.3057719,-0.3382206,1.428614,0.04976057,0.009343005,-0.01810521,0.9985533,0.04399185,0.03503614,-0.03587798,0.9977725,0.2835138,0.09440277,-0.03718838,-0.09501885,0.9821999,-0.2384682,-0.5874143,0.2261458,1.28446,0.9281307,1
158.5479287,0.305851,-0.3383504,1.428672,0.05004377,0.009342838,-0.01795517,0.998542,0.04420156,0.03478457,-0.03547233,0.9977864,0.3641456,-0.03631853,0.01412279,-0.09423099,0.9981918,-0.2460699,-0.6134394,0.3243576,1.100805,0.9284323,1
158.6182445,0.3059226,-0.3384278,1.428715,0.05048104,0.00937922,-0.01782623,0.9985219,0.0445017,0.03451487,-0.03502455,0.9977984,0.2908439,-0.04731378,0.01290109,-0.08562349,0.9817939,-0.2536766,-0.6302747,0.4021556,0.8698421,0.9018744,1
158.6875063,0.3059844,-0.338551,1.428764,0.05054353,0.009371401,-0.01783193,0.9985188,0.04477841,0.03443073,-0.03485711,0.9977948,0.2822921,-0.1108419,0.01778787,-0.09250818,0.9841696,-0.2677363,-0.6398491,0.4300867,0.6597896,0.9072145,1
158.7572769,0.3060496,-0.3386438,1.428814,0.0509412,0.009390856,-0.0178091,0.9984987,0.04509727,0.03443972,-0.03481494,0.9977815,0.2248724,-0.05953073,0.02145296,-0.07765389,0.9672671,-0.3355324,-0.6491265,0.4065064,0.4452022,0.9011912,1
158.8280895,0.3061065,-0.3387221,1.42885,0.05111057,0.009312584,-0.01792342,0.9984887,0.0452841,0.03444222,-0.03484627,0.9977719,0.2407545,-0.07907785,-0.001759239,-0.08058579,0.9948234,-0.3084116,-0.647181,0.3309875,0.2360555,0.8779949,1
158.8974914,0.3061752,-0.3387887,1.428922,0.05129539,0.009247446,-0.01793286,0.9984797,0.0452841,0.03444222,-0.03484627,0.9977719,0.2456412,-0.03387515,-0.04207516,-0.09468844,0.9692221,-0.3250346,-0.6413313,0.2362648,0.07510142,0.8368076,1
158.9679059,0.3062257,-0.3388316,1.428954,0.05133795,0.009081138,-0.01758843,0.9984851,0.04552234,0.03438141,-0.03497894,0.9977584,0.2077687,-0.02410159,0.04100007,-0.08628321,0.9510753,-0.3694811,-0.6255317,0.1831653,0.02778564,0.8452582,1
159.0373131,0.3062843,-0.3388844,1.429014,0.05158976,0.009026772,-0.01721805,0.9984791,0.04563303,0.03424695,-0.03467309,0.9977686,0.250528,-0.06930429,0.03733498,-0.07862706,0.9378056,-0.3985167,-0.6092114,0.09665608,-0.04225793,0.8686911,1
159.1078908,0.3063489,-0.3389226,1.429028,0.05160868,0.008953733,-0.01684236,0.9984853,0.04574478,0.03410174,-0.03418549,0.9977854,0.3629239,-0.006997867,0.01656618,-0.06924847,0.9182881,-0.4350766,-0.5887526,-0.02245011,-0.1304918,0.8980156,1
159.177292,0.3064556,-0.3389659,1.429108,0.05179941,0.008941433,-0.01633012,0.998484,0.04583849,0.03398945,-0.03353133,0.9978071,0.2908439,0.0003323,-0.01153279,-0.08501665,0.9459183,-0.4035647,-0.5614234,-0.1857025,-0.2314638,0.9056365,1
159.2475443,0.3065953,-0.3390088,1.429206,0.0519416,0.009039279,-0.01570501,0.9984857,0.04602103,0.03389479,-0.0326183,0.9978322,0.294509,-0.02410159,0.009236012,-0.08749937,0.9308507,-0.4188365,-0.5429928,-0.2865785,-0.2578583,0.8843001,1
159.3174479,0.3067516,-0.3390493,1.429306,0.05213171,0.009151857,-0.01529423,0.9984812,0.04602103,0.03389479,-0.0326183,0.9978322,0.3433768,0.005219078,-0.004202627,-0.08723973,0.9053847,-0.474011,-0.5348853,-0.3078707,-0.2396859,0.8814645,1
159.3871878,0.3069115,-0.3390761,1.429378,0.05228622,0.009354838,-0.01509641,0.9984742,0.04636829,0.0340865,-0.03140531,0.9978485,0.3482636,0.0650821,-0.03841007,-0.08799449,0.8847591,-0.4997662,-0.5362155,-0.2906424,-0.2196801,0.8843197,1
159.4573031,0.3070525,-0.3390678,1.429456,0.05242873,0.009447616,-0.01468801,0.998472,0.04636829,0.0340865,-0.03140531,0.9978485,0.4777631,0.003997383,-0.0103111,-0.08921587,0.8758726,-0.5249546,-0.535207,-0.2496554,-0.1796797,0.894806,1
159.5274439,0.3071663,-0.3390455,1.42951,0.05243353,0.009520016,-0.01410942,0.9984794,0.04653004,0.03437122,-0.03084355,0.9978488,0.458216,-0.01432803,-0.001759239,-0.08477923,0.8582898,-0.5527071,-0.5351885,-0.1933708,-0.1396805,0.8926086,1
159.5986821,0.3072596,-0.3390045,1.429549,0.0524555,0.009532412,-0.01355559,0.9984859,0.0465548,0.03443508,-0.0302593,0.9978632,0.3531503,0.01377094,-0.009089405,-0.08084598,0.8385727,-0.5767435,-0.5378375,-0.1369838,-0.1060403,0.8925745,1
159.6672339,0.3073355,-0.3389688,1.429564,0.05242241,0.009390546,-0.01294487,0.9984969,0.04653197,0.0343548,-0.02980453,0.9978808,0.4423341,-0.05708734,0.01290109,-0.08529286,0.8194249,-0.6067072,-0.543365,-0.08047976,-0.06602689,0.8990217,1
159.737916,0.3074116,-0.3388914,1.429553,0.05231263,0.009238079,-0.01245058,0.9985105,0.04637368,0.03420495,-0.02949168,0.9979026,0.4459991,-0.04609209,0.01534449,-0.08750638,0.8038489,-0.6399117,-0.5403447,-0.031949,-0.03785563,0.8943934,1
159.807207,0.3074876,-0.3388269,1.429561,0.05209734,0.009084415,-0.01224891,0.9985256,0.04637368,0.03420495,-0.02949168,0.9979026,0.3629239,0.006440773,-0.05062702,-0.1361722,0.7728996,-0.6516271,-0.5371792,-0.01012719,-0.01149682,0.8801572,1
159.8781469,0.307553,-0.3387615,1.429533,0.05205297,0.009067219,-0.01206736,0.9985303,0.04627189,0.03399348,-0.02929615,0.9979202,0.3592588,-0.1279456,-0.1654663,-0.156987,0.7073928,-0.7013605,-0.5201935,-0.05559812,0.03485008,0.8992637,1
159.9475562,0.3076177,-0.3386709,1.429516,0.05194683,0.009035325,-0.01165458,0.998541,0.04616293,0.03388467,-0.02912653,0.997934,0.4252303,-0.1707049,0.003127541,-0.1315402,0.7107732,-0.719779,-0.5059032,-0.1620183,0.0366589,0.9316554,1
160.0172988,0.3076838,-0.3385759,1.429545,0.05165623,0.009013835,-0.01114238,0.9985621,0.04616293,0.03388467,-0.02912653,0.997934,0.3836927,0.0870726,-0.1104901,-0.08557733,0.7546848,-0.6935114,-0.4778045,-0.2804255,0.044801,0.9264751,1
160.088125,0.3077224,-0.3384694,1.429475,0.05162346,0.009043052,-0.01057705,0.9985697,0.04582286,0.03374162,-0.02794197,0.9979884,0.3018392,0.0882943,-0.09949479,-0.09876568,0.6534322,-0.7898968,-0.4647723,-0.3162246,0.04841409,0.8993315,1
160.1575781,0.3077501,-0.3383826,1.429469,0.0514953,0.008936919,-0.0100237,0.998583,0.04582286,0.03374162,-0.02794197,0.9979884,0.2431979,0.08096413,-0.06773074,-0.1017042,0.6707867,-0.7759002,-0.4599962,-0.3488382,0.04750062,0.8766831,1
160.2272306,0.3077501,-0.3383013,1.429465,0.05146716,0.008828251,-0.009550352,0.99859,0.04561058,0.03372047,-0.02800538,0.997997,0.2334243,0.02720958,-0.03107991,-0.1024206,0.6953479,-0.7502053,-0.4563165,-0.3413551,0.04657988,0.8632285,1
160.2973935,0.3077231,-0.3382314,1.429484,0.05152848,0.008607159,-0.009381984,0.9985904,0.04549394,0.03376813,-0.02833024,0.9979916,0.3201646,0.02965297,-0.02130635,-0.1135816,0.6498512,-0.7876697,-0.4741868,-0.2901016,0.05206929,0.8613722,1
160.3678476,0.3076834,-0.3381911,1.429518,0.05145758,0.008483768,-0.009440243,0.9985946,0.0455246,0.03377893,-0.02929068,0.9979622,0.4056832,-0.005776173,-0.009089405,-0.09781147,0.6352325,-0.7974964,-0.482737,-0.2430333,0.05389822,0.8646902,1
160.4372561,0.3076291,-0.3381393,1.429478,0.05150741,0.0082831,-0.009241479,0.9985956,0.045647,0.03379264,-0.03012326,0.9979313,0.4618812,0.06752549,-0.03596668,-0.1042709,0.6022717,-0.8228419,-0.5024052,-0.1859891,0.05484383,0.8734187,1
160.5073014,0.3075913,-0.3381016,1.429471,0.05158418,0.008091573,-0.008812111,0.998597,0.04592355,0.03381105,-0.03002348,0.997921,0.5046404,0.08218583,-0.1202636,-0.09889323,0.5663872,-0.8483619,-0.5139626,-0.11591,0.06485926,0.8782768,1
160.5774694,0.3075669,-0.3380928,1.429484,0.05180489,0.007906388,-0.008359178,0.9985909,0.04592355,0.03381105,-0.03002348,0.997921,0.4411123,0.04553499,-0.04207516,-0.09323087,0.5551356,-0.8587535,-0.526989,-0.06390134,0.05669511,0.879822,1
160.6475363,0.3075486,-0.3380742,1.429453,0.05199641,0.007796576,-0.007798647,0.9985865,0.04623527,0.03368122,-0.02934253,0.9979312,0.3164995,0.3155294,-0.07139582,-0.09847455,0.5190938,-0.8759415,-0.538522,-0.01003408,0.06944273,0.8788848,1
160.717501,0.3075242,-0.3380747,1.429444,0.05216267,0.007610869,-0.00727966,0.9985831,0.04660469,0.03358752,-0.02860221,0.9979387,0.2920656,-0.004554478,0.1143017,-0.06842703,0.4920307,-0.8823586,-0.5423986,0.02826592,0.07035246,0.8924955,1
160.7880116,0.3074955,-0.3380753,1.429472,0.05227581,0.007543365,-0.007031839,0.9985795,0.04683067,0.0334667,-0.02796027,0.9979504,0.1637877,-0.0888514,-0.1642446,-0.09036984,0.4945386,-0.8910504,-0.5616254,0.05285953,0.0531172,0.9185496,1
160.8573957,0.3074429,-0.3380402,1.429448,0.05236555,0.007384079,-0.007058953,0.9985757,0.04701636,0.03333125,-0.02768828,0.9979538,0.222429,-0.08396462,0.01534449,-0.09784993,0.4454344,-0.9196062,-0.5828351,0.09469917,0.03952027,0.9124529,1
160.9272377,0.3073865,-0.3379848,1.429423,0.05234552,0.007285319,-0.007102986,0.9985772,0.04708084,0.03328883,-0.02780041,0.9979491,0.2309809,-0.008219562,0.0116794,-0.09390832,0.4444223,-0.9166327,-0.5939761,0.1275615,0.03408428,0.8987311,1
160.9975134,0.3073234,-0.3379376,1.429394,0.05229082,0.007054921,-0.006948025,0.9985828,0.04708084,0.03328883,-0.02780041,0.9979491,0.3140561,-0.04853548,0.109415,-0.09594588,0.4088336,-0.9318532,-0.6015553,0.1812647,0.03136208,0.897621,1
161.0672642,0.3072515,-0.3378913,1.429329,0.05229891,0.006904684,-0.006738575,0.9985849,0.04707777,0.03314034,-0.02781153,0.9979538,0.3800276,-0.06075242,0.1375139,-0.08193813,0.3778526,-0.9441515,-0.6109913,0.2369487,0.02864414,0.9018171,1
161.1372776,0.3071831,-0.337827,1.429251,0.052287,0.006772232,-0.006462681,0.9985883,0.0470337,0.03273733,-0.02737181,0.9979813,0.322608,0.01499263,-0.005424321,-0.08883339,0.3826033,-0.9459574,-0.6267551,0.284297,0.01957881,0.9061878,1
161.2073214,0.3071265,-0.3377528,1.429213,0.05235514,0.006760241,-0.006119727,0.9985869,0.04701579,0.03242905,-0.02658316,0.9980137,0.2517497,0.03331805,-0.106825,-0.08716809,0.3574475,-0.94387,-0.6444305,0.3393511,0.01233524,0.9077436,1
161.2772089,0.3070839,-0.3376936,1.429172,0.05235864,0.0067219,-0.005648678,0.9985898,0.04701267,0.03222134,-0.02572767,0.9980428,0.3006175,0.05286516,-0.1275938,-0.1029749,0.3396432,-0.9640503,-0.6602627,0.4095889,0.00144554,0.922718,1
161.3474005,0.307061,-0.337641,1.42911,0.05236567,0.006642736,-0.005140471,0.9985927,0.04707026,0.032094,-0.02501683,0.9980623,0.2480846,-0.01188464,0.03244821,-0.08205575,0.3079908,-0.9795169,-0.6750492,0.5227181,0.02782754,0.9030513,1
161.4173193,0.3070628,-0.3375768,1.429078,0.05242099,0.006702705,-0.005036103,0.9985899,0.04707026,0.032094,-0.02501683,0.9980623,0.19433,-0.06197412,0.1753864,-0.09197512,0.2874451,-0.9785076,-0.6789831,0.5848605,0.02600324,0.8830573,1
161.4872372,0.3070605,-0.3375008,1.429026,0.05244252,0.006718898,-0.005122642,0.9985883,0.04709758,0.03203838,-0.02454332,0.9980745,0.1845565,0.005219078,0.03122651,-0.1021164,0.2701339,-0.990571,-0.6839718,0.6317918,0.0360076,0.8788666,1
161.5574511,0.3070619,-0.3374124,1.428943,0.05228094,0.006766159,-0.005208261,0.998596,0.04713268,0.03202413,-0.02444813,0.9980757,0.05505688,-0.01188464,0.004349235,-0.06483407,0.2853963,-0.9816064,-0.685742,0.645209,0.02782423,0.8670365,1
161.6273713,0.3070678,-0.3373387,1.428925,0.05221869,0.006792183,-0.005227651,0.998599,0.04695807,0.03208571,-0.02452151,0.9980801,0.134467,0.03942652,0.000684153,-0.1092987,0.2567946,-0.9940826,-0.6987537,0.676239,0.02421229,0.8679181,1
161.6974332,0.3070685,-0.3372413,1.428852,0.05220388,0.006796249,-0.005108388,0.9986002,0.04687787,0.03202324,-0.02428859,0.9980917,0.2126555,-0.02287989,-0.09460802,-0.06192606,0.2561037,-0.9937106,-0.7053251,0.707015,0.02240265,0.856922,1
161.7672802,0.3070835,-0.3371664,1.428807,0.05212086,0.006813148,-0.005100018,0.9986045,0.04687323,0.03189097,-0.02391877,0.998105,0.1650094,0.04064822,-0.04696193,-0.1044217,0.2325305,-0.9934748,-0.7173573,0.753261,0.01150922,0.8580457,1
161.8374272,0.3071196,-0.3371089,1.42874,0.05207724,0.006880916,-0.005027968,0.9986068,0.04693753,0.03173739,-0.02352411,0.9981163,0.2859571,0.01132755,-0.01886296,-0.07731614,0.2180981,-0.9917254,-0.7284076,0.796606,-0.002114195,0.8705357,1
161.9073537,0.3071656,-0.3370692,1.428719,0.05222709,0.006959684,-0.004847232,0.9985993,0.04693753,0.03173739,-0.02352411,0.9981163,0.2969524,0.01987941,-0.006646017,-0.08870322,0.1971883,-1.001037,-0.7431962,0.8496355,-0.01573044,0.8911926,1
161.9772443,0.307197,-0.3370199,1.428637,0.05230257,0.007060451,-0.004510765,0.9985963,0.04714161,0.0316411,-0.02298311,0.9981223,0.2822921,0.04186991,0.001905847,-0.0823172,0.1805936,-1.0084,-0.7596799,0.905588,-0.0393464,0.8912191,1
162.0474989,0.3072463,-0.3369975,1.428632,0.05241401,0.00709418,-0.004283711,0.9985911,0.04745738,0.03155759,-0.02229231,0.9981257,-0.013358,-0.03754023,0.004349235,-0.07198447,0.1656866,-1.011846,-0.7615612,0.9342693,-0.04480515,0.8805311,1
162.1171909,0.3072928,-0.3369716,1.428622,0.0524612,0.007326463,-0.004009882,0.9985881,0.04766444,0.03160933,-0.02173562,0.9981264,-0.03046173,-0.01554973,-0.01519788,-0.08061838,0.1698492,-1.006029,-0.765334,0.9344209,-0.04024851,0.8753474,1
162.1872805,0.3073509,-0.3369364,1.428622,0.05257987,0.007462685,-0.00359838,0.9985824,0.04786998,0.03190748,-0.02110976,0.9981205,-0.07444273,-0.01066295,-0.007867711,-0.09147228,0.1682842,-1.010948,-0.7625816,0.9285913,-0.03752593,0.8785639,1
162.2576438,0.3073998,-0.3368644,1.428588,0.05255691,0.007570257,-0.00306262,0.9985846,0.04786998,0.03190748,-0.02110976,0.9981205,-0.0585607,0.002775689,-0.009089405,-0.07714479,0.1780851,-1.005894,-0.762557,0.9228684,-0.03752455,0.8732558,1
162.3271632,0.3074627,-0.3367792,1.428557,0.05253838,0.007673566,-0.002702905,0.9985858,0.04794561,0.03205263,-0.02052577,0.9981244,8.06339E-05,-0.006997867,-0.006646017,-0.08405915,0.176283,-1.004902,-0.7616257,0.9247384,-0.03843681,0.877968,1
162.3974834,0.3075225,-0.3366825,1.428499,0.05252292,0.007748959,-0.002482428,0.9985865,0.04794276,0.03219169,-0.02003584,0.99813,-0.09765492,0.003997383,0.006792624,-0.07618491,0.1643332,-1.009871,-0.7625802,0.9247771,-0.03661559,0.8829226,1
162.4674924,0.3075907,-0.3366002,1.428459,0.05238258,0.007830276,-0.002244574,0.9985939,0.04782226,0.03227572,-0.01983341,0.9981371,-0.145301,0.005219078,0.004349235,-0.08552365,0.1816479,-1.00744,-0.7542779,0.9072856,-0.03117616,0.8802616,1
162.5371889,0.3076484,-0.336536,1.42844,0.05240225,0.007917235,-0.001843105,0.998593,0.04768512,0.03222159,-0.01981854,0.9981458,-0.1807301,-0.03265345,-0.004202627,-0.07491369,0.184941,-1.001563,-0.7506932,0.8947511,-0.02117888,0.8786825,1
162.6072289,0.3077088,-0.3364878,1.428462,0.05239229,0.007995705,-0.00161723,0.9985933,0.04778825,0.03216217,-0.01985634,0.998142,-0.1917254,-0.005776173,-0.002980933,-0.09412499,0.1987287,-1.003284,-0.7423074,0.8648579,-0.01755534,0.8867157,1
162.6776857,0.3077512,-0.3364687,1.428438,0.05254977,0.008000493,-0.001211196,0.9985855,0.04778825,0.03216217,-0.01985634,0.998142,0.05505688,0.01254924,-0.01153279,-0.08893685,0.2068212,-0.9938032,-0.7451532,0.8573443,-0.01118038,0.8862852,1
162.74726,0.3077973,-0.3364939,1.428453,0.05285531,0.007924027,-0.000858123,0.9985704,0.04810368,0.03212918,-0.01987708,0.9981275,0.04161825,0.0003323,-0.01397618,-0.08477525,0.1875566,-1.0031,-0.7478725,0.8765211,-0.01936276,0.8980538,1
162.8175049,0.3078362,-0.3365359,1.42846,0.05322715,0.007912818,-0.000371533,0.9985511,0.0485771,0.03205982,-0.01984413,0.9981074,0.146684,-0.01921481,-0.01519788,-0.08674131,0.1910172,-1.002909,-0.7487705,0.8879981,-0.02391031,0.8970181,1
162.887344,0.3078573,-0.3365898,1.428465,0.05369332,0.007869043,0.000257261,0.9985265,0.04915511,0.03206706,-0.01959893,0.9980838,0.0953728,0.006440773,-0.007867711,-0.06553859,0.1805018,-1.008603,-0.7589022,0.9150969,-0.03298503,0.8913834,1
162.9573507,0.3078608,-0.3366765,1.428518,0.05417134,0.007805738,0.00091669,0.9985008,0.04982784,0.03214918,-0.01924647,0.9980546,-0.08910306,0.005219078,-0.007867711,-0.1028362,0.1646597,-1.006992,-0.7644166,0.9219888,-0.03661017,0.8840582,1
163.0271381,0.3078405,-0.3367567,1.428519,0.05451377,0.007653019,0.001406705,0.9984828,0.05045008,0.03207,-0.01882382,0.998034,0.003745716,-0.02532328,-0.001759239,-0.07048557,0.1764776,-1.006591,-0.7598197,0.91704,-0.03389254,0.8822725,1
163.0976861,0.3078277,-0.3368261,1.428543,0.05482442,0.00760976,0.001346814,0.9984662,0.05091893,0.03193352,-0.01849891,0.9980206,-0.008471228,0.01010586,-0.01519788,-0.07936484,0.1786245,-1.005415,-0.7598402,0.9218091,-0.03389369,0.8844575,1
163.1676025,0.3078402,-0.3368795,1.428586,0.05504559,0.007516263,0.00129424,0.9984547,0.05091893,0.03193352,-0.01849891,0.9980206,-0.04878715,-0.002111089,-0.01153279,-0.0848056,0.1716057,-1.008522,-0.763432,0.921948,-0.04025026,0.8850911,1
163.2372727,0.3078603,-0.3369193,1.428605,0.05521445,0.007541605,0.001427535,0.998445,0.05131718,0.03186838,-0.01857334,0.9980009,0.01229758,-0.003332783,-0.002980933,-0.08184772,0.1703264,-1.008497,-0.7662062,0.925872,-0.04115352,0.8807991,1
163.3080186,0.3079056,-0.3369424,1.428649,0.05542967,0.007600876,0.001710202,0.9984322,0.05151884,0.03184452,-0.01832053,0.997996,0.03428808,-0.01799312,-0.006646017,-0.07938573,0.1670788,-1.010164,-0.7653078,0.9353726,-0.0420676,0.8777897,1
163.3773639,0.307971,-0.3369594,1.428691,0.05562213,0.007651877,0.002010601,0.9984205,0.05151884,0.03184452,-0.01832053,0.997996,0.05261349,-0.01432803,0.001905847,-0.0724742,0.1704167,-1.006263,-0.7672456,0.9421266,-0.03842674,0.8767,1
163.4477648,0.3080133,-0.3369626,1.428741,0.05583115,0.007699694,0.00234786,0.9984078,0.05172691,0.03184414,-0.01786586,0.9979934,-0.006027838,0.01132755,0.001905847,-0.07892588,0.154664,-1.006789,-0.7708809,0.9594321,-0.0466063,0.8849497,1
163.5173233,0.3080316,-0.3369655,1.428775,0.05595255,0.007709853,0.002696518,0.9984001,0.05195706,0.03187153,-0.01742049,0.9979886,-0.02679664,-0.01066295,-0.009089405,-0.07817779,0.1575684,-1.007566,-0.7708356,0.959429,-0.04933459,0.8939999,1
163.5876024,0.3080307,-0.3369867,1.428817,0.05613752,0.007686137,0.00283783,0.9983895,0.05227201,0.03198559,-0.01701981,0.9979753,-0.05245223,-0.01677142,-0.009089405,-0.07002015,0.1629974,-1.009345,-0.7698798,0.9555761,-0.05024548,0.8959826,1
163.657404,0.3080254,-0.3369986,1.428863,0.05625633,0.007614161,0.00276853,0.9983835,0.05227201,0.03198559,-0.01701981,0.9979753,-0.04267867,0.0003323,-0.004202627,-0.08704644,0.1631048,-1.008405,-0.770822,0.9527533,-0.04842357,0.8918693,1
163.7286115,0.3080199,-0.3369962,1.428909,0.05649593,0.007531241,0.002695294,0.9983708,0.05255586,0.03204618,-0.01714475,0.9979563,0.04528333,-0.006997867,-0.004202627,-0.07199568,0.1620529,-1.009828,-0.7736046,0.9585849,-0.04932727,0.8876967,1
163.7976618,0.3080364,-0.3370047,1.428963,0.05662556,0.007320807,0.002810745,0.9983647,0.0530788,0.03198595,-0.01764627,0.9979218,0.03428808,0.005219078,-0.006646017,-0.08437774,0.145013,-1.006172,-0.7790969,0.9778714,-0.05750255,0.8882952,1
163.8673139,0.3080547,-0.3370008,1.428969,0.05680066,0.007312939,0.002836509,0.9983548,0.0530788,0.03198595,-0.01764627,0.9979218,0.04772671,-0.006997867,-0.006646017,-0.0814097,0.1433687,-1.014497,-0.7827529,0.9894571,-0.06295244,0.8952316,1
163.937301,0.3080967,-0.3369845,1.429002,0.05699423,0.007355683,0.003033392,0.9983429,0.0536699,0.03199524,-0.01691771,0.9979025,-0.09887662,0.01499263,0.006792624,-0.07326322,0.1464168,-1.012063,-0.7827173,0.984687,-0.06386073,0.8861853,1
164.0074452,0.3081352,-0.3369839,1.429055,0.05719723,0.007390243,0.003279661,0.9983302,0.0536699,0.03199524,-0.01691771,0.9979025,-0.07688612,-0.008219562,-0.01153279,-0.08090015,0.1552092,-1.005573,-0.7791421,0.9778745,-0.05477426,0.8859626,1
164.077236,0.3081666,-0.3369712,1.429101,0.05731413,0.007469724,0.003563951,0.998322,0.05387343,0.0320335,-0.01651441,0.9978971,0.00985419,-0.008219562,0.000684153,-0.08018089,0.145404,-1.00715,-0.7790982,0.9816855,-0.05841291,0.8970382,1
164.1475985,0.3081908,-0.3369598,1.429131,0.05752873,0.007568112,0.0038495,0.9983078,0.05387343,0.0320335,-0.01651441,0.9978971,-0.009692922,0.0003323,-0.01764126,-0.07819888,0.1455238,-1.013045,-0.7809208,0.9827104,-0.06022727,0.901697,1
164.2171838,0.3082128,-0.3369293,1.429176,0.05770322,0.007594963,0.004041581,0.9982968,0.05400679,0.03209968,-0.01604198,0.9978955,-0.006027838,-0.01188464,-0.004202627,-0.07621894,0.1494264,-1.010639,-0.7800006,0.9836276,-0.06022987,0.8929868,1
164.2878886,0.3082277,-0.3368828,1.429245,0.05774909,0.007494271,0.004278744,0.9982939,0.05417353,0.03214353,-0.01573181,0.9978899,-0.0365702,0.01010586,-0.002980933,-0.07598567,0.1445601,-1.009094,-0.7799497,0.9893453,-0.0647784,0.8911293,1
164.3690342,0.3082248,-0.3368407,1.429269,0.05783616,0.007351132,0.004400842,0.9982893,0.05439366,0.0321319,-0.01540518,0.9978834,0.03795316,-0.003332783,0.003127541,-0.07894003,0.148557,-1.006947,-0.781845,0.9932358,-0.06295572,0.8967978,1
164.4274485,0.3082057,-0.3367881,1.429292,0.05789809,0.007173056,0.004519857,0.9982865,0.05446864,0.03205052,-0.01528912,0.9978838,-0.006027838,0.01010586,-0.009089405,-0.07154662,0.1424905,-1.011019,-0.781934,0.9999167,-0.0593196,0.9023286,1
164.4972818,0.3081739,-0.3367364,1.429351,0.05804284,0.007013208,0.004628561,0.9982787,0.05450594,0.03191722,-0.01537123,0.9978848,0.0501701,0.002775689,-0.01153279,-0.08290803,0.1358297,-1.014391,-0.7881943,1.014461,-0.07567627,0.8982099,1
164.5678859,0.3081239,-0.3366991,1.429413,0.0581021,0.006751362,0.004819718,0.9982762,0.05447455,0.03189049,-0.01580319,0.9978805,0.03673147,0.0003323,-0.001759239,-0.07305273,0.130026,-1.013792,-0.790959,1.023152,-0.07839953,0.8887655,1
164.6373332,0.3080489,-0.3366613,1.429451,0.05820047,0.006535495,0.005027285,0.9982709,0.05448741,0.03188868,-0.01600734,0.9978766,-0.05245223,0.008884161,-0.007867711,-0.07279658,0.1331737,-1.015311,-0.7947303,1.029978,-0.07566337,0.8853136,1
164.7080849,0.3079686,-0.3366554,1.429494,0.05844938,0.006319235,0.005300566,0.9982564,0.05475217,0.03189679,-0.01591187,0.9978635,-0.1233105,0.001553995,0.004349235,-0.07848407,0.1336795,-1.00501,-0.7919986,1.018429,-0.07021111,0.8863034,1
164.7774068,0.307914,-0.336643,1.429559,0.05870122,0.006150569,0.005342802,0.9982424,0.05507362,0.03194084,-0.01570946,0.9978477,-0.07077765,0.002775689,-0.007867711,-0.08389706,0.1368756,-1.010968,-0.7919315,1.009843,-0.07202792,0.903212,1
164.8482543,0.3078781,-0.3366342,1.429632,0.05901311,0.005995323,0.005256174,0.9982255,0.05507362,0.03194084,-0.01570946,0.9978477,-0.07444273,0.01132755,-0.002980933,-0.06858559,0.1426796,-1.010769,-0.7919439,1.002215,-0.06929778,0.9026781,1
164.9172239,0.3078472,-0.3365924,1.429685,0.05922347,0.005882907,0.005439431,0.9982126,0.05557531,0.03191897,-0.01563031,0.9978217,-0.1233105,-0.03387515,-0.006646017,-0.07374821,0.1510937,-1.010165,-0.7909855,0.9907338,-0.06838798,0.8997671,1
164.9877911,0.3078122,-0.3365536,1.429696,0.05946286,0.005783924,0.005884002,0.9981965,0.05557531,0.03191897,-0.01563031,0.9978217,-0.05611731,0.005219078,-0.01764126,-0.08042078,0.1458332,-1.01158,-0.7873074,0.9810537,-0.06475741,0.895532,1
165.0572499,0.3077555,-0.3365033,1.42973,0.05973258,0.005562725,0.006564708,0.9981773,0.05557531,0.03191897,-0.01563031,0.9978217,0.003745716,0.008884161,0.005570929,-0.07572389,0.147895,-1.014548,-0.7862788,0.9848238,-0.07203616,0.8884056,1
165.1274468,0.3076718,-0.336428,1.429763,0.05981086,0.005315817,0.007258212,0.9981692,0.05611114,0.03172344,-0.01492039,0.9978088,-0.1049851,0.008884161,0.006792624,-0.0695544,0.1495137,-1.012344,-0.7900668,0.9744877,-0.06383927,0.879095,1
165.1975333,0.307574,-0.3363665,1.429822,0.06002152,0.005015227,0.007854967,0.9981537,0.05629622,0.03157346,-0.01420943,0.9978135,-0.05245223,-0.03387515,-0.006646017,-0.07176836,0.152491,-1.012147,-0.782712,0.9694302,-0.06021933,0.8774513,1
165.267423,0.3074565,-0.3363069,1.429836,0.06007202,0.004599135,0.008404338,0.9981481,0.05649592,0.03124708,-0.01357487,0.9978213,-0.04390037,-0.02532328,-0.01153279,-0.0784322,0.1551532,-1.006058,-0.7818193,0.962721,-0.05658236,0.8799753,1
165.3374411,0.3073407,-0.3362459,1.429846,0.06031557,0.004177315,0.008942379,0.9981306,0.05662684,0.03062769,-0.01399592,0.9978274,-0.05978239,0.008884161,0.005570929,-0.07941177,0.1575964,-1.007324,-0.7790065,0.9673762,-0.06022834,0.8914231,1
165.4079959,0.3072424,-0.3361834,1.429865,0.0605929,0.003757308,0.008919409,0.9981157,0.05692974,0.03023111,-0.01399731,0.9978222,0.08682095,-0.01432803,-0.006646017,-0.07052903,0.1584183,-1.005839,-0.7818097,0.9674881,-0.05840237,0.8977861,1
165.4778096,0.3071508,-0.3361268,1.429893,0.06087126,0.003377047,0.008963757,0.9980997,0.05734174,0.02984264,-0.01403224,0.9978098,-0.007249534,0.003997383,-0.0103111,-0.07053623,0.153737,-1.008721,-0.787265,0.9781901,-0.06657559,0.9036251,1
165.5475364,0.3070929,-0.3360643,1.429935,0.06122592,0.003228319,0.008856884,0.9980795,0.05770382,0.02941506,-0.0138675,0.9978039,-0.04390037,-0.01432803,0.000684153,-0.08189522,0.1460463,-1.015765,-0.7864023,0.9819717,-0.06385057,0.8989333,1
165.6188767,0.3070976,-0.3359861,1.42999,0.06136889,0.003299223,0.008644501,0.9980723,0.05770382,0.02941506,-0.0138675,0.9978039,-0.02557495,-0.000889394,-0.000537541,-0.07523527,0.1514488,-1.004522,-0.7844247,0.9799827,-0.07113031,0.887439,1
165.6871865,0.3071539,-0.3358626,1.430029,0.0614954,0.003516453,0.008665662,0.9980636,0.05797423,0.02927335,-0.01388617,0.9977921,-0.04023528,-0.009441256,-0.01153279,-0.06783903,0.1468544,-1.008124,-0.7872732,0.9800977,-0.06657605,0.9002106,1
165.758477,0.3072629,-0.3357475,1.430105,0.06156577,0.003863872,0.008931561,0.9980557,0.05811547,0.02945808,-0.01375203,0.9977803,-0.001141062,-0.004554478,0.006792624,-0.07276843,0.1476455,-1.010851,-0.7844836,0.9866614,-0.06931304,0.9052806,1
165.8275539,0.307395,-0.3356358,1.43017,0.06171168,0.004201142,0.00910087,0.9980437,0.05820849,0.0298868,-0.01313004,0.9977704,-0.04634375,-0.01310634,-0.007867711,-0.07771,0.1433096,-1.013504,-0.7937818,0.9927522,-0.06747189,0.8985493,1
165.8985067,0.3075468,-0.335526,1.430254,0.06180752,0.004513103,0.008987599,0.9980375,0.05831993,0.03028367,-0.01005323,0.9977878,0.03062299,-0.005776173,0.03122651,-0.0784553,0.1436324,-1.009086,-0.7836113,0.9952103,-0.06840806,0.8907543,1
165.9671861,0.3076743,-0.3353837,1.430263,0.06205853,0.004794537,0.008738014,0.9980228,0.05849456,0.03050943,-0.009891111,0.9977723,-0.013358,0.002775689,-0.007867711,-0.07279079,0.1386229,-1.009983,-0.7882535,1.000162,-0.06839737,0.8947748,1
166.0395263,0.3077996,-0.3352755,1.430282,0.06226617,0.004897477,0.008737314,0.9980094,0.05849456,0.03050943,-0.009891111,0.9977723,-0.03779189,-0.005776173,0.006792624,-0.07820036,0.1420312,-1.018156,-0.7854859,1.004821,-0.06931503,0.8939188,1
166.1073291,0.307929,-0.3351592,1.430261,0.0625294,0.005034258,0.008774825,0.9979918,0.05881635,0.03057764,-0.01021134,0.997748,-0.02801834,0.01010586,-0.004202627,-0.06512971,0.1453499,-1.007112,-0.7928588,0.9965299,-0.06838462,0.8810781,1
166.1782716,0.3081099,-0.3350537,1.430316,0.06279572,0.005278792,0.008806016,0.9979736,0.05924038,0.0306028,-0.01000847,0.9977242,-0.006027838,-0.004554478,0.000684153,-0.08537455,0.1381256,-1.01099,-0.7881986,1.004926,-0.07294566,0.8918781,1
166.2474749,0.3082992,-0.3349053,1.430321,0.06316203,0.005753107,0.009053309,0.9979457,0.05961182,0.03082719,-0.009656064,0.9976988,-0.05367392,-0.01677142,-0.002980933,-0.07278832,0.1388458,-1.011461,-0.7900418,1.000231,-0.07203037,0.8940303,1
166.3172284,0.3085006,-0.3347881,1.430338,0.06358045,0.006305782,0.009246207,0.997914,0.06021013,0.03105544,-0.008361579,0.9976674,-0.02313156,0.007662467,-0.005424321,-0.07450765,0.1407976,-1.013951,-0.7891394,0.9982892,-0.0702134,0.8923056,1
166.3873893,0.3087087,-0.3346722,1.430389,0.06393325,0.00681357,0.00931463,0.9978875,0.06085417,0.03130293,-0.00716143,0.9976299,-0.04512206,0.005219078,0.008014318,-0.07180507,0.1368624,-1.012167,-0.7873181,1.001078,-0.06930938,0.8868316,1
166.4585687,0.3088878,-0.3345684,1.43045,0.06440804,0.007367867,0.00911714,0.9978548,0.06085417,0.03130293,-0.00716143,0.9976299,0.00985419,-0.01310634,0.09231123,-0.07673949,0.1344513,-1.016814,-0.781927,1.012312,-0.06296031,0.8849675,1
166.5271916,0.3090348,-0.3345076,1.430524,0.06480599,0.007671173,0.009232092,0.9978257,0.06182363,0.03206301,-0.007391284,0.9975445,-0.07810781,-0.01677142,-0.001759239,-0.06339213,0.1464512,-1.013022,-0.7772876,1.0045,-0.06206087,0.8768556,1
166.5973859,0.3091548,-0.3344432,1.430637,0.06541234,0.007769624,0.009649889,0.9977815,0.06255079,0.0325344,-0.008674054,0.9974735,-0.07077765,-0.01432803,-0.002980933,-0.07376157,0.1442257,-1.012278,-0.7810974,1.002747,-0.05477548,0.8769261,1
166.6675833,0.3092452,-0.3343813,1.430729,0.06608094,0.007742057,0.010353,0.9977306,0.06343702,0.03285291,-0.009823199,0.9973965,-0.04878715,-0.003332783,-0.007867711,-0.07055617,0.1466924,-1.006162,-0.7764278,0.9949323,-0.05569492,0.8828777,1
166.7373766,0.3093243,-0.3343525,1.430817,0.06694664,0.007645024,0.01127759,0.9976636,0.06446457,0.03311156,-0.01030717,0.9973171,-0.08299459,-0.01310634,0.006792624,-0.07448903,0.1496115,-1.012358,-0.7727594,0.9909739,-0.05297516,0.8951707,1
166.8078195,0.3093749,-0.3342815,1.430914,0.0679135,0.007574809,0.01274292,0.9975811,0.0654633,0.03326971,-0.01017775,0.9972482,-0.013358,0.003997383,-0.004202627,-0.07992727,0.1470761,-1.009385,-0.7754953,0.9929882,-0.05569683,0.8916383,1
166.8776437,0.3094178,-0.3342108,1.431047,0.06887005,0.007362659,0.01469271,0.9974902,0.06639079,0.0331977,-0.008899901,0.9972015,-0.02435326,0.01254924,0.006792624,-0.07722075,0.1423446,-1.012014,-0.7801938,0.9969905,-0.05204818,0.8917134,1
166.9472238,0.3094149,-0.3341396,1.431144,0.06994537,0.007164345,0.01628574,0.9973922,0.06639079,0.0331977,-0.008899901,0.9972015,-0.03168342,-0.006997867,-0.0103111,-0.07671439,0.1469522,-1.013554,-0.7746079,1.001536,-0.05570126,0.8880044,1
167.0173867,0.3093314,-0.3340731,1.431151,0.07095256,0.006822218,0.01804736,0.9972931,0.06789827,0.03315989,-0.007826314,0.9971102,-0.08299459,-0.01066295,-0.007867711,-0.07202177,0.1513178,-1.009181,-0.7801733,0.9922214,-0.05204704,0.8829578,1
167.0891627,0.3092221,-0.3340023,1.431231,0.07199179,0.006354124,0.01948969,0.9971946,0.06910739,0.03287439,-0.007034278,0.9970425,-0.06466917,0.01377094,-0.01275449,-0.08090699,0.1472652,-1.014552,-0.7783493,0.9873822,-0.04932231,0.8845625,1
167.157637,0.3090748,-0.333933,1.43136,0.07309149,0.005823894,0.02092079,0.9970888,0.07046121,0.03248788,-0.00666416,0.9969629,-0.01213631,-0.003332783,-0.01886296,-0.07449413,0.1469118,-1.013302,-0.7755942,0.9844132,-0.04750986,0.8767207,1
167.2280676,0.3088824,-0.3338757,1.431441,0.07424764,0.005066013,0.02222656,0.9969792,0.07180024,0.031944,-0.00593165,0.9968897,0.03550977,-0.01066295,-0.005424321,-0.07424324,0.1496173,-1.01162,-0.7755666,0.9920396,-0.05114943,0.8744529,1
167.2975154,0.3086608,-0.3338255,1.431632,0.07546113,0.004225397,0.02360033,0.9968605,0.07180024,0.031944,-0.00593165,0.9968897,0.05383519,-0.01677142,-0.009089405,-0.07969373,0.1409535,-1.010279,-0.7828226,1.005672,-0.06295634,0.8781567,1
167.3680665,0.3083535,-0.333739,1.431711,0.07687778,0.003231535,0.02524026,0.9967158,0.07311923,0.03152167,-0.005942221,0.9968072,0.002524022,-0.02287989,-0.005424321,-0.07156514,0.134678,-1.010906,-0.7791581,1.013156,-0.06296764,0.8860813,1
167.4372734,0.3080019,-0.3336181,1.431793,0.07813102,0.002142266,0.02703757,0.9965742,0.07446577,0.03065557,-0.004554667,0.9967418,0.02573622,-0.000889394,-0.002980933,-0.08366159,0.1289765,-1.016506,-0.7865458,1.025844,-0.06658942,0.8897736,1
167.5084564,0.3076153,-0.3334833,1.431761,0.07921672,0.000871012,0.02883755,0.9964399,0.07648592,0.02897302,-0.002043598,0.9966474,-0.04267867,-0.01554973,-0.01153279,-0.0755173,0.1305455,-1.015034,-0.7837892,1.02955,-0.06659743,0.8808858,1
167.5772665,0.3072365,-0.3333671,1.431796,0.08055653,-0.000482953,0.03032618,0.9962885,0.07648592,0.02897302,-0.002043598,0.9966474,-0.02924003,0.005219078,-0.006646017,-0.07822303,0.1360201,-1.011679,-0.7837988,1.024783,-0.06477742,0.8788283,1
167.6472298,0.3069514,-0.3331762,1.431979,0.08164515,-0.001400169,0.0293583,0.996228,0.07780766,0.02762085,-0.000434793,0.9965855,-0.05611731,-0.003332783,-0.0103111,-0.07477206,0.1349857,-1.010918,-0.7846999,1.022911,-0.06568402,0.8845471,1
167.7173728,0.3067524,-0.3329196,1.432057,0.08238863,-0.002051492,0.02763771,0.9962149,0.07908925,0.02604547,0.000430179,0.9965271,-0.05245223,-0.005776173,-0.0103111,-0.07156198,0.1361464,-1.010682,-0.7829267,1.022843,-0.06114159,0.8916281,1
167.7871341,0.3066176,-0.3326125,1.432025,0.08307029,-0.002517637,0.02741244,0.9961634,0.08013026,0.02490064,-0.000257737,0.9964733,-0.02801834,-0.005776173,-0.005424321,-0.07551342,0.1315043,-1.016277,-0.786639,1.02299,-0.0602227,0.8935519,1
167.857454,0.3065469,-0.3322619,1.432004,0.0837115,-0.002594213,0.02844904,0.9960805,0.08089957,0.02440904,-0.00125702,0.9964224,-0.013358,0.01377094,-0.0103111,-0.07895744,0.1369722,-1.014398,-0.7847341,1.023867,-0.06386539,0.883904,1
167.9273548,0.3065748,-0.3319069,1.432076,0.0845333,-0.002538206,0.02927808,0.9959872,0.08158833,0.02422611,-3.70443E-05,0.9963715,-0.06711256,-0.01432803,-0.002980933,-0.07008612,0.1336615,-1.011625,-0.7828773,1.021886,-0.06386967,0.8803526,1
167.9975138,0.3066616,-0.3315401,1.43208,0.08527683,-0.002128419,0.02891265,0.9959355,0.08251391,0.02431315,0.002346073,0.9962905,-0.05123053,-0.009441256,-0.005424321,-0.08118654,0.1371121,-1.00777,-0.7764153,1.013049,-0.06115587,0.8887702,1
168.0671678,0.306811,-0.3311853,1.43211,0.08599446,-0.00156625,0.02834821,0.995891,0.08391956,0.02503298,0.005413375,0.9961433,-0.04512206,0.002775689,-0.02130635,-0.0791856,0.1460423,-1.012318,-0.7792432,1.008394,-0.05660047,0.8974025,1
168.137402,0.3069667,-0.3308058,1.432083,0.08676878,-0.001018918,0.02849157,0.9958205,0.08391956,0.02503298,0.005413375,0.9961433,0.003745716,-0.008219562,-0.007867711,-0.07451197,0.1403448,-1.011487,-0.7819572,1.012314,-0.06114144,0.8923921,1
168.2072152,0.3071114,-0.330426,1.432048,0.08752125,-0.00068817,0.02933702,0.9957303,0.08472113,0.02563477,0.006005522,0.9960566,0.006189108,-0.002111089,0.01045771,-0.07329141,0.1337001,-1.013354,-0.7838399,1.023832,-0.06204889,0.8907263,1
168.277206,0.3072322,-0.3300034,1.432003,0.0884411,-0.000376956,0.03049944,0.9956143,0.08556876,0.02603954,0.007130723,0.9959664,-0.06833426,-0.005776173,0.008014318,-0.07648708,0.1373903,-1.015873,-0.7819736,1.016129,-0.06114236,0.8867967,1
168.3474669,0.3072746,-0.3295348,1.431895,0.08923829,-0.000390155,0.03176603,0.9955036,0.08648837,0.02629341,0.008385722,0.9958704,-0.01824478,-0.01188464,-0.001759239,-0.07674906,0.1350604,-1.008467,-0.7810575,1.018,-0.06114518,0.8819132,1
168.4171619,0.3072602,-0.3290553,1.431808,0.08999091,-0.000668901,0.03273169,0.9954044,0.08740122,0.02649072,0.009580358,0.9957747,-0.03779189,0.001553995,-0.009089405,-0.0725527,0.1332008,-1.013099,-0.7847617,1.01624,-0.06022583,0.8918673,1
168.4876854,0.3071936,-0.3285216,1.431703,0.09034228,-0.001050586,0.03331384,0.9953529,0.08816308,0.02621853,0.01053648,0.9957051,-0.04390037,-0.006997867,0.000684153,-0.07747863,0.1369607,-1.013166,-0.7810534,1.017047,-0.06114495,0.8915827,1
168.5575297,0.3071067,-0.3279702,1.431702,0.09061869,-0.001507611,0.03334736,0.995326,0.08887614,0.02576978,0.01085909,0.9956499,-0.08788136,0.008884161,-0.005424321,-0.07377188,0.1408326,-1.010509,-0.7801114,1.009381,-0.06023606,0.8889835,1
168.6280346,0.3069828,-0.3273982,1.431615,0.09146702,-0.001797283,0.03210711,0.9952888,0.08887614,0.02576978,0.01085909,0.9956499,0.0294013,0.0003323,0.009236012,-0.08093303,0.1392867,-1.00903,-0.7819654,1.014222,-0.0611419,0.8930306,1
168.6972597,0.3067915,-0.3268355,1.431471,0.0921081,-0.002406427,0.03136495,0.995252,0.0889833,0.02495402,0.008018898,0.9956883,-0.01824478,-0.01799312,-0.0103111,-0.07008349,0.1361384,-1.009203,-0.7856886,1.023905,-0.06204415,0.8996102,1
168.7682235,0.3064941,-0.3262461,1.431241,0.09281947,-0.003553258,0.03224069,0.9951545,0.08896723,0.02417456,0.005107495,0.9957279,0.01474097,-0.003332783,-0.002980933,-0.07921985,0.1291326,-1.016498,-0.7819502,1.02471,-0.06478215,0.9017737,1
168.8377765,0.3061341,-0.3256957,1.431104,0.09334643,-0.004838477,0.03360093,0.9950548,0.09046254,0.02312999,0.002373196,0.9956284,-0.03168342,-0.01554973,-0.007867711,-0.07478527,0.1273641,-1.014495,-0.7838206,1.033366,-0.06568892,0.8897374,1
168.9077765,0.3057855,-0.325222,1.431058,0.09447827,-0.006354466,0.03457119,0.9949062,0.09157716,0.02183115,0.002474314,0.9955555,-0.07810781,-0.003332783,-0.005424321,-0.07156561,0.1324275,-1.01456,-0.7828799,1.029514,-0.06569036,0.8849406,1
168.9775383,0.3053748,-0.3248056,1.430955,0.09586933,-0.007769999,0.03483902,0.9947537,0.0927152,0.02015709,0.002995103,0.995484,-0.05245223,-0.01310634,-0.002980933,-0.07452354,0.135462,-1.011416,-0.783829,1.024785,-0.06295856,0.8839545,1
169.0472986,0.3049739,-0.3244739,1.43098,0.09777468,-0.00925923,0.03460319,0.9945638,0.0927152,0.02015709,0.002995103,0.995484,-0.03168342,-0.008219562,-0.007867711,-0.07946148,0.1318373,-1.015554,-0.784719,1.023866,-0.06477482,0.8861653,1
169.1174062,0.3045768,-0.3242592,1.431008,0.09980246,-0.01093737,0.03487542,0.9943358,0.09419701,0.01846908,0.002943343,0.9953778,0.03184469,0.003997383,0.01045771,-0.07354024,0.1317235,-1.015292,-0.7819323,1.027569,-0.06660171,0.8802956,1
169.187385,0.3042145,-0.3240432,1.430872,0.1018045,-0.01226535,0.03503337,0.9941118,0.09718162,0.01592793,0.003183751,0.995134,-0.0353485,0.006440773,-0.005424321,-0.06860168,0.1353411,-1.011646,-0.786543,1.028705,-0.06749954,0.8788581,1
169.2572872,0.3039109,-0.3238738,1.430824,0.1042393,-0.01337671,0.03509846,0.9938427,0.1007902,0.01444592,0.005012754,0.9947901,-0.05489562,-0.008219562,-0.0103111,-0.07823976,0.1271848,-1.014747,-0.7866142,1.027756,-0.06295215,0.8843114,1
169.3272356,0.3036912,-0.3237416,1.430881,0.1069027,-0.01453121,0.03566517,0.9935234,0.1051711,0.01308087,0.009767685,0.99432,-0.02924003,-0.003332783,-0.01275449,-0.07797625,0.1357639,-1.012167,-0.7801207,1.025591,-0.06387769,0.8839777,1
169.397408,0.3035324,-0.3235874,1.430835,0.1097217,-0.01534365,0.03657001,0.9931709,0.1089219,0.01169781,0.01421152,0.9938797,-0.02557495,0.007662467,-0.001759239,-0.07058031,0.1326769,-1.012841,-0.7810683,1.027537,-0.06296635,0.8859162,1
169.4672533,0.303478,-0.3234665,1.43097,0.1125581,-0.01606148,0.03746537,0.9928088,0.1089219,0.01169781,0.01421152,0.9938797,-0.03412681,-0.01432803,-0.0103111,-0.07133124,0.1298045,-1.009852,-0.7819583,1.026617,-0.0647826,0.8903687,1
169.5382398,0.3034742,-0.3233241,1.430962,0.1154736,-0.01663176,0.03806628,0.9924415,0.1127519,0.0102144,0.01992836,0.9933708,-0.07688612,-0.01188464,-0.004202627,-0.07428344,0.1310199,-1.014301,-0.7810546,1.020861,-0.0620553,0.8972356,1
169.6074019,0.3035455,-0.3231942,1.430956,0.118621,-0.01685111,0.03797582,0.9920701,0.1164521,0.008846194,0.0243271,0.9928589,-0.05123053,-0.008219562,-0.005424321,-0.0762424,0.1381605,-1.012934,-0.7819997,1.015178,-0.05932327,0.8922949,1
169.6772511,0.3037149,-0.3230504,1.430947,0.1215492,-0.01674194,0.03758816,0.9917321,0.1164521,0.008846194,0.0243271,0.9928589,0.002524022,0.007662467,-0.004202627,-0.07847214,0.1337957,-1.01386,-0.7801194,1.021777,-0.06296734,0.8875482,1
169.7473505,0.3039589,-0.3228983,1.430947,0.124616,-0.01665648,0.03732515,0.9913628,0.1246355,0.007811773,0.02643642,0.9918195,-0.05733901,-0.008219562,-0.001759239,-0.07254065,0.1388302,-1.012197,-0.7791868,1.019833,-0.06296925,0.8847836,1
169.8182799,0.3042347,-0.3227482,1.430956,0.1277661,-0.01665012,0.037388,0.9909595,0.1246355,0.007811773,0.02643642,0.9918195,-0.02679664,0.001553995,-0.01397618,-0.07476585,0.1369211,-1.012175,-0.7810204,1.019905,-0.06387395,0.8861613,1
169.887172,0.3044824,-0.3225463,1.430926,0.1309555,-0.01677549,0.03776858,0.9905265,0.1280549,0.007629483,0.02724594,0.9913634,-0.01824478,-0.006997867,-0.002980933,-0.07205776,0.1351796,-1.010669,-0.7810986,1.01705,-0.05841666,0.8890683,1
169.9577446,0.3047074,-0.3222861,1.430922,0.1341912,-0.0169307,0.03841425,0.9900659,0.1316228,0.007665067,0.02752189,0.9908881,0.004967414,0.005219078,0.001905847,-0.07428449,0.1315331,-1.012588,-0.7801921,1.024643,-0.05933029,0.8939912,1
170.0274154,0.3049346,-0.3219966,1.430958,0.1376121,-0.01732939,0.03866677,0.9895794,0.1316228,0.007665067,0.02752189,0.9908881,-0.007249534,-0.006997867,-0.02008465,-0.07945211,0.1337371,-1.019268,-0.7828868,1.027608,-0.06478047,0.8896121,1
170.0974085,0.3051207,-0.3216456,1.43089,0.1407658,-0.01766029,0.03821335,0.9891475,0.1352367,0.007502668,0.02795624,0.9903904,-0.06222578,-0.009441256,-0.006646017,-0.0722997,0.1363839,-1.012161,-0.7837495,1.023826,-0.06750549,0.87504,1
170.1671794,0.3052776,-0.3212304,1.430795,0.1436153,-0.01822789,0.03822935,0.988727,0.1385842,0.007153476,0.02804661,0.9899275,-0.02435326,-0.004554478,0.003127541,-0.07823003,0.1333416,-1.011149,-0.7782789,1.023612,-0.06297253,0.8797522,1
170.2379216,0.3053856,-0.3207444,1.430619,0.146388,-0.01918893,0.0388252,0.9882789,0.1436808,0.006469101,0.02764852,0.9892167,0.03306638,-0.01677142,0.004349235,-0.07058662,0.1282362,-1.015972,-0.7838165,1.032412,-0.06568868,0.8856735,1
170.3071706,0.3054445,-0.3202333,1.43048,0.1494199,-0.02043069,0.0392839,0.9877819,0.1468797,0.005520805,0.02765673,0.9887522,-0.013358,-0.004554478,-0.0103111,-0.07552131,0.1285852,-1.015498,-0.7856638,1.03916,-0.06750443,0.8816836,1
170.377642,0.3054371,-0.3197293,1.4303,0.152373,-0.02178498,0.03891179,0.9873164,0.1501643,0.004115569,0.02682317,0.9882885,-0.03046173,-0.003332783,-0.01886296,-0.07281431,0.1276082,-1.01179,-0.7883846,1.041173,-0.07113552,0.8804234,1
170.4475725,0.3054,-0.3192933,1.430142,0.1555641,-0.02281328,0.03767694,0.9868433,0.1501643,0.004115569,0.02682317,0.9882885,-0.04145698,-0.002111089,-0.006646017,-0.07430585,0.1222487,-1.012946,-0.786599,1.038244,-0.0665924,0.8881418,1
170.5172097,0.3053589,-0.3189151,1.430028,0.1590401,-0.02405668,0.03609027,0.9863189,0.1537747,0.002258614,0.02522286,0.9877813,-0.02557495,0.0003323,-0.01153279,-0.07625934,0.1303302,-1.01405,-0.7828977,1.037144,-0.06660163,0.891643,1
170.5872308,0.3052597,-0.3184871,1.429828,0.1630144,-0.02534218,0.03503592,0.9856758,0.1573125,0.000607342,0.02372802,0.9872634,-0.02801834,-0.01799312,-0.0103111,-0.07922006,0.1301376,-1.014546,-0.7856692,1.043928,-0.06841502,0.8879823,1
170.6580776,0.3051134,-0.3180578,1.429595,0.1670471,-0.0267492,0.03411619,0.9849954,0.1671502,-0.003613343,0.0165852,0.9857852,-0.004806144,-0.005776173,-0.007867711,-0.07281815,0.1248942,-1.013717,-0.7929569,1.040399,-0.07385176,0.8845792,1
170.727284,0.304989,-0.317645,1.429526,0.1712922,-0.02824735,0.03199146,0.9842955,0.1720724,-0.005451952,0.01457335,0.9849614,-0.001141062,0.0003323,-0.001759239,-0.08022981,0.1218919,-1.011972,-0.7883407,1.044984,-0.07477418,0.8875812,1
170.7973472,0.3048134,-0.3171399,1.429339,0.1754104,-0.02951906,0.02902154,0.9836247,0.1720724,-0.005451952,0.01457335,0.9849614,-0.04878715,-0.008219562,-0.001759239,-0.0723258,0.1241449,-1.014197,-0.7874725,1.043998,-0.07113858,0.8923898,1
170.8686265,0.3046665,-0.3166083,1.429258,0.1794354,-0.03058519,0.02543736,0.9829651,0.1787166,-0.007530358,0.009855164,0.9838224,-0.08910306,0.0003323,0.003127541,-0.07776666,0.1191326,-1.013646,-0.7856638,1.03916,-0.06750443,0.8921294,1
170.9374094,0.3045129,-0.3160182,1.429011,0.183705,-0.03118724,0.02094301,0.9822633,0.1831862,-0.00855731,0.005513223,0.9830255,-0.09643323,0.0003323,0.000684153,-0.07799204,0.1299259,-1.010608,-0.78562,1.032482,-0.06841227,0.8937856,1
171.0089149,0.3044358,-0.31551,1.428947,0.1878705,-0.03166134,0.01638453,0.9815467,0.188281,-0.00939347,0.00094958,0.9820697,-0.08299459,-0.002111089,-0.004202627,-0.08044866,0.1331131,-1.013117,-0.7829349,1.02475,-0.06114205,0.8968274,1
171.0773429,0.3043459,-0.314971,1.428751,0.1923324,-0.0317527,0.01118585,0.9807522,0.188281,-0.00939347,0.00094958,0.9820697,-0.09643323,0.001553995,-0.007867711,-0.07499459,0.1442431,-1.012773,-0.7782845,1.017891,-0.06115228,0.8920645,1
171.1484149,0.3043047,-0.3144905,1.428715,0.1973066,-0.03186245,0.006021104,0.9798055,0.193326,-0.009962022,-0.003721446,0.9810769,-0.0585607,-0.006997867,-0.005424321,-0.0759832,0.1447829,-1.010571,-0.7783285,1.003591,-0.05478282,0.8875546,1
171.2177796,0.3042379,-0.3140277,1.428568,0.2022579,-0.03202746,0.001501884,0.9788073,0.1980519,-0.01008839,-0.009266226,0.9800958,-0.03779189,-0.01066295,-0.007867711,-0.07105353,0.1442395,-1.007602,-0.779209,1.007439,-0.0584191,0.8912364,1
171.2883266,0.304235,-0.3136322,1.428638,0.2076343,-0.03222366,-0.002761412,0.9776718,0.2035119,-0.01025746,-0.01426907,0.9789146,-0.006027838,-0.000889394,-0.0103111,-0.07795957,0.1433465,-1.011293,-0.7811289,1.006563,-0.05386697,0.8991714,1
171.3572799,0.3042251,-0.3132161,1.428651,0.2132479,-0.03260117,-0.005895704,0.9764362,0.2134267,-0.01072636,-0.01770227,0.9767398,-0.02190987,-0.01066295,-0.01519788,-0.08067498,0.142413,-1.012023,-0.7745351,1.009159,-0.06206911,0.8958237,1
171.4272836,0.3042765,-0.3128122,1.428858,0.2191458,-0.03301082,-0.00863707,0.9750953,0.2134267,-0.01072636,-0.01770227,0.9767398,-0.0353485,0.0003323,-0.01275449,-0.07524953,0.1413325,-1.011749,-0.7783421,1.010267,-0.05569386,0.8908036,1
171.4974502,0.3042632,-0.312373,1.428838,0.2251483,-0.03344239,-0.01073804,0.9736912,0.2203925,-0.01127985,-0.01956063,0.9751498,-0.04390037,-0.008219562,-0.01397618,-0.07377987,0.1369122,-1.011435,-0.7783462,1.01122,-0.05569408,0.8900734,1
171.5672314,0.3042626,-0.3119457,1.428921,0.23096,-0.03439529,-0.01165457,0.9722853,0.2273759,-0.01188448,-0.02157129,0.9734955,-0.08177289,0.0003323,-0.004202627,-0.07993132,0.1438632,-1.012042,-0.7746038,1.000582,-0.05570103,0.8910283,1
171.6378492,0.3041936,-0.3113796,1.428893,0.2367013,-0.03575678,-0.01121823,0.9708595,0.2337871,-0.01245723,-0.02365852,0.97192,-0.1037634,-0.01799312,0.006792624,-0.07400125,0.1481618,-1.010615,-0.7700165,0.9908663,-0.0511634,0.8883957,1
171.7073744,0.3041005,-0.3106876,1.428681,0.2423421,-0.03795961,-0.008709363,0.9694089,0.2403559,-0.01396914,-0.0233622,0.970303,-0.07322104,-0.004554478,-0.001759239,-0.07152563,0.1550376,-1.004564,-0.7728308,0.9795365,-0.04569694,0.8919302,1
171.7777358,0.3040979,-0.3099861,1.428561,0.2473376,-0.03985892,-0.006605546,0.9680867,0.2467213,-0.01625502,-0.02112435,0.9687198,-0.0145797,0.0003323,-0.0103111,-0.08239116,0.1473372,-1.011607,-0.7747453,0.9843819,-0.04296506,0.901676,1
171.8471929,0.3041803,-0.3091694,1.428292,0.2524984,-0.04113546,-0.005724559,0.9667056,0.2528296,-0.01865531,-0.01835508,0.9671567,-0.008471228,-0.01066295,-0.009089405,-0.07916939,0.1528782,-1.012416,-0.7709848,0.9870917,-0.04752238,0.8940867,1
171.917874,0.304386,-0.3083639,1.428135,0.2574215,-0.04156376,-0.006742691,0.9653813,0.2528296,-0.01865531,-0.01835508,0.9671567,-0.006027838,-0.003332783,0.005570929,-0.07819452,0.1472292,-1.013316,-0.772821,0.9947923,-0.05024778,0.8837503,1
171.987403,0.3046495,-0.3075333,1.427878,0.2620543,-0.04114434,-0.009162801,0.9641321,0.2611546,-0.02006271,-0.01815545,0.9649175,0.004967414,-0.01066295,0.009236012,-0.07919133,0.1433496,-1.012771,-0.7727771,0.9986034,-0.05388643,0.8779612,1
172.0578697,0.3049253,-0.3066993,1.427596,0.2670213,-0.04024195,-0.0119355,0.9627762,0.2677484,-0.02022823,-0.01866299,0.9630957,-0.001141062,-0.000889394,0.004349235,-0.07992311,0.1467787,-1.013067,-0.774682,0.997727,-0.05024374,0.8763937,1
172.1274213,0.305178,-0.3059333,1.427436,0.2722675,-0.04009353,-0.01263193,0.961303,0.2732666,-0.01945518,-0.02126287,0.9615064,-0.013358,0.0003323,0.001905847,-0.07993174,0.1413614,-1.016184,-0.773748,1.002457,-0.05206612,0.8727261,1
172.197535,0.3053507,-0.3051829,1.427239,0.2775688,-0.04135934,-0.01032323,0.9597597,0.2791161,-0.01966446,-0.02165414,0.9598116,-0.04390037,0.007662467,-0.007867711,-0.07105405,0.1422402,-1.010768,-0.7737398,1.00055,-0.05206567,0.868891,1
172.2672769,0.3054226,-0.3043906,1.426944,0.2830516,-0.04425544,-0.004508969,0.9580725,0.2866352,-0.02270325,-0.01871855,0.9575878,-0.05000884,-0.008219562,0.001905847,-0.08240242,0.1424508,-1.011782,-0.7727771,0.9986034,-0.05388643,0.877319,1
172.3377362,0.3054632,-0.3035267,1.426645,0.2886056,-0.04735648,0.001006666,0.9562758,0.2928901,-0.02584277,-0.01255186,0.9557143,-0.04145698,0.001553995,-0.01153279,-0.07375973,0.1459596,-1.010583,-0.7719035,1.003338,-0.05207109,0.8815397,1
172.407435,0.305524,-0.3026452,1.42632,0.2936691,-0.04932848,0.003430376,0.9546274,0.2991245,-0.02936705,-0.006674364,0.9537386,-0.04512206,0.002775689,-0.0103111,-0.07820956,0.1423855,-1.010542,-0.7737728,0.9976914,-0.04933666,0.8861298,1
172.4778398,0.3056129,-0.3017643,1.42602,0.2984869,-0.05029301,0.004193306,0.9530786,0.2991245,-0.02936705,-0.006674364,0.9537386,-0.0145797,0.003997383,0.003127541,-0.0796889,0.1434056,-1.009578,-0.7681664,0.9974678,-0.0529886,0.8902578,1
172.5478657,0.3057005,-0.3008523,1.42572,0.303234,-0.05060847,0.003638631,0.9515644,0.3074033,-0.0313779,-0.005214881,0.9510475,-0.0145797,-0.01677142,0.009236012,-0.07104763,0.1446745,-1.011295,-0.7710052,1.00235,-0.05025435,0.8934361,1
172.6177397,0.3057682,-0.2999607,1.425354,0.3076618,-0.050956,0.002275627,0.9501277,0.3148769,-0.03366835,-0.007311653,0.9485069,-0.0145797,-0.008219562,0.006792624,-0.0745246,0.1359752,-1.009703,-0.7710366,1.006166,-0.04934583,0.8944084,1
172.6879751,0.3058141,-0.2991104,1.425029,0.3125662,-0.05173296,0.002105957,0.9484839,0.322622,-0.03603951,-0.01006889,0.9457879,-0.05245223,-0.006997867,-0.006646017,-0.07944181,0.1446498,-1.007629,-0.7728661,1.005284,-0.0502503,0.9002572,1
172.7575195,0.3058223,-0.2982482,1.424635,0.3178115,-0.05295488,0.00280328,0.9466698,0.3299893,-0.03865319,-0.01109114,0.9431276,-0.02801834,-0.003332783,-0.009089405,-0.07548853,0.1435062,-1.013747,-0.7701397,1.008992,-0.04843946,0.902289,1
172.8274167,0.3058394,-0.2974295,1.424246,0.3227997,-0.05450071,0.003957848,0.9448885,0.3299893,-0.03865319,-0.01109114,0.9431276,-0.002362756,-0.01554973,0.001905847,-0.07499922,0.1437939,-1.010063,-0.7664918,1.009803,-0.04572085,0.8936405,1
172.8973859,0.3058971,-0.2966317,1.423865,0.328088,-0.05584145,0.004833322,0.9429829,0.3362149,-0.04058259,-0.01008151,0.9408564,-0.03901359,-0.004554478,-0.01397618,-0.07400756,0.145225,-1.011064,-0.7692566,1.008005,-0.04571329,0.8934321,1
172.9676361,0.3059776,-0.2958747,1.423464,0.3331439,-0.05719084,0.006131378,0.94112,0.3436666,-0.04310352,-0.00813321,0.9380667,-0.01824478,-0.01066295,-0.000537541,-0.07723486,0.1374902,-1.009978,-0.7682458,1.008916,-0.05117249,0.8937631,1
173.0373424,0.3061063,-0.2951247,1.42313,0.3376499,-0.05817181,0.007474733,0.9394428,0.352261,-0.04525715,-0.005613625,0.93479,-0.01580139,-0.005776173,-0.005424321,-0.0782266,0.1335538,-1.013364,-0.773763,1.012947,-0.05388751,0.8957936,1
173.1073904,0.3062513,-0.2943785,1.422705,0.3425362,-0.05890668,0.00831869,0.9376192,0.352261,-0.04525715,-0.005613625,0.93479,-0.1049851,-0.02287989,-0.002980933,-0.06958356,0.1398156,-1.007535,-0.7682951,1.009873,-0.04844442,0.894932,1
173.177529,0.3064353,-0.293751,1.422428,0.3471873,-0.05936978,0.008361784,0.9358774,0.3589374,-0.04677483,-0.002782028,0.9321847,-0.06711256,-0.000889394,-0.001759239,-0.08608812,0.1508747,-1.008472,-0.7655154,1.001181,-0.04663059,0.9029953,1
173.2472826,0.3066217,-0.2931706,1.422047,0.3526787,-0.05972208,0.007946979,0.9338029,0.3645067,-0.0475899,-0.001976967,0.9299818,0.01962775,0.0003323,-0.001759239,-0.06809369,0.1411836,-1.01222,-0.7683378,1.002247,-0.04389542,0.9012221,1
173.3172387,0.3068325,-0.2926853,1.421789,0.3582845,-0.06049962,0.007976505,0.9316161,0.3702246,-0.04795067,-0.002342347,0.9277009,0.05994366,-0.003332783,0.008014318,-0.08537707,0.138154,-1.009024,-0.7729443,1.012918,-0.04752384,0.8977541,1
173.3875182,0.307049,-0.2922391,1.421565,0.3639549,-0.06127854,0.00821891,0.9293624,0.3765946,-0.04867536,-0.002576519,0.9250948,0.01229758,0.003997383,0.0116794,-0.06909593,0.1346078,-1.012374,-0.7701587,1.020436,-0.05026107,0.8993596,1
173.457365,0.3072899,-0.2918693,1.421284,0.3695471,-0.06213598,0.008519635,0.927093,0.3765946,-0.04867536,-0.002576519,0.9250948,0.01718435,-0.02287989,0.008014318,-0.07230801,0.1294591,-1.018206,-0.7701806,1.029019,-0.05117257,0.894439,1
173.5273305,0.3075665,-0.2915927,1.421128,0.3750933,-0.0626276,0.008363395,0.9248313,0.3831456,-0.0498093,-0.002089858,0.9223416,-0.002362756,-0.01432803,0.003127541,-0.08341412,0.1314698,-1.012609,-0.7710513,1.037634,-0.05662888,0.8820358,1
173.5976712,0.307836,-0.291303,1.420852,0.3808246,-0.06278551,0.007338307,0.9224841,0.4026867,-0.05271045,-0.001825497,0.9138171,-0.001141062,-0.008219562,0.001905847,-0.08342437,0.1263216,-1.01401,-0.7747239,1.042546,-0.05934885,0.8817885,1
173.6673581,0.3080767,-0.2909778,1.420541,0.3864159,-0.06317662,0.006940802,0.9201322,0.4026867,-0.05271045,-0.001825497,0.9138171,-0.002362756,0.001553995,-0.01764126,-0.07108619,0.1273121,-1.013011,-0.7683002,1.046107,-0.05754746,0.8832395,1
173.7378276,0.3083274,-0.2906301,1.420258,0.3917808,-0.06393305,0.007016527,0.9178078,0.4092093,-0.05297358,-0.002870031,0.9108969,-0.04023528,0.0003323,-0.000537541,-0.07825081,0.1227974,-1.014192,-0.7756194,1.046395,-0.06207569,0.886942,1
173.8074891,0.3085699,-0.2902886,1.419859,0.3967156,-0.06459979,0.007153961,0.9156377,0.415498,-0.05385185,-0.002731409,0.9079943,0.02084944,-0.002111089,0.003127541,-0.07874627,0.123331,-1.011743,-0.7747225,1.04922,-0.06116931,0.888822,1
173.8773469,0.3088299,-0.2899227,1.419467,0.4017482,-0.06485934,0.006503874,0.9134272,0.4216463,-0.05456178,-0.002939206,0.9051126,0.01596266,-0.02287989,0.05443871,-0.07604512,0.115652,-1.015558,-0.7711168,1.063384,-0.05936336,0.8927754,1
173.947313,0.3090965,-0.2895692,1.419096,0.4069361,-0.06476248,0.004817331,0.9111453,0.4293356,-0.05613543,-0.004503518,0.9013874,-0.1025417,0.01254924,0.02878312,-0.07332945,0.1168331,-1.014585,-0.7647288,1.061226,-0.05392286,0.8908406,1
174.0174888,0.309325,-0.2892915,1.418783,0.4118818,-0.06463806,0.003357451,0.9089357,0.4374269,-0.0574786,-0.006732706,0.8973897,-0.07077765,0.002775689,0.03489159,-0.07997877,0.1238437,-1.011754,-0.7647659,1.059322,-0.05119411,0.8916849,1
174.0878006,0.3094893,-0.2890382,1.418416,0.4172504,-0.06529601,0.002862044,0.9064384,0.4449605,-0.05876389,-0.00907338,0.8935739,-0.1257539,-0.003332783,0.0116794,-0.07305515,0.129552,-1.012802,-0.7620794,1.047776,-0.04301356,0.8951437,1
174.1572562,0.3096021,-0.2888315,1.418126,0.422318,-0.06668758,0.003548821,0.9039844,0.4449605,-0.05876389,-0.00907338,0.8935739,-0.006027838,-0.008219562,-0.009089405,-0.08416231,0.129068,-1.010856,-0.7629695,1.046856,-0.04482983,0.8957941,1
174.2274392,0.3096615,-0.2886492,1.417811,0.4275788,-0.06815728,0.004006912,0.9013962,0.457359,-0.06389225,-0.01157818,0.8869084,-0.03290512,0.002775689,-0.002980933,-0.07107167,0.1346683,-1.010905,-0.7592982,1.045758,-0.0430202,0.8982247,1
174.2971533,0.3096435,-0.2884515,1.417391,0.4329033,-0.0696116,0.003339941,0.8987424,0.457359,-0.06389225,-0.01157818,0.8869084,-0.00358445,0.003997383,-0.002980933,-0.07600861,0.1307816,-1.016268,-0.7648126,1.05265,-0.04664533,0.897369,1
174.368374,0.3095749,-0.2882871,1.416981,0.4380001,-0.07064032,0.001706238,0.8961937,0.4649376,-0.06747004,-0.01505306,0.8826403,-0.06466917,-0.01188464,-0.01153279,-0.07922606,0.1287012,-1.012559,-0.7657602,1.054595,-0.04573399,0.8879812,1
174.4376441,0.3094447,-0.2881811,1.416562,0.4424942,-0.07145325,-0.000909353,0.8939199,0.4765543,-0.07115267,-0.02037939,0.8760239,-0.06466917,-0.008219562,-0.007867711,-0.07503346,0.1268842,-1.014243,-0.7583862,1.048583,-0.04302325,0.8876575,1
174.5084854,0.3092746,-0.2880729,1.416025,0.4472144,-0.07127892,-0.005494835,0.8915651,0.4844935,-0.07308212,-0.02768473,0.871297,-0.06833426,0.01010586,-0.001759239,-0.08043951,0.1345139,-1.017561,-0.7575114,1.039015,-0.03756672,0.8838295,1
174.577176,0.3091644,-0.2880405,1.415693,0.4524741,-0.07058755,-0.01079512,0.888914,0.4844935,-0.07308212,-0.02768473,0.871297,-0.02313156,0.003997383,-0.01397618,-0.07328684,0.1344006,-1.015576,-0.7630067,1.034463,-0.03937025,0.8725715,1
174.6490995,0.3091025,-0.2880616,1.415347,0.4583058,-0.06854798,-0.01779428,0.8859687,0.4905399,-0.07209162,-0.03381126,0.8677731,0.04039655,-0.008219562,-0.002980933,-0.07057548,0.1366329,-1.009457,-0.7602391,1.039121,-0.04028793,0.8732257,1
174.7171477,0.3091395,-0.2881956,1.415172,0.4639207,-0.06563541,-0.02597766,0.8830599,0.4905399,-0.07209162,-0.03381126,0.8677731,-0.0585607,-0.008219562,0.003127541,-0.06563821,0.1299885,-1.023112,-0.7621426,1.044919,-0.0384657,0.8800788,1
174.7880498,0.309242,-0.2884108,1.415279,0.4699864,-0.0634188,-0.03276744,0.8797825,0.5116302,-0.06402054,-0.05159821,0.8552621,-0.02801834,0.0223228,0.006792624,-0.08811048,0.1268956,-1.014521,-0.7565856,1.045653,-0.03938957,0.8644137,1
174.8575235,0.3093539,-0.2886237,1.415329,0.4757515,-0.06222947,-0.03735549,0.8765801,0.5116302,-0.06402054,-0.05159821,0.8552621,-0.04634375,-0.02776667,-0.0103111,-0.06516791,0.1247249,-1.014925,-0.7547601,1.047488,-0.03848532,0.8664519,1
174.9282335,0.3095063,-0.2888786,1.415411,0.481883,-0.0618077,-0.03977118,0.8731477,0.5245799,-0.05976246,-0.0527237,0.8476228,-0.04023528,-0.02410159,-0.0103111,-0.08687492,0.1283538,-1.01331,-0.7565938,1.04756,-0.03939002,0.8741249,1
174.9973468,0.3097185,-0.2891657,1.415569,0.4880231,-0.06247357,-0.03997569,0.8696738,0.5359842,-0.05714536,-0.0502136,0.8407936,0.08804263,0.006440773,-0.002980933,-0.0792219,0.1299077,-1.01356,-0.7594366,1.053396,-0.03665601,0.8782853,1
175.0675288,0.3099964,-0.2894312,1.415768,0.4936253,-0.06369501,-0.03903778,0.8664601,0.5453632,-0.05652884,-0.04531915,0.8350626,0.05994366,-0.008219562,0.1216319,-0.06960191,0.1282415,-1.014249,-0.7493551,1.073024,-0.03668685,0.880941,1
175.1375845,0.3103486,-0.2896463,1.41592,0.4987429,-0.06481721,-0.03765446,0.8635024,0.5522119,-0.05792814,-0.04390566,0.830529,-0.03901359,-0.01799312,0.001905847,-0.07284114,0.1128709,-1.017722,-0.7403393,1.086977,-0.02671019,0.8818503,1
175.207301,0.3107343,-0.2898442,1.41602,0.5044028,-0.06534818,-0.03700605,0.8601965,0.5590376,-0.05849573,-0.0425385,0.8259816,-0.07077765,-0.01677142,-0.01153279,-0.07332192,0.120007,-1.014631,-0.7421907,1.08419,-0.02579534,0.8794789,1
175.2786026,0.3110841,-0.2900465,1.416079,0.5097439,-0.06576987,-0.03649271,0.8570321,0.5590376,-0.05849573,-0.0425385,0.8259816,-0.09398983,-0.01799312,-0.01397618,-0.08024397,0.1172888,-1.009448,-0.740334,1.07172,-0.02306879,0.8844628,1
175.3485418,0.3113798,-0.2902013,1.416072,0.515366,-0.06617228,-0.03593231,0.8536557,0.5687477,-0.05842001,-0.04222814,0.8193472,-0.03046173,-0.006997867,-0.007867711,-0.07182128,0.1270186,-1.017432,-0.7421826,1.071793,-0.02306405,0.8947387,1
175.4172202,0.3116465,-0.290323,1.416079,0.5204795,-0.06682125,-0.03533575,0.8505219,0.5751236,-0.05921967,-0.0412199,0.8148782,0.01229758,0.0003323,0.000684153,-0.07873139,0.1274245,-1.015735,-0.7403846,1.076491,-0.02125107,0.8852092,1
175.487811,0.3119001,-0.2904122,1.415905,0.5251811,-0.06716505,-0.03531163,0.8476006,0.5811657,-0.06016508,-0.0403434,0.8105547,-0.01580139,0.006440773,-0.01275449,-0.07875722,0.1184411,-1.012164,-0.7458704,1.076706,-0.02487461,0.8812232,1
175.5584239,0.3121615,-0.2904531,1.415594,0.5294241,-0.06746294,-0.03542343,0.8449284,0.5866628,-0.06054743,-0.04036591,0.806555,-0.0585607,-0.006997867,0.004349235,-0.07700774,0.1259255,-1.015709,-0.7430479,1.07564,-0.02760977,0.8869457,1
175.627105,0.3124529,-0.2904486,1.415252,0.5335947,-0.0674315,-0.03566075,0.8422934,0.5917983,-0.06039891,-0.04084143,0.8027818,-0.07444273,-0.005776173,-0.01397618,-0.06912376,0.1216364,-1.014399,-0.7421716,1.072746,-0.02397372,0.8844459,1
175.6984213,0.3126925,-0.2903999,1.414808,0.537731,-0.06671016,-0.03622257,0.8396924,0.596361,-0.0596371,-0.04143597,0.7994246,-0.02924003,-0.01799312,-0.01519788,-0.08095207,0.127971,-1.014765,-0.7421388,1.065115,-0.02397189,0.8849931,1
175.767173,0.312892,-0.2903524,1.414444,0.5415912,-0.066565,-0.03612737,0.8372235,0.6029066,-0.05943148,-0.04156001,0.7945088,-0.04756545,0.007662467,-0.01153279,-0.07082684,0.1316768,-1.014794,-0.7412941,1.066038,-0.01942731,0.8821926,1
175.838308,0.3130144,-0.2902802,1.414026,0.5452903,-0.06647257,-0.036117,0.8348267,0.6029066,-0.05943148,-0.04156001,0.7945088,-0.05733901,-0.006997867,-0.0103111,-0.07651044,0.1286296,-1.01378,-0.7403615,1.064094,-0.01942922,0.8804533,1
175.9079,0.31303,-0.2901447,1.413517,0.5488883,-0.06709759,-0.03530508,0.8324501,0.6073035,-0.05980312,-0.04126802,0.7911403,-0.001141062,-0.01799312,0.001905847,-0.07304905,0.1334938,-1.010401,-0.7412132,1.061265,-0.0230639,0.8826304,1
175.9779414,0.3129408,-0.2899675,1.412942,0.5524653,-0.0682889,-0.03395051,0.8300398,0.6115483,-0.06072021,-0.04043747,0.7878364,-0.04512206,0.008884161,-0.006646017,-0.07650848,0.1313649,-1.010379,-0.7412378,1.066988,-0.02306527,0.8919868,1
176.0473062,0.3127806,-0.2897484,1.412316,0.5560932,-0.06926356,-0.03278957,0.8275795,0.6156918,-0.06172441,-0.03944021,0.784575,0.006189108,0.0003323,-0.0103111,-0.08294749,0.1227385,-1.007813,-0.7431509,1.068019,-0.01942304,0.9010378,1
176.1181818,0.3124971,-0.2894965,1.411554,0.5591625,-0.07004651,-0.0321264,0.8254688,0.6156918,-0.06172441,-0.03944021,0.784575,-0.013358,-0.01310634,0.003127541,-0.07183296,0.1256462,-1.011022,-0.7413008,1.07462,-0.02124824,0.9113854,1
176.1874094,0.3121051,-0.2892067,1.410761,0.5622722,-0.07102352,-0.03162789,0.8232894,0.6193692,-0.06295967,-0.03844897,0.781626,-0.0353485,-0.01188464,-0.01275449,-0.0774921,0.1290913,-1.016984,-0.7375691,1.073518,-0.02307635,0.9084164,1
176.2588935,0.3116218,-0.2888725,1.409849,0.5655978,-0.07072265,-0.03281746,0.8209875,0.6226188,-0.06448413,-0.03766834,0.7789535,-0.01580139,-0.01066295,-0.01519788,-0.07183422,0.1241564,-1.012721,-0.7421606,1.073699,-0.02488339,0.8939219,1
176.3275849,0.3110522,-0.2885196,1.409006,0.5680541,-0.0705424,-0.0343164,0.819244,0.6258332,-0.0655008,-0.03823829,0.7762603,-0.02924003,0.001553995,-0.009089405,-0.07996398,0.1284397,-1.014769,-0.7412844,1.070805,-0.02124733,0.8921124,1
176.3972091,0.3104411,-0.2882341,1.408467,0.5727308,-0.07027803,-0.03596563,0.8159332,0.6305777,-0.06580155,-0.04129144,0.7722284,0.00985419,-0.02287989,-0.01764126,-0.0738107,0.1232226,-1.012467,-0.7393959,1.075497,-0.02489094,0.8887464,1
176.4673037,0.309723,-0.28793,1.407963,0.5788237,-0.06902935,-0.03864478,0.8116063,0.6364389,-0.06868164,-0.04570355,0.7669023,-0.03046173,-0.02532328,-0.005424321,-0.07206991,0.1285488,-1.013277,-0.7440326,1.075681,-0.02396967,0.8919699,1
176.5384283,0.3089423,-0.2875395,1.407327,0.5833924,-0.06752554,-0.04183137,0.8082969,0.6364389,-0.06868164,-0.04570355,0.7669023,-0.03168342,-0.01310634,-0.0103111,-0.08217935,0.1321849,-1.012125,-0.7459664,1.070992,-0.01759776,0.8923864,1
176.6072721,0.3082128,-0.2872114,1.407027,0.5892284,-0.06709898,-0.0439225,0.8039767,0.6396978,-0.06845652,-0.04828582,0.7640475,-0.02924003,0.002775689,-0.01641957,-0.07603639,0.1190629,-1.016099,-0.7431535,1.075647,-0.02124374,0.8906409,1
176.6772304,0.3074461,-0.2868858,1.406768,0.5971203,-0.06669056,-0.04594142,0.7980534,0.6442783,-0.06908375,-0.05167061,0.7599096,-0.00358445,-0.004554478,-0.0103111,-0.0723137,0.1280192,-1.016465,-0.7468152,1.081512,-0.02487339,0.8848319,1
176.747594,0.3066749,-0.2865129,1.406479,0.6045197,-0.06505039,-0.04874874,0.7924317,0.6501824,-0.07097322,-0.05535927,0.7544274,-0.03046173,-0.009441256,-0.01641957,-0.07356597,0.1207336,-1.01538,-0.7458593,1.077659,-0.02578427,0.8793072,1
176.8172364,0.305973,-0.2862226,1.406544,0.6156486,-0.0630209,-0.05170379,0.7837933,0.6547324,-0.07033826,-0.05791052,0.7503495,-0.07199934,0.007662467,-0.007867711,-0.07948136,0.1245415,-1.013483,-0.7421949,1.074655,-0.02306474,0.880347,1
176.8873289,0.3052066,-0.2858621,1.406263,0.622045,-0.0626704,-0.05323292,0.778652,0.6615632,-0.06996179,-0.05955578,0.7442394,-0.06955595,-0.02287989,-0.005424321,-0.07453316,0.1288027,-1.01599,-0.7449638,1.07381,-0.02305741,0.882307,1
176.9576787,0.3044037,-0.2855313,1.405988,0.6309995,-0.06368101,-0.05303196,0.7713442,0.6615632,-0.06996179,-0.05955578,0.7442394,-0.05978239,0.03820483,0.004349235,-0.07551872,0.1283056,-1.017951,-0.740271,1.064087,-0.02488583,0.8768945,1
177.0272245,0.303625,-0.2852121,1.405778,0.6383534,-0.064302,-0.05373036,0.7651688,0.6670281,-0.07139246,-0.05851533,0.7392919,-0.06344748,-0.03021006,0.004349235,-0.07700132,0.1298637,-1.013554,-0.7366217,1.061084,-0.02125687,0.8708934,1
177.0974822,0.3029695,-0.2848853,1.405777,0.6416615,-0.06327844,-0.05656629,0.7622772,0.6719674,-0.07227598,-0.05835834,0.7347311,-0.1819518,-0.01066295,0.01045771,-0.07721706,0.1397966,-1.01935,-0.7348281,1.045758,-0.01398247,0.8710227,1
177.1673769,0.3023536,-0.2846226,1.405883,0.6501942,-0.06357554,-0.05740345,0.7549242,0.6771918,-0.0710471,-0.05935986,0.7299588,-0.1465227,0.0003323,0.01778787,-0.08263337,0.1497977,-1.01066,-0.7358213,1.026729,-0.004881187,0.8618857,1
177.2373459,0.3017721,-0.2843002,1.405673,0.6552262,-0.06448817,-0.05767323,0.7504623,0.6827124,-0.06996676,-0.05669617,0.7251165,-0.1220888,-0.01921481,0.004349235,-0.07102627,0.1569668,-1.005574,-0.7265933,1.005386,0.001466225,0.8711321,1
177.3074578,0.3013259,-0.2839751,1.405507,0.6607804,-0.06454992,-0.05811047,0.7455372,0.6868531,-0.06960201,-0.05628535,0.7212628,0.007410802,-0.01799312,0.000684153,-0.08286063,0.1591084,-1.008829,-0.7238422,1.003371,0.003278449,0.8873291,1
177.3776546,0.3010334,-0.2836985,1.405566,0.6656743,-0.06384473,-0.05931165,0.7411368,0.6915156,-0.06660096,-0.05406094,0.7172502,0.04283994,-0.002111089,0.003127541,-0.0799057,0.1553556,-1.010979,-0.7246814,1.008169,-0.003086364,0.8881054,1
177.4472067,0.3008376,-0.2834367,1.405636,0.6710212,-0.06383976,-0.05955964,0.7362797,0.6915156,-0.06660096,-0.05406094,0.7172502,-0.1538529,-0.01432803,0.01656618,-0.07004114,0.1549621,-1.007754,-0.7202532,1.010861,0.007814316,0.8846983,1
177.5175943,0.3007054,-0.2831889,1.405529,0.6751113,-0.06450934,-0.05918421,0.7325029,0.697099,-0.06209996,-0.04954156,0.7125601,-0.189282,-0.03509684,0.02023126,-0.08432597,0.1669893,-1.006243,-0.7157003,0.9916117,0.0169014,0.886511,1
177.5876151,0.3006774,-0.2829614,1.405308,0.6785657,-0.06525762,-0.05860184,0.7292845,0.6998608,-0.06160847,-0.04796087,0.7099993,-0.08788136,-0.01188464,0.01900957,-0.09370217,0.1661772,-1.007729,-0.709163,0.9722804,0.01779884,0.8885593,1
177.6580759,0.3007572,-0.2827409,1.404945,0.6824787,-0.06551106,-0.05828796,0.7256264,0.7012123,-0.06117459,-0.0443729,0.7089357,-0.1966122,-0.02043651,0.02389634,-0.07541651,0.1785391,-1.005896,-0.7045705,0.9473076,0.02597787,0.886103,1
177.7284043,0.3009685,-0.2825475,1.404494,0.685477,-0.06490489,-0.0583969,0.7228406,0.7012123,-0.06117459,-0.0443729,0.7089357,-0.305343,-0.01921481,0.001905847,-0.08377507,0.1918996,-1.005372,-0.6944909,0.9183055,0.03869078,0.8848156,1
177.7972853,0.3012865,-0.2823912,1.403905,0.6879334,-0.06505353,-0.05752289,0.72056,0.7040132,-0.05861882,-0.04021257,0.7066201,-0.3016779,-0.03509684,0.009236012,-0.07189778,0.2088259,-1.000672,-0.6862357,0.8731648,0.05414062,0.8804639,1
177.8672389,0.3017129,-0.2822705,1.403213,0.6902982,-0.06589895,-0.05578249,0.7183552,0.7038441,-0.05795206,-0.0355491,0.7070935,-0.4275124,-0.02043651,0.01778787,-0.08172446,0.2313519,-0.9931563,-0.6714127,0.8191794,0.06593823,0.8827072,1
177.9373793,0.3022781,-0.2821934,1.402599,0.6918979,-0.0656618,-0.05510117,0.7168889,0.7038441,-0.05795206,-0.0355491,0.7070935,-0.4604982,-0.02654498,0.01534449,-0.09747317,0.2532486,-0.9866295,-0.6622004,0.7558827,0.08411835,0.8886713,1
178.0095285,0.3029009,-0.2821015,1.401756,0.694042,-0.06442866,-0.05509753,0.7149258,0.7044923,-0.05693344,-0.03059353,0.7067623,-0.5240263,-0.02654498,0.02267465,-0.08777665,0.2845592,-0.9865659,-0.651068,0.6934615,0.09774635,0.8877345,1
178.0772692,0.3035989,-0.2820386,1.400895,0.6952827,-0.06390307,-0.05394166,0.7138548,0.7073768,-0.05495979,-0.02637745,0.7042027,-0.4959273,-0.03387515,0.01900957,-0.0886966,0.3226764,-0.9694231,-0.6297009,0.6220515,0.1095315,0.8743524,1
178.1473305,0.3044299,-0.2820508,1.40026,0.6971219,-0.06268793,-0.05365601,0.7121885,0.7097893,-0.05373541,-0.02425349,0.7019425,-0.3615409,-0.02532328,0.01900957,-0.08841427,0.3435762,-0.959156,-0.6204787,0.5740106,0.1231608,0.8760558,1
178.217436,0.3052627,-0.2820165,1.399213,0.6984035,-0.06255468,-0.05179761,0.7110812,0.7097893,-0.05373541,-0.02425349,0.7019425,-0.3908616,-0.05830903,0.02267465,-0.08715651,0.3593224,-0.9493038,-0.6139321,0.5279798,0.1304307,0.888182,1
178.2875831,0.3061308,-0.2820082,1.398374,0.7000217,-0.06205497,-0.05004116,0.7096582,0.7118379,-0.05291785,-0.021929,0.7000039,-0.5228046,-0.005776173,-0.000537541,-0.1009277,0.384899,-0.938893,-0.59813,0.4787217,0.1376776,0.9044601,1
178.3572038,0.3070278,-0.2819384,1.397212,0.7003345,-0.06057855,-0.04951828,0.7095138,0.7130785,-0.0525707,-0.01995981,0.6988253,-0.4617199,-0.06197412,0.04955192,-0.09617989,0.4157135,-0.9292496,-0.5861254,0.4248493,0.1522106,0.9115325,1
178.4278259,0.3078641,-0.2819563,1.39626,0.7009524,-0.05984626,-0.04852716,0.7090342,0.7140027,-0.05569152,-0.02029565,0.697629,-0.6535259,-0.08152124,0.1814949,-0.08521257,0.4816732,-0.8955216,-0.5721226,0.3642186,0.1594651,0.9101533,1
178.4972551,0.3086435,-0.2818716,1.394999,0.7017816,-0.0586679,-0.04805706,0.708344,0.7148755,-0.05730352,-0.02107669,0.6965809,-0.7793604,0.0003323,-0.02619313,-0.1183991,0.4155525,-0.9202086,-0.5555829,0.4084105,0.2094281,0.9152147,1
178.5674748,0.3094445,-0.28186,1.394134,0.7021649,-0.05667935,-0.04862376,0.7080873,0.7163902,-0.05590516,-0.02122428,0.6951325,-0.5826676,-0.01921481,0.02633974,-0.09768413,0.5468376,-0.8645431,-0.5481299,0.3594838,0.2185152,0.9205531,1
178.6375755,0.3101763,-0.2818353,1.393027,0.7028676,-0.05485064,-0.04880108,0.7075219,0.7163902,-0.05590516,-0.02122428,0.6951325,-0.525248,-0.003332783,-0.02619313,-0.1030949,0.5587811,-0.8566185,-0.540785,0.3286816,0.2294168,0.9007702,1
178.7073689,0.3109266,-0.2818239,1.392232,0.7036688,-0.05359983,-0.04879896,0.7068211,0.7171741,-0.05376065,-0.02185253,0.6944734,-0.4714934,-0.114507,0.1204102,-0.09518342,0.573734,-0.8418232,-0.5352366,0.2998561,0.236685,0.88675,1
178.7775794,0.3116337,-0.2817394,1.391235,0.7036251,-0.05182645,-0.04925672,0.706965,0.7178683,-0.05256527,-0.02199182,0.6938431,-0.497149,-0.07663446,0.1350705,-0.09820062,0.6979849,-0.7647331,-0.5318822,0.29878,0.2575927,0.8786274,1
178.8477389,0.3123512,-0.2816809,1.390475,0.7047591,-0.05119469,-0.04845414,0.7059362,0.7211851,-0.05290521,-0.02350366,0.6903191,-0.5875544,0.01377094,-0.02497143,-0.09973335,0.6772978,-0.7619808,-0.5066508,0.4342386,0.42846,0.8497695,1
178.9174352,0.3130896,-0.2816732,1.390024,0.7053168,-0.05080137,-0.04747228,0.7054743,0.7223577,-0.05223914,-0.02307195,0.6891574,-0.5582337,0.01743602,-0.01764126,-0.09194577,0.5891223,-0.837122,-0.471689,0.5025779,0.64297,0.857269,1
178.987373,0.3137291,-0.2816258,1.389493,0.7071851,-0.05075666,-0.04609159,0.7036964,0.7244381,-0.05245738,-0.02251103,0.6869721,-0.4983707,-0.1291673,0.1277404,-0.102431,0.6954652,-0.7420969,-0.4455719,0.4977783,0.7411187,0.8648109,1
179.0579171,0.3142874,-0.2815685,1.388986,0.7092761,-0.05061574,-0.04478442,0.7016836,0.7244381,-0.05245738,-0.02251103,0.6869721,-0.4641632,-0.04975717,0.03122651,-0.1067922,0.7538063,-0.6989576,-0.4200282,0.4920375,0.818353,0.8725627,1
179.1272903,0.3148658,-0.2816045,1.388821,0.7101052,-0.05028185,-0.04407511,0.7009135,0.7360047,-0.0586018,-0.02551158,0.6739526,-0.5020357,-0.02410159,0.01534449,-0.1013934,0.7372348,-0.7060782,-0.3988757,0.4750212,0.8846888,0.8597032,1
179.1976194,0.3153691,-0.2816564,1.38867,0.7116984,-0.05085539,-0.04245164,0.6993548,0.7360047,-0.0586018,-0.02551158,0.6739526,-0.4751585,-0.06930429,0.1521743,-0.100053,0.8332621,-0.6157905,-0.400663,0.4502982,0.8874277,0.8545056,1
179.2682228,0.3157623,-0.2816948,1.388311,0.713632,-0.05092208,-0.04153783,0.6974316,0.7375935,-0.06237328,-0.02771138,0.6717867,-0.4495029,-0.01799312,0.004349235,-0.09590697,0.8089097,-0.6223103,-0.383499,0.4239132,0.9737828,0.8326575,1
179.3373285,0.3160713,-0.2817474,1.387861,0.7147858,-0.05001561,-0.04169808,0.6963053,0.7380496,-0.06465486,-0.02993871,0.6709741,-0.4262907,0.02110111,-0.002980933,-0.1006436,0.7531542,-0.6849246,-0.3538346,0.383697,1.090119,0.8486201,1
179.4077408,0.3163093,-0.2818645,1.387563,0.7156311,-0.04956784,-0.04162722,0.6954728,0.7383432,-0.06676912,-0.03286549,0.6703064,-0.3762012,-0.004554478,-0.0530704,-0.1040334,0.8392231,-0.5804963,-0.3638709,0.364066,1.087422,0.8678703,1
179.4774435,0.3164708,-0.2820002,1.387224,0.7164711,-0.04973873,-0.04116429,0.6946228,0.7383432,-0.06676912,-0.03286549,0.6703064,-0.4152955,0.06874719,-0.04085346,-0.1015757,0.8352715,-0.5801876,-0.341127,0.2945502,1.182867,0.8759706,1
179.5481821,0.3165705,-0.2821857,1.387068,0.7174103,-0.04981378,-0.04083207,0.6936669,0.7401559,-0.06860682,-0.03537621,0.6679899,-0.3774229,0.04553499,-0.02497143,-0.09838276,0.8088032,-0.6161708,-0.3102057,0.2085049,1.291027,0.8876397,1
179.6173703,0.3166203,-0.2823899,1.386976,0.7187366,-0.05007002,-0.04068964,0.6922826,0.7437682,-0.06999861,-0.03760277,0.663698,-0.4348426,0.07119057,-0.05673549,-0.09909894,0.8639418,-0.5361119,-0.3042561,0.1434448,1.339226,0.8971016,1
179.687538,0.3166025,-0.2825908,1.386894,0.7197323,-0.05013066,-0.04093657,0.6912283,0.747837,-0.07088551,-0.03975207,0.6588891,-0.3322202,0.05530855,-0.02619313,-0.1089615,0.8770956,-0.5181394,-0.3152619,0.1238536,1.33926,0.9006847,1
179.7582717,0.3165517,-0.2828381,1.386884,0.7209738,-0.05056053,-0.04084483,0.6899073,0.747837,-0.07088551,-0.03975207,0.6588891,-0.261362,0.02354449,-0.01519788,-0.1060045,0.8728191,-0.5227399,-0.3046876,0.0824487,1.381075,0.8972046,1
179.8272601,0.3164675,-0.2831348,1.386836,0.7220581,-0.05061723,-0.04114646,0.6887503,0.7535436,-0.07176475,-0.04191479,0.6521235,-0.3077864,0.03331805,-0.009089405,-0.1109564,0.8783742,-0.4999762,-0.2770247,-0.007294841,1.463781,0.901335,1
179.8986895,0.3163538,-0.2834667,1.386787,0.7230902,-0.05059627,-0.04147548,0.6876485,0.7535436,-0.07176475,-0.04191479,0.6521235,-0.4458378,0.07852074,-0.04451855,-0.1074816,0.9154217,-0.4493834,-0.2345646,-0.1309977,1.554643,0.9125732,1
179.9672267,0.3162119,-0.2838495,1.386739,0.7237866,-0.05083369,-0.0416242,0.6868889,0.7541591,-0.07195377,-0.04226514,0.6513679,-0.4128521,0.0650821,-0.01886296,-0.1079717,0.9158949,-0.4511118,-0.186208,-0.2978533,1.635496,0.9018166,1
180.0395557,0.3160308,-0.2843092,1.386729,0.7247373,-0.05121193,-0.04166698,0.685855,0.7548017,-0.07198666,-0.04275442,0.6505877,-0.4152955,0.01743602,-0.02497143,-0.1134122,0.9361946,-0.405706,-0.1281685,-0.5146887,1.702697,0.8890237,1
180.1074701,0.3158039,-0.2848105,1.38672,0.7252374,-0.05152907,-0.04212796,0.6852742,0.7557341,-0.07212076,-0.04333966,0.6494506,-0.3529891,-0.06808259,0.01900957,-0.08750074,0.9283596,-0.4222413,-0.0395533,-0.7575556,1.716171,0.8832247,1
180.1780789,0.3155214,-0.2853007,1.386685,0.7257683,-0.05198158,-0.04254886,0.6846517,0.7565715,-0.07254414,-0.04409432,0.6483769,-0.3627626,-0.09251648,0.01534449,-0.1035647,0.9212049,-0.4155419,0.03551248,-0.9855928,1.706942,0.8914396,1
180.2473466,0.3152079,-0.2857817,1.386571,0.7263857,-0.05243785,-0.04281891,0.683945,0.756541,-0.07304668,-0.04501305,0.6482928,-0.4275124,-0.1096202,0.04710853,-0.1055375,0.9460464,-0.3721592,0.09235696,-1.16238,1.668645,0.9108127,1
180.3176228,0.3148913,-0.2863104,1.386591,0.7271265,-0.05249707,-0.04363044,0.6831015,0.756541,-0.07304668,-0.04501305,0.6482928,-0.4910405,-0.07663446,0.02756143,-0.107779,0.967631,-0.3179167,0.1417785,-1.30073,1.622174,0.910192,1
180.3872739,0.3145808,-0.2868793,1.386576,0.7275949,-0.05214731,-0.04459703,0.6825669,0.7573327,-0.07249758,-0.04506148,0.6474262,-0.4275124,-0.1426059,0.07520752,-0.09420303,0.9700548,-0.3174267,0.1822802,-1.44732,1.558449,0.9016769,1
180.4574319,0.3142976,-0.2874178,1.386686,0.7278748,-0.05206085,-0.04524132,0.6822325,0.7593122,-0.07045945,-0.04437376,0.6453769,-0.3554325,-0.09373818,0.02389634,-0.1036265,0.9830598,-0.2584086,0.2125185,-1.578244,1.496566,0.8961831,1
180.5274563,0.3140368,-0.2879414,1.38693,0.7279281,-0.05198452,-0.04570632,0.6821505,0.7613249,-0.06856127,-0.04386887,0.6432411,-0.3957483,0.07485566,0.009236012,-0.1095478,0.9819208,-0.2608643,0.2516709,-1.71812,1.401014,0.8998766,1
180.5973052,0.3137906,-0.28849,1.387224,0.7289699,-0.05235476,-0.0457745,0.6810042,0.7627016,-0.06765849,-0.04385599,0.6417049,-0.2723572,0.06263871,0.001905847,-0.1016671,0.9826816,-0.2480762,0.2706037,-1.799007,1.339146,0.9052728,1
180.6677013,0.3135875,-0.2890874,1.38765,0.7306904,-0.05283305,-0.04554423,0.6791363,0.7665436,-0.06528801,-0.04191128,0.6374885,-0.3762012,0.09806785,-0.007867711,-0.09107948,0.9902362,-0.2176846,0.2692565,-1.841877,1.320063,0.9159735,1
180.7374302,0.3134278,-0.2896962,1.388132,0.7319261,-0.05297887,-0.04582493,0.677774,0.7665436,-0.06528801,-0.04191128,0.6374885,-0.2344847,0.01621433,-0.007867711,-0.1026953,0.9946955,-0.195413,0.2673624,-1.85229,1.325527,0.9243976,1
180.8077607,0.3133202,-0.2902441,1.388471,0.7325435,-0.05312585,-0.04600882,0.6770827,0.7686413,-0.06423914,-0.04038263,0.6351637,-0.2247111,0.008884161,-0.01764126,-0.1014571,0.9956228,-0.1971436,0.2673773,-1.873269,1.330079,0.9266219,1
180.8771817,0.3132404,-0.2907875,1.388722,0.7330137,-0.05325199,-0.04597729,0.6765658,0.767695,-0.06216178,-0.03685814,0.6367273,-0.2943477,0.05286516,0.000684153,-0.1022216,0.9989188,-0.1728625,0.269574,-1.898158,1.31553,0.925629,1
180.9484621,0.3132411,-0.2913899,1.389014,0.7337365,-0.05317076,-0.04572503,0.6758054,0.7670922,-0.06118359,-0.03530695,0.6376358,-0.2833525,0.01132755,0.004349235,-0.1012344,1.003156,-0.1655483,0.2698656,-1.934412,1.307354,0.9251914,1
181.0171767,0.3132773,-0.2920115,1.389213,0.7346256,-0.05308319,-0.04513431,0.6748855,0.7648939,-0.05843809,-0.03192212,0.640705,-0.3407721,0.1188367,0.01656618,-0.09517103,0.9748889,-0.1361256,0.2837171,-3.951001,1.274177,0.9266415,1
181.0872591,0.3133411,-0.2925924,1.38937,0.7344391,-0.05311257,-0.04454024,0.6751256,0.7648939,-0.05843809,-0.03192212,0.640705,-0.3627626,0.03209636,0.004349235,-0.09980064,1.013929,-0.110895,0.2907759,-3.951298,1.238693,0.9431063,1
181.1580424,0.3133953,-0.2931128,1.389482,0.7343947,-0.05315403,-0.043842,0.6752163,0.7651379,-0.05784354,-0.03007945,0.640557,-0.3578758,0.002775689,0.003127541,-0.1072406,1.019516,-0.07240903,0.2957596,-3.951506,1.216855,0.9228512,1
181.2281048,0.3134766,-0.2936361,1.389686,0.7349459,-0.05314141,-0.04333736,0.6746498,0.7651379,-0.05784354,-0.03007945,0.640557,-0.3163382,0.02720958,0.01290109,-0.09592046,1.003832,-0.07756176,0.3065611,-3.951952,1.178632,0.9084125,1
181.2972194,0.3135836,-0.2941305,1.389987,0.7358078,-0.05296135,-0.04287088,0.6737537,0.7654585,-0.05796943,-0.02938519,0.6401947,-0.2638054,-0.03998362,-0.004202627,-0.09492411,1.008469,-0.07639739,0.313484,-3.95224,1.151333,0.9327098,1
181.3681347,0.3136949,-0.2945703,1.390335,0.7365416,-0.05317274,-0.04195323,0.6729926,0.765882,-0.05803572,-0.02876144,0.6397103,-0.3016779,0.05164347,0.07032074,-0.1102123,1.03574,-0.03529435,0.3155289,-3.952327,1.139506,0.927367,1
181.4373255,0.3137724,-0.2949521,1.39065,0.737181,-0.05384555,-0.04080472,0.6723093,0.765882,-0.05803572,-0.02876144,0.6397103,-0.05611731,0.008884161,-0.006646017,-0.08165652,1.004322,-0.04091506,0.3116163,-3.952193,1.096774,0.8846265,1
181.5087069,0.3138374,-0.295317,1.39095,0.7374117,-0.0543962,-0.03980582,0.6720719,0.766747,-0.05815126,-0.0276639,0.638711,-0.05000884,-0.04120531,0.02511804,-0.1003488,1.002773,-0.08935399,0.317279,-3.952448,1.034011,0.9181997,1
181.5776138,0.3138686,-0.2956351,1.39114,0.7376042,-0.05452531,-0.03927924,0.6718812,0.7677431,-0.05902245,-0.02608114,0.6375003,-0.1562963,0.03453975,0.245023,-0.1097031,1.049339,-0.02295535,0.2922275,-3.951481,0.9840587,0.9207945,1
181.6478244,0.3139032,-0.2959453,1.391338,0.7377093,-0.05457189,-0.03890823,0.6717834,0.7677431,-0.05902245,-0.02608114,0.6375003,-0.08543798,0.03331805,0.07154243,-0.04665387,1.002497,-0.01770102,0.2570233,-3.950114,0.9332229,0.8553535,1
181.7172526,0.3139231,-0.2962615,1.391449,0.7377964,-0.05470671,-0.03859529,0.6716949,0.7678767,-0.05951548,-0.02555131,0.6373149,-0.04145698,0.04797839,-0.08116937,-0.06535634,1.018108,-0.02780268,0.2518997,-3.949923,0.9077729,0.8896618,1
181.7878381,0.3139157,-0.2965623,1.39147,0.7376637,-0.05496493,-0.03840925,0.6718303,0.7676629,-0.06012783,-0.02525786,0.6375263,0.01596266,0.4743497,-0.0103111,-0.08308899,1.038653,-0.01610022,0.1902901,-3.947468,0.9443064,0.8932561,1
181.8576405,0.3138699,-0.2968217,1.391395,0.7377339,-0.05531544,-0.03825723,0.671733,0.7671984,-0.06084939,-0.02505713,0.638025,-0.1123153,0.03698314,0.1216319,-0.0728202,1.008674,0.002052434,0.1365087,-3.945362,0.8989744,0.862678,1
181.9274368,0.3137997,-0.2970411,1.391309,0.7375864,-0.0554971,-0.03840657,0.6718714,0.7671984,-0.06084939,-0.02505713,0.638025,-0.03046173,-0.004554478,-0.0103111,-0.06338187,1.028589,-0.009516789,0.1375347,-3.945433,0.837133,0.8905892,1
181.9974263,0.3137091,-0.2972273,1.39122,0.7371791,-0.05570121,-0.03870593,0.6722844,0.7665228,-0.0618082,-0.02511375,0.6387423,-0.04390037,-0.004554478,-0.01275449,-0.06932519,1.01692,-0.01403255,0.1309889,-3.945172,0.8416967,0.8852624,1
182.0673753,0.3136189,-0.2973793,1.391173,0.7367942,-0.05580805,-0.03902165,0.672679,0.7662131,-0.06206007,-0.02551732,0.6390732,-0.01824478,-0.009441256,-0.06773074,-0.05651096,1.012332,-0.009756911,0.1448388,-3.945719,0.8425706,0.9013973,1
182.137209,0.3135405,-0.2975,1.391185,0.7366171,-0.05610291,-0.03902273,0.6728485,0.7659643,-0.06214421,-0.02581334,0.6393515,-0.03168342,-0.000889394,-0.005424321,-0.07771894,1.013381,-0.01695128,0.1535501,-3.946075,0.818904,0.9264793,1
182.2074769,0.3134999,-0.2975816,1.391302,0.736596,-0.05614823,-0.03908799,0.672864,0.765954,-0.06222763,-0.02586813,0.6393535,-0.04512206,-0.008219562,0.02145296,-0.09004629,1.019287,-0.01387183,0.1512147,-3.945996,0.7925376,0.9330075,1
182.277637,0.3134831,-0.2976092,1.391439,0.7368222,-0.05633262,-0.03893094,0.6726099,0.7661915,-0.06215656,-0.02572867,0.6390812,-0.03168342,-0.01066295,-0.01397618,-0.06017883,1.028826,-0.005580135,0.1504412,-3.94597,0.7834457,0.9155436,1
182.3472637,0.3135185,-0.2976069,1.391646,0.7369044,-0.05637337,-0.03870111,0.6725297,0.7666474,-0.06208071,-0.02540838,0.6385546,-0.03168342,-0.003332783,-0.01275449,-0.08262842,1.027233,-0.0115106,0.1495018,-3.945932,0.7843574,0.8866981,1
182.4176993,0.3135661,-0.2976068,1.391841,0.7371686,-0.05649912,-0.03842888,0.6722451,0.7666474,-0.06208071,-0.02540838,0.6385546,-0.02801834,0.0003323,-0.02252804,-0.06537733,1.016088,-0.01548543,0.1578359,-3.946263,0.7834267,0.8746935,1
182.4875077,0.3136191,-0.2975596,1.391988,0.7374358,-0.05681786,-0.03798664,0.6719504,0.7671739,-0.06203358,-0.02477506,0.6379515,-0.04267867,0.006440773,0.009236012,-0.08066861,1.011561,-0.02872889,0.1556966,-3.946197,0.7452376,0.8970457,1
182.5574303,0.3136801,-0.2975153,1.392069,0.7376704,-0.05686504,-0.03777329,0.6717009,0.7672775,-0.06223099,-0.0242691,0.637827,-0.03412681,0.0003323,-0.02497143,-0.06540117,1.011093,-0.006320182,0.1548326,-3.946164,0.7416022,0.9238995,1
182.6275127,0.3137567,-0.2974826,1.392172,0.7378939,-0.05735231,-0.03693569,0.6714604,0.7671061,-0.06252874,-0.02358876,0.6380297,-0.05245223,-0.000889394,0.008014318,-0.07303315,1.017323,-0.008149148,0.1567115,-3.94624,0.7397787,0.9405947,1
182.6973329,0.3138381,-0.2974477,1.392177,0.7378826,-0.05734755,-0.0367314,0.6714844,0.7663811,-0.06287769,-0.02282725,0.6388937,-0.03779189,-0.01310634,-0.007867711,-0.06096148,1.01052,-0.006055253,0.1594241,-3.946345,0.7434093,0.9405177,1
182.7674646,0.3139291,-0.2973907,1.392169,0.7378398,-0.05740478,-0.03648939,0.6715398,0.7653025,-0.06344898,-0.02220022,0.6401511,-0.01702309,-0.01432803,-0.0103111,-0.070323,1.011798,-0.01494417,0.155757,-3.946201,0.7415999,0.9532222,1
182.8377077,0.3140314,-0.2973134,1.392088,0.7378362,-0.05748145,-0.03608491,0.671559,0.7646363,-0.06352765,-0.02126693,0.6409706,-0.02435326,-0.002111089,-0.02008465,-0.07525446,1.014868,-0.01205141,0.1576509,-3.946278,0.7388669,0.9573615,1
182.9072693,0.3141675,-0.2972548,1.392009,0.7378034,-0.05745779,-0.03573333,0.6716159,0.7651597,-0.06263731,-0.01896413,0.6405056,-0.0353485,-0.006997867,-0.006646017,-0.07352672,1.016331,-0.009856396,0.156802,-3.946246,0.7343221,0.9501877,1
182.9776299,0.3143197,-0.2972233,1.391961,0.7379214,-0.05759196,-0.03504487,0.6715111,0.7651597,-0.06263731,-0.01896413,0.6405056,-0.02679664,-0.003332783,-0.001759239,-0.06194256,1.01273,-0.006581067,0.1584998,-3.946309,0.7434117,0.9443917,1
183.0473812,0.3144841,-0.297177,1.391952,0.7378398,-0.05749742,-0.03460165,0.6716318,0.7657887,-0.06249557,-0.01771725,0.6398029,-0.03290512,0.005219078,-0.01641957,-0.06488913,1.015636,-0.01228279,0.153863,-3.946125,0.744333,0.9484222,1
183.1173885,0.314631,-0.2971353,1.391907,0.7378047,-0.05737825,-0.03411588,0.6717054,0.7662091,-0.06267352,-0.01702326,0.6393008,-0.03779189,-0.01188464,-0.001759239,-0.07205743,1.010662,-0.01149134,0.155772,-3.946202,0.7406904,0.9486091,1
183.1878182,0.314758,-0.2971192,1.391855,0.7376324,-0.0572361,-0.03367293,0.6719291,0.7664263,-0.06320664,-0.01664741,0.6389978,-0.04267867,-0.01432803,-0.01764126,-0.06786017,1.012051,-0.01100954,0.1594392,-3.946346,0.7424999,0.9567204,1
183.25752,0.3148608,-0.2971199,1.391763,0.7374232,-0.05708459,-0.03338819,0.6721858,0.7664263,-0.06320664,-0.01664741,0.6389978,-0.04023528,-0.004554478,-0.0103111,-0.07031611,1.019491,-0.006453413,0.1566662,-3.946237,0.742507,0.9560657,1
183.3272329,0.3149552,-0.2971282,1.39171,0.7371293,-0.05667295,-0.03344081,0.6725403,0.7662111,-0.06459677,-0.01703484,0.6391068,-0.03046173,-0.01066295,-0.02985821,-0.06734908,1.016605,-0.01623502,0.1548628,-3.946167,0.7397834,0.9400208,1
183.3974823,0.3150185,-0.2971391,1.391603,0.7368613,-0.05641795,-0.03358106,0.6728482,0.7656837,-0.06624072,-0.01830173,0.6395355,-0.04267867,-0.005776173,0.01412279,-0.02838172,1.014761,-0.005790657,0.1584696,-3.946307,0.7452305,0.9364671,1
183.4673525,0.3150518,-0.2971602,1.391487,0.7365232,-0.05626006,-0.03372523,0.6732244,0.7649244,-0.06741285,-0.01972452,0.6402788,-0.01946648,-0.01066295,-0.09338632,-0.1006617,1.021069,-0.006550704,0.1653171,-3.946589,0.7224781,0.9374488,1
183.5374475,0.3150602,-0.2972193,1.39136,0.7361947,-0.05651704,-0.03352704,0.673572,0.7644465,-0.06845746,-0.02081093,0.6407042,-0.04145698,0.003997383,0.0764292,-0.06981302,1.014109,-0.0233322,0.1625291,-3.946478,0.7233946,0.9214175,1
183.607197,0.3150373,-0.2972907,1.391243,0.7360607,-0.05683364,-0.0332356,0.6737062,0.7644465,-0.06845746,-0.02081093,0.6407042,-0.04756545,0.002775689,-0.01519788,-0.05900263,1.008394,0.001598894,0.1604691,-3.94639,0.7361314,0.9322598,1
183.6777968,0.3149661,-0.2973382,1.391061,0.7358016,-0.0570179,-0.03326636,0.673972,0.7643504,-0.06967638,-0.02132907,0.6406704,-0.02190987,-0.004554478,-0.04818363,-0.06982812,1.014028,-0.01202597,0.1596203,-3.946359,0.7315867,0.9539313,1
183.7472425,0.3148829,-0.2974052,1.390964,0.735602,-0.0570485,-0.03355807,0.6741728,0.7643366,-0.07118233,-0.02228417,0.6404887,-0.0365702,0.008884161,-0.005424321,-0.07798014,1.013299,-0.006137136,0.1642419,-3.946542,0.7315748,0.9548721,1
183.8177917,0.3147764,-0.2974675,1.390878,0.7352874,-0.0570893,-0.03410101,0.6744854,0.7644296,-0.07193417,-0.02310938,0.6402646,-0.02679664,-0.009441256,0.01412279,-0.04861857,1.012961,-0.006060155,0.1596354,-3.94636,0.7306772,0.9541179,1
183.8875119,0.3146646,-0.2975321,1.390847,0.7351846,-0.05707714,-0.03450733,0.6745778,0.7653011,-0.07202625,-0.023881,0.6391837,-0.03046173,-0.006997867,-0.02985821,-0.07033364,1.014425,-0.002202388,0.1633176,-3.946505,0.7315772,0.956961,1
183.9574554,0.3145543,-0.297599,1.3909,0.7351556,-0.05714232,-0.03472754,0.6745925,0.7659872,-0.07163846,-0.02409539,0.6383969,-0.03168342,0.003997383,-0.01886296,-0.1026301,1.017537,-0.01707241,0.1624385,-3.946472,0.7288513,0.9495646,1
184.0272497,0.3144497,-0.2976655,1.391037,0.735368,-0.05724298,-0.03477063,0.6743503,0.7669203,-0.07114366,-0.02402005,0.6373339,-0.01946648,-0.004554478,0.02267465,-0.03480546,1.009973,-0.007949236,0.162514,-3.946477,0.7243041,0.938491,1
184.0974473,0.314331,-0.2977319,1.391181,0.7355096,-0.05731152,-0.03500954,0.6741775,0.7669203,-0.07114366,-0.02402005,0.6373339,-0.05489562,-0.02043651,-0.04207516,-0.08217478,1.020402,0.006529773,0.1644381,-3.946556,0.7197523,0.9485847,1
184.1671889,0.3142044,-0.2978061,1.391383,0.7358301,-0.05746765,-0.03506124,0.6738118,0.7695454,-0.07031102,-0.02385028,0.6342611,-0.03901359,-0.008219562,0.0116794,-0.1019032,1.017672,-0.006750508,0.1654982,-3.946601,0.7115649,0.9312078,1
184.2381026,0.3140713,-0.2978616,1.39157,0.736192,-0.0574065,-0.03554133,0.6733964,0.7706126,-0.0701859,-0.0243381,0.6329594,-0.02679664,0.007662467,0.01778787,-0.04344215,1.007901,-0.01113547,0.1621971,-3.946455,0.7434022,0.9254185,1
184.307576,0.3139556,-0.2979639,1.391739,0.7365223,-0.05736603,-0.03565836,0.6730323,0.7702242,-0.06964333,-0.02430208,0.6334932,-0.02068817,0.01010586,-0.001759239,-0.06540249,1.011358,-0.004849435,0.1534858,-3.946099,0.7670687,0.9493948,1
184.3773173,0.3138547,-0.2981142,1.391853,0.7362956,-0.05713878,-0.03605914,0.6732783,0.7687658,-0.06816601,-0.02330496,0.6354599,-0.03290512,-0.01066295,-0.0555138,-0.07696948,1.023289,-0.006278776,0.1609861,-3.946398,0.7606838,0.9528652,1
184.4475919,0.3137549,-0.2982607,1.391901,0.7362822,-0.05720818,-0.03599545,0.6732905,0.7670329,-0.06692605,-0.02185844,0.637733,-0.02924003,-0.01799312,-0.02619313,-0.07106861,1.010621,-0.0129629,0.1610917,-3.946406,0.7543178,0.9328082,1
184.5174233,0.3136757,-0.298415,1.391933,0.736028,-0.05708509,-0.03610146,0.6735733,0.7654907,-0.06629582,-0.02046157,0.6396953,-0.02557495,0.008884161,0.006792624,-0.07526678,1.010495,-0.01051377,0.1637893,-3.946511,0.7588578,0.9446198,1
184.5874746,0.3136191,-0.2985977,1.391958,0.7357809,-0.05702887,-0.03615025,0.6738452,0.7654907,-0.06629582,-0.02046157,0.6396953,-0.03779189,0.01377094,-0.01153279,-0.04468044,1.010484,-0.003065591,0.1591978,-3.94633,0.7570508,0.9585131,1
184.6571982,0.3135876,-0.2988127,1.391946,0.7354063,-0.05657709,-0.0365142,0.6742725,0.7639956,-0.06584214,-0.01917649,0.6415663,-0.03412681,-0.000889394,-0.02863652,-0.08980565,1.019852,-0.008226834,0.1556363,-3.946193,0.7488754,0.9624626,1
184.7278768,0.3135696,-0.2989865,1.391924,0.7354429,-0.0563287,-0.0365479,0.6742515,0.7641227,-0.06507281,-0.01870619,0.6415075,-0.02557495,0.008884161,0.01778787,-0.06834716,1.015747,-0.009343727,0.1556664,-3.946195,0.7470565,0.9413328,1
184.7973304,0.3135604,-0.2991955,1.391957,0.7354272,-0.0564305,-0.03615543,0.6742813,0.7642302,-0.06461114,-0.01862463,0.6414286,-0.03412681,0.01010586,0.006792624,-0.05010647,1.009816,-0.006018446,0.1556061,-3.946191,0.7506942,0.9409289,1
184.8684377,0.3135645,-0.299366,1.392026,0.7356015,-0.05617801,-0.03618836,0.6741105,0.7640879,-0.06473473,-0.0183122,0.6415946,-0.03168342,-0.003332783,-0.0103111,-0.06243161,1.015697,-0.004658977,0.1556815,-3.946196,0.746147,0.9552322,1
184.9375874,0.3135742,-0.2995597,1.392162,0.735519,-0.05576533,-0.03617974,0.6742352,0.7640879,-0.06473473,-0.0183122,0.6415946,-0.02557495,-0.002111089,-0.005424321,-0.06736954,1.012073,-0.008796789,0.1492262,-3.945941,0.7452542,0.9539209,1
185.0075088,0.3135587,-0.2997274,1.392249,0.7356963,-0.05611005,-0.03567721,0.6740399,0.766428,-0.06311847,-0.01760574,0.6389789,-0.04023528,-0.006997867,-0.0103111,-0.07426944,1.016374,-0.007892735,0.1538932,-3.946127,0.7425141,0.9542859,1
185.0772519,0.3135313,-0.2998897,1.392333,0.7357714,-0.05608926,-0.0354746,0.6739704,0.7670744,-0.0633838,-0.017375,0.6381827,-0.02679664,-0.005776173,-0.0103111,-0.06540727,1.008655,-0.006039265,0.1512409,-3.946026,0.7352457,0.9506463,1
185.1479192,0.3135162,-0.300042,1.392406,0.735828,-0.05602168,-0.03551855,0.6739118,0.7675849,-0.06401879,-0.01726538,0.6375083,-0.02068817,0.0003323,-0.0103111,-0.07030706,1.021394,-0.009921535,0.1539686,-3.946132,0.7379669,0.9567397,1
185.2173701,0.3135074,-0.3002002,1.392446,0.7356276,-0.05565173,-0.03587237,0.6741425,0.7663527,-0.06466098,-0.01817832,0.638899,-0.03290512,0.001553995,-0.006646017,-0.06589478,1.011856,-0.00485783,0.1503618,-3.945992,0.7325198,0.9409761,1
185.287261,0.31351,-0.3003417,1.392441,0.7355146,-0.05536606,-0.03611636,0.6742763,0.7663527,-0.06466098,-0.01817832,0.638899,-0.02924003,-0.005776173,-0.01397618,-0.06933714,1.013796,-0.01054682,0.1503618,-3.945992,0.7325198,0.9466141,1
185.3577127,0.3135257,-0.3004867,1.392414,0.7353914,-0.05488229,-0.0364707,0.6744311,0.7652939,-0.06365232,-0.01811974,0.6402697,-0.03412681,-0.01554973,-0.007867711,-0.06293096,1.01076,-0.009012721,0.1530292,-3.946095,0.7388787,0.9518086,1
185.4271307,0.3135296,-0.3006333,1.392371,0.7352753,-0.05460974,-0.0364804,0.6745793,0.7652939,-0.06365232,-0.01811974,0.6402697,-0.03168342,-0.006997867,-0.02863652,-0.07328715,1.012897,-0.01054357,0.1493771,-3.945951,0.7361598,0.9597158,1
185.4973099,0.3135483,-0.300784,1.392375,0.7350297,-0.05441393,-0.03644116,0.6748649,0.765078,-0.06326332,-0.01797765,0.64057,-0.0145797,-0.01066295,-0.000537541,-0.06933703,1.013293,-0.01152263,0.1475435,-3.945879,0.7352552,0.9592679,1
185.5674929,0.3135683,-0.3009012,1.392393,0.7349754,-0.0540961,-0.03642643,0.6749504,0.7649877,-0.0630037,-0.01768901,0.6407116,-0.02924003,-0.004554478,-0.0103111,-0.06588432,1.015999,-0.005409103,0.152999,-3.946093,0.7406975,0.9557583,1
185.6374843,0.3135948,-0.3009876,1.392454,0.7351065,-0.05390796,-0.03615476,0.6748371,0.7650459,-0.0627379,-0.01745715,0.6406745,-0.03290512,-0.01188464,-0.007867711,-0.06639493,1.00768,-0.007256445,0.1511654,-3.94602,0.7397929,0.9535186,1
185.7072502,0.3136257,-0.3010408,1.39252,0.7351247,-0.05374295,-0.03589439,0.6748444,0.7653373,-0.06241957,-0.01706694,0.6403679,-0.02557495,-0.01921481,-0.02985821,-0.06785465,1.015748,-0.00860524,0.154908,-3.94617,0.7370551,0.9644657,1
185.7774673,0.3136606,-0.3010772,1.392611,0.7353413,-0.0536819,-0.03557864,0.6746299,0.7653373,-0.06241957,-0.01706694,0.6403679,-0.03168342,0.01132755,-0.004202627,-0.08339813,1.017804,-0.005969679,0.1530141,-3.946094,0.7397881,0.9541622,1
185.8472166,0.3136649,-0.3011088,1.392705,0.7353392,-0.05354094,-0.03542117,0.6746519,0.7656436,-0.06238864,-0.01677886,0.6400123,-0.02313156,0.007662467,-0.01641957,-0.06340843,1.015603,-0.01252444,0.1538932,-3.946127,0.7425141,0.9395908,1
185.917252,0.3136342,-0.3011172,1.392789,0.7356299,-0.05349725,-0.03517246,0.6743513,0.7659104,-0.06248916,-0.0165563,0.6396891,-0.03046173,-0.002111089,-0.02741482,-0.06639635,1.006944,-0.007491593,0.1492564,-3.945943,0.7434353,0.9428743,1
185.9880155,0.3135645,-0.301134,1.392884,0.7356297,-0.05362228,-0.03501074,0.6743499,0.7659104,-0.06248916,-0.0165563,0.6396891,-0.02679664,-0.002111089,-0.005424321,-0.08117138,1.016939,-0.01209581,0.1455138,-3.945794,0.7461731,0.9572741,1
186.0571986,0.3134657,-0.3011505,1.392907,0.7355849,-0.05343654,-0.03510514,0.6744086,0.7660148,-0.06293517,-0.01648854,0.6395221,-0.02190987,0.01987941,0.0116794,-0.05969862,1.01543,-0.01939421,0.150924,-3.946004,0.7543438,0.9476345,1
186.1273857,0.3133707,-0.3011595,1.392908,0.7356758,-0.05357926,-0.03490257,0.6743087,0.7657869,-0.06382224,-0.01664614,0.639703,-0.0353485,0.04920008,0.01045771,-0.06342337,1.011761,-0.008045311,0.1433634,-3.9457,0.7643664,0.9460697,1
186.1973742,0.3132907,-0.3011432,1.392875,0.7355087,-0.0535201,-0.03491615,0.674495,0.7652226,-0.06432368,-0.01697199,0.6403193,-0.04267867,0.0882943,-0.02008465,-0.07058183,1.006425,-0.01535881,0.1357575,-3.945392,0.7771175,0.9572623,1
186.2673345,0.3132187,-0.3011364,1.392847,0.7354639,-0.05353244,-0.0348715,0.6745451,0.7647057,-0.06454181,-0.01702546,0.6409131,-0.03290512,0.1383838,-0.03474499,-0.03440895,0.958668,-0.02588613,0.1205456,-3.944778,0.8026195,0.9740754,1
186.337251,0.3131479,-0.3011262,1.392802,0.7353021,-0.0533681,-0.03508459,0.6747235,0.7644977,-0.06423794,-0.01698111,0.6411929,-0.01580139,0.3424067,-0.05673549,-0.05955868,0.9644915,-0.02922683,0.09944078,-3.94392,0.8490526,0.9854174,1
186.4081989,0.3130522,-0.301112,1.392774,0.7353531,-0.05348914,-0.03501013,0.6746623,0.7650011,-0.0639134,-0.01704061,0.6406232,-0.04390037,0.4034915,-0.01153279,-0.07252795,1.010915,-0.02845381,0.03147436,-3.941161,0.9901828,0.9891959,1
186.4772804,0.3129451,-0.3010844,1.392739,0.7353948,-0.05351476,-0.03497829,0.6746163,0.7655374,-0.06367063,-0.01688571,0.6400104,-0.06711256,0.4914535,0.0116794,-0.1336964,1.050743,0.02439778,-0.09518895,-3.936038,1.215128,0.9532774,1
186.5480542,0.3128491,-0.3010794,1.392776,0.7354211,-0.05346743,-0.03500122,0.6745902,0.7662156,-0.06321052,-0.0167385,0.6392477,-0.05123053,0.6722642,-0.01886296,-0.0985118,1.000515,0.010463,-0.2615685,-3.929344,1.438355,0.8641571,1
186.6183592,0.3127665,-0.3010898,1.39282,0.7356654,-0.05362071,-0.03475026,0.6743245,0.7667519,-0.06264636,-0.01640519,0.6386687,-0.1037634,0.7797733,-0.1300372,-0.08013744,1.156992,0.01488636,-0.4746215,-3.920818,1.633511,0.8097321,1
186.6872816,0.3126842,-0.3010832,1.392846,0.7357754,-0.05385442,-0.03452545,0.6741975,0.7667519,-0.06264636,-0.01640519,0.6386687,-0.0585607,0.6991415,0.04588685,-0.08376807,1.082095,0.01497487,-0.7017053,-1.67161,1.814499,0.5855073,1
186.7581373,0.3126022,-0.3010664,1.392817,0.7357302,-0.05384288,-0.03448425,0.6742499,0.7665974,-0.06245085,-0.01604888,0.6388824,-0.07444273,0.5928541,0.1033065,-0.006750119,0.9518241,-0.05594835,-0.8587749,-1.324931,1.833912,0.5561643,1
186.8275119,0.3125286,-0.3010574,1.392779,0.735674,-0.0538028,-0.03442576,0.6743174,0.7653433,-0.06192479,-0.01551234,0.6404485,-0.05245223,0.7480093,-0.05917888,-0.07194443,1.057515,-0.01364157,-1.067282,-0.7292614,1.769732,0.6822696,1
186.8973827,0.3124353,-0.3010589,1.392669,0.7357014,-0.05372776,-0.03443238,0.6742932,0.7638638,-0.06229004,-0.01529494,0.6421821,-0.06833426,0.7980987,0.01534449,-0.06383111,1.017574,-0.06268962,-1.195847,-0.09200758,1.555285,0.7057074,1
186.9671757,0.312347,-0.3010737,1.392577,0.7353739,-0.05371776,-0.03433115,0.6746564,0.7638638,-0.06229004,-0.01529494,0.6421821,-0.2222677,0.6356134,-0.1446975,-0.08615157,1.007523,0.005476985,-1.193341,0.3483227,1.234151,0.783834,1
187.0381225,0.3122521,-0.3010812,1.392431,0.7351428,-0.05339992,-0.03461804,0.6749187,0.7623976,-0.06313814,-0.01532558,0.6438388,-0.08177289,0.5879673,-0.01275449,-0.04492602,1.020001,0.01301689,-1.123991,0.5981262,0.8883404,0.8625866,1
187.1072587,0.3121701,-0.3010817,1.392313,0.7348776,-0.05311182,-0.03487327,0.675217,0.7618808,-0.06353536,-0.01552887,0.6444063,-0.01580139,0.5403212,0.02267465,-0.01641589,0.9555094,-0.01694889,-1.023381,0.7942535,0.5661067,0.8966616,1
187.1786693,0.312106,-0.3010921,1.392269,0.7348409,-0.05309739,-0.03480102,0.6752618,0.7618436,-0.06336311,-0.01564197,0.6444647,-0.02557495,0.5183308,0.003127541,-0.0917965,1.012313,-0.008860242,-0.9025434,0.9552563,0.2592897,0.9320591,1
187.2473462,0.3120334,-0.3010656,1.392178,0.7347498,-0.05291646,-0.03499684,0.675365,0.7619475,-0.06319036,-0.01567981,0.6443576,-0.08665967,0.5806372,-0.02374974,-0.07967658,1.02176,-0.01437357,-0.7393648,1.028744,-0.07034899,0.9370346,1
187.3183372,0.3119906,-0.3010489,1.39221,0.7347046,-0.05284981,-0.03499548,0.6754194,0.7622643,-0.06287879,-0.01565499,0.6440143,-0.03901359,0.3448501,0.009236012,-0.09279347,1.010691,-0.004169788,-0.5599074,1.006245,-0.3536263,0.9240989,1
187.387342,0.3119444,-0.3010027,1.392214,0.7346951,-0.05272634,-0.03504519,0.6754369,0.7622643,-0.06287879,-0.01565499,0.6440143,-0.02068817,0.2080204,0.0336699,-0.1127464,1.017741,-0.01685444,-0.4526422,0.9542398,-0.5112142,0.9293323,1
187.4583217,0.3119247,-0.3009681,1.392302,0.7347369,-0.05288831,-0.03489392,0.6753866,0.7629743,-0.06237935,-0.01557724,0.6432232,-0.04512206,0.3546237,-0.02130635,-0.06413148,1.026955,-0.005317083,-0.3701105,0.9118163,-0.6287276,0.9135704,1
187.527468,0.3118985,-0.3009316,1.392355,0.7349236,-0.05295075,-0.03465158,0.675191,0.7637857,-0.0619288,-0.0152141,0.642312,-0.00358445,0.3216379,-0.03841007,-0.0725681,0.9965777,-0.02357758,-0.2758543,0.894683,-0.7353647,0.9016113,1
187.5979135,0.3118685,-0.3009125,1.39243,0.7349593,-0.05310516,-0.03436594,0.6751546,0.7644287,-0.06121385,-0.01432895,0.6416355,-0.06955595,0.3656189,-0.04329685,-0.09276817,1.011659,-0.02163289,-0.1610245,0.8424013,-0.8475022,0.9312192,1
187.6674032,0.3118211,-0.3008682,1.392435,0.7351514,-0.05330171,-0.03401582,0.6749477,0.7646837,-0.06111974,-0.01369078,0.6413544,-0.006027838,0.3399633,0.08864614,-0.06685214,1.01054,-0.02966329,-0.05667095,0.7886363,-0.9405152,0.9450326,1
187.7372706,0.3117837,-0.3008436,1.392496,0.7351273,-0.05338994,-0.0338725,0.6749741,0.7645901,-0.06120621,-0.0133912,0.6414641,0.03795316,0.3399633,-0.02252804,-0.1009339,1.007073,-0.01224778,0.06642457,0.748425,-1.052677,0.9572091,1
187.8073612,0.3117318,-0.3008123,1.392483,0.7350276,-0.05337574,-0.03384788,0.6750851,0.764342,-0.06148926,-0.0133963,0.6417326,0.03428808,0.281322,-0.007867711,-0.07057851,0.9936044,-0.04073323,0.1537249,0.7287207,-1.129285,0.969251,1
187.8783222,0.3116961,-0.3007758,1.392482,0.7349906,-0.05354278,-0.03361963,0.6751235,0.7637595,-0.06252544,-0.01365355,0.6423203,0.04528333,0.3607321,-0.03474499,-0.1169955,1.087355,-0.03851325,0.2512039,0.709567,-1.20683,0.9285623,1
187.9472891,0.3116491,-0.3007326,1.392452,0.7349371,-0.05356686,-0.03363604,0.6751791,0.7637595,-0.06252544,-0.01365355,0.6423203,0.001302328,0.3240813,-0.03474499,-0.09149878,1.018502,-0.03647428,0.2884692,0.6928271,-1.220562,0.7784377,1
188.0176615,0.3116089,-0.3007119,1.392466,0.7348716,-0.05358075,-0.03381495,0.6752403,0.7637421,-0.06317936,-0.01423565,0.6422644,-0.004806144,0.3118644,-0.03596668,-0.1028838,1.004085,-0.03580274,0.2897616,0.7309338,-1.196931,0.8066974,1
188.0877855,0.3115498,-0.3006995,1.392432,0.7347532,-0.05340572,-0.03418527,0.6753644,0.7637421,-0.06317936,-0.01423565,0.6422644,-0.07688612,0.3961613,-0.01886296,-0.07029405,1.008966,-0.0419372,0.2280131,0.8297335,-1.121317,0.8831808,1
188.1576731,0.3114963,-0.3006782,1.392432,0.7345653,-0.05335833,-0.03453723,0.6755546,0.7638322,-0.06363271,-0.01489027,0.6420977,0.02084944,0.1872516,-0.007867711,-0.09522526,1.009588,-0.03315992,0.1453989,0.9579805,-1.021104,0.9259378,1
188.2272248,0.311459,-0.3006274,1.392417,0.7345805,-0.05319635,-0.03483893,0.6755353,0.7639344,-0.06353259,-0.01519982,0.6419786,-0.02435326,0.1139499,-0.04451855,-0.09418835,1.013016,-0.0649103,-0.0139887,1.092155,-0.8624933,0.9403375,1
188.2978332,0.311453,-0.3005993,1.392435,0.7345061,-0.05315214,-0.03495235,0.6756138,0.7641673,-0.06307976,-0.01517048,0.6417469,-0.03168342,0.1066197,-0.01886296,-0.09987048,1.016469,-0.0534232,-0.1665499,1.188861,-0.7157129,0.9341983,1
188.3672672,0.3114693,-0.3005677,1.392414,0.7346421,-0.05307912,-0.03496188,0.6754711,0.7645854,-0.06238343,-0.01488321,0.6413234,-0.01091462,0.09073769,-0.009089405,-0.07765316,1.016652,-0.06098992,-0.3335994,1.233688,-0.5734293,0.9218772,1
188.4374816,0.3115119,-0.3005158,1.392411,0.7348945,-0.05336469,-0.03452815,0.6751963,0.7650421,-0.06156796,-0.0143337,0.64087,-0.04512206,0.1603743,-0.0103111,-0.09641135,1.011082,-0.06660821,-0.3589253,1.243283,-0.5533599,0.9186026,1
188.5076178,0.3115674,-0.3004791,1.392414,0.7347894,-0.05330597,-0.03444311,0.6753197,0.7651295,-0.05980645,-0.01224378,0.6409759,-0.02679664,0.2556664,-0.01764126,-0.09468991,1.01412,-0.05681726,-0.3560289,1.235536,-0.5588218,0.923978,1
188.5773965,0.3116302,-0.3004439,1.392372,0.7348484,-0.05330445,-0.03406839,0.6752747,0.7645532,-0.05890764,-0.01093373,0.6417699,-0.0353485,0.2300109,-0.01153279,-0.09495591,1.015845,-0.03914785,-0.3683264,1.241752,-0.543332,0.9230598,1
188.6472637,0.3117009,-0.300424,1.392326,0.7347371,-0.05318607,-0.03384207,0.6754165,0.7639,-0.05868885,-0.0100439,0.6425816,-0.05733901,0.1970251,-0.02497143,-0.08975197,1.017745,-0.05267945,-0.4014296,1.256434,-0.5014185,0.9181316,1
188.717444,0.3117719,-0.3004006,1.392262,0.7345686,-0.05325856,-0.03345672,0.6756132,0.7639,-0.05868885,-0.0100439,0.6425816,-0.0353485,0.2287892,-0.01519788,-0.1003662,1.011992,-0.05974967,-0.4222572,1.273483,-0.4759061,0.9131743,1
188.7872421,0.311826,-0.3003632,1.392162,0.7344764,-0.05310809,-0.03333909,0.6757311,0.7631817,-0.05951207,-0.009945676,0.6433606,-0.04634375,0.2691051,-0.000537541,-0.09516901,1.013216,-0.06933933,-0.4206621,1.286777,-0.4640915,0.918264,1
188.8572294,0.311872,-0.3003586,1.392056,0.7344389,-0.05274001,-0.03351229,0.6757921,0.7627043,-0.0608395,-0.01063881,0.6437914,-0.02435326,0.3509586,-0.02497143,-0.1196466,1.01177,-0.03398867,-0.3345862,1.284293,-0.5270603,0.920657,1
188.9274302,0.3118913,-0.300344,1.391966,0.7340775,-0.05240446,-0.03387793,0.6761926,0.7628079,-0.06228141,-0.0120217,0.6435063,-0.05123053,0.2825437,0.004349235,-0.1070049,1.016879,-0.06868395,-0.2252019,1.269439,-0.5991799,0.919362,1
188.9974056,0.3119004,-0.3003149,1.391883,0.7340761,-0.05240074,-0.03387462,0.6761945,0.7635626,-0.06335618,-0.01378904,0.64247,-0.01702309,0.2739919,-0.02130635,-0.07073469,1.021415,-0.05981284,-0.1083724,1.239033,-0.6704053,0.9064294,1
189.0672683,0.3118995,-0.3002938,1.391811,0.7339756,-0.05221362,-0.0340925,0.6763071,0.7642341,-0.06346256,-0.0142889,0.6416498,-0.0353485,0.1958034,-0.01153279,-0.1058052,1.010218,-0.05482216,0.04675246,1.191843,-0.7617316,0.9000984,1
189.1378057,0.3119042,-0.300303,1.391805,0.7338535,-0.05215669,-0.0342193,0.6764376,0.7642341,-0.06346256,-0.0142889,0.6416498,-0.05367392,0.1872516,0.003127541,-0.08653716,1.012836,-0.06685501,0.09832026,1.164035,-0.7991424,0.9138757,1
189.207128,0.3118951,-0.300289,1.391797,0.7338924,-0.05215888,-0.03439041,0.6763865,0.7652382,-0.06339006,-0.0146855,0.6404499,-0.04390037,0.1591526,0.008014318,-0.09444733,1.006893,-0.06654294,0.2318069,1.121526,-0.8685887,0.9256567,1
189.2782256,0.3118602,-0.3002876,1.39182,0.7340175,-0.05228721,-0.03431774,0.6762446,0.7663168,-0.0633253,-0.01509026,0.6391561,-0.06100409,0.1872516,-0.0103111,-0.100379,1.013139,-0.04796962,0.2840192,1.095609,-0.8896325,0.9397019,1
189.3475083,0.3118336,-0.3003235,1.391941,0.7339754,-0.05259706,-0.03426358,0.676269,0.7670534,-0.06341124,-0.01549409,0.6382538,-0.06222578,0.1298319,-0.01641957,-0.08406059,1.016693,-0.06690457,0.2914467,1.087685,-0.8896496,0.9351442,1
189.4175099,0.3117803,-0.3003441,1.392003,0.734028,-0.05268632,-0.03438078,0.676199,0.767219,-0.06402342,-0.01585579,0.6379846,-0.07810781,0.165261,-0.01764126,-0.0818689,1.010207,-0.05648357,0.3025512,1.094874,-0.8924082,0.9274619,1
189.4874881,0.3117252,-0.3003748,1.392051,0.7341056,-0.05273071,-0.03461783,0.6760992,0.766722,-0.06440406,-0.01619919,0.638535,-0.01702309,0.2348976,-0.01764126,-0.09049097,1.024012,-0.04244962,0.298629,1.101711,-0.8805776,0.9290987,1
189.5578183,0.311675,-0.3004291,1.392082,0.7341303,-0.05285509,-0.03465983,0.6760604,0.766722,-0.06440406,-0.01619919,0.638535,-0.02557495,0.2764353,-0.02008465,-0.08528688,1.020645,-0.06549002,0.2420902,1.158331,-0.8295205,0.9045698,1
189.6273185,0.3116204,-0.3004812,1.392046,0.7339943,-0.05307057,-0.034608,0.676194,0.7655068,-0.06399175,-0.01585807,0.6400411,-0.09032475,0.2825437,-0.02619313,-0.09592061,1.004586,-0.07609805,0.1912658,1.196604,-0.7839298,0.8989295,1
189.6977747,0.3115796,-0.3005338,1.392053,0.7338181,-0.0529598,-0.03483144,0.6763824,0.7649214,-0.06346207,-0.01507894,0.6408123,-0.06344748,0.1432706,-0.02008465,-0.07391135,1.011106,-0.1016974,0.1470638,1.220307,-0.7438087,0.9245709,1
189.7674312,0.3115502,-0.3006048,1.392109,0.7338064,-0.05293449,-0.03482826,0.6763973,0.7650121,-0.0627897,-0.01452826,0.6407828,-0.07444273,0.1188367,-0.005424321,-0.09791204,1.011841,-0.04991093,0.1703039,1.220337,-0.752053,0.9310403,1
189.8373021,0.311537,-0.3007008,1.392165,0.7337843,-0.05278362,-0.03493224,0.6764276,0.7660872,-0.06187578,-0.01383578,0.6396015,-0.0145797,0.253223,-0.009089405,-0.00214798,1.019105,-0.05789071,0.3190916,1.192491,-0.8006263,0.9319238,1
189.9072455,0.3115345,-0.3007796,1.392245,0.7338428,-0.05279325,-0.03480391,0.67637,0.7672834,-0.06109803,-0.01319318,0.6382547,-0.04756545,0.3179729,-0.01764126,-0.08801686,1.011103,-0.0705201,0.3651576,1.201162,-0.7943812,0.9284685,1
189.9775209,0.3115492,-0.3008377,1.392385,0.7341049,-0.05286272,-0.03453891,0.6760937,0.7686554,-0.06041039,-0.01267894,0.6366778,-0.1343058,0.1921383,0.006792624,-0.08162095,1.008935,-0.05965953,0.3515027,1.237958,-0.7607077,0.9348969,1
190.0472147,0.3115784,-0.3009169,1.39257,0.7343119,-0.05277265,-0.03447673,0.675879,0.7701093,-0.06011198,-0.01222053,0.6349557,-0.10132,0.3155294,-0.009089405,-0.08038861,1.012184,-0.052822,0.3435544,1.268802,-0.735232,0.9460664,1
190.1172538,0.3115997,-0.3010003,1.392688,0.7344916,-0.05275674,-0.03423601,0.6756972,0.7701093,-0.06011198,-0.01222053,0.6349557,-0.0805512,0.3289681,-0.02374974,-0.09346363,1.016183,-0.04750502,0.3494407,1.28861,-0.7052421,0.9445942,1
190.1877085,0.3116229,-0.3010897,1.392873,0.7348444,-0.05277014,-0.03395109,0.6753269,0.7701083,-0.06021997,-0.01199847,0.6349508,-0.08543798,0.6050711,-0.03963177,-0.09100837,1.018025,-0.03499162,0.4383467,1.263156,-0.7100111,0.9308606,1
190.2571497,0.3116403,-0.3011535,1.39304,0.7351116,-0.05285401,-0.03362759,0.6750457,0.7693031,-0.06075506,-0.01186801,0.6358776,-0.09887662,0.4511375,-0.08116937,-0.07222276,1.014513,-0.06635252,0.5644547,1.207617,-0.7212341,0.9205514,1
190.3272783,0.3116476,-0.3012334,1.393164,0.7351789,-0.05272081,-0.0335357,0.6749874,0.7679329,-0.06149715,-0.01190059,0.6374601,-0.08299459,0.1970251,-0.02130635,-0.1206355,1.019582,-0.01862071,0.7103105,1.094074,-0.7379495,0.9170402,1
190.3976459,0.3116425,-0.3013255,1.393242,0.7353309,-0.05250869,-0.03351757,0.6748392,0.7671453,-0.06168652,-0.01190571,0.6383894,-0.08543798,0.06996889,0.001905847,-0.1013638,1.01514,-0.04603479,0.7204256,1.060302,-0.7261449,0.9033966,1
190.4672609,0.3116344,-0.3014051,1.393287,0.7353187,-0.05241075,-0.03347007,0.6748626,0.7671453,-0.06168652,-0.01190571,0.6383894,0.02695791,0.02598788,0.009236012,-0.08163054,1.014056,-0.04326729,0.7455295,1.060258,-0.7353033,0.9064642,1
190.537384,0.3116582,-0.3014704,1.393357,0.7352877,-0.0523518,-0.03320718,0.6749138,0.7664638,-0.06151323,-0.01181502,0.6392257,-0.001141062,0.07607735,0.02023126,-0.09051495,1.013754,-0.04254747,0.7909688,1.069898,-0.7472447,0.9172633,1
190.6073811,0.3116985,-0.3015299,1.393395,0.7354341,-0.05244643,-0.032822,0.6747658,0.7663472,-0.06120075,-0.01114754,0.6394077,0.004967414,0.1383838,-0.006646017,-0.07940206,1.006404,-0.06281248,0.7656599,1.117633,-0.7380977,0.9284755,1
190.6774588,0.3117516,-0.3015558,1.393391,0.7355894,-0.05224747,-0.03249456,0.6746277,0.766478,-0.06099221,-0.01061198,0.6392797,-0.02190987,0.1249451,-0.02741482,-0.08428291,1.027954,-0.06534722,0.7561989,1.147573,-0.7326246,0.9366769,1
190.7472092,0.3118379,-0.3015898,1.393482,0.7357915,-0.0524443,-0.03186104,0.6744223,0.766478,-0.06099221,-0.01061198,0.6392797,-0.06711256,0.2031336,0.004349235,-0.09048696,1.013941,-0.06343997,0.7477853,1.159351,-0.7298777,0.9044629,1
190.8177582,0.311912,-0.3016011,1.393532,0.7359653,-0.05241701,-0.03144054,0.6742544,0.7666609,-0.06078164,-0.01009326,0.639089,-0.03168342,0.1481573,-0.002980933,-0.1005966,1.027354,-0.04473453,0.7439824,1.159505,-0.7235022,0.8972819,1
190.8871791,0.3119799,-0.3016055,1.393554,0.7360321,-0.05246324,-0.03093432,0.6742013,0.7668518,-0.0607926,-0.00954894,0.6388671,-0.07932951,0.1249451,0.000684153,-0.08284272,1.024366,-0.04120713,0.7466044,1.159406,-0.714415,0.873612,1
190.9573097,0.3120407,-0.3016101,1.393554,0.7362691,-0.05245709,-0.03049673,0.6739631,0.7669432,-0.0608802,-0.009061873,0.638756,-0.09643323,0.0650821,-0.01153279,-0.08311366,1.012111,-0.04471745,0.7670231,1.125222,-0.7108213,0.8717587,1
191.0276912,0.3120918,-0.3016061,1.393522,0.7361728,-0.05220991,-0.03033284,0.6740948,0.7666271,-0.06104633,-0.008806981,0.6391233,-0.09276814,0.1310536,0.003127541,-0.08900537,1.021668,-0.05052235,0.8105993,1.078678,-0.707284,0.8929638,1
191.0972506,0.3121224,-0.301576,1.393398,0.7361499,-0.05203966,-0.03015578,0.6741409,0.7654827,-0.06177925,-0.009028874,0.64042,-0.1562963,0.4743497,-0.009089405,-0.1630516,1.020931,-0.03422744,0.9202864,0.9417781,-0.7102597,0.8831241,1
191.1675989,0.3121391,-0.3015702,1.39331,0.7359536,-0.05198149,-0.0300457,0.6743645,0.7654827,-0.06177925,-0.009028874,0.64042,-0.161183,0.01377094,0.02878312,-0.1028603,1.009335,-0.04423438,0.9601619,0.8505643,-0.6948795,0.8679168,1
191.2377334,0.3121312,-0.3015391,1.393193,0.7358398,-0.05194175,-0.03003909,0.6744921,0.7649862,-0.06224991,-0.00932005,0.6409633,-0.004806144,-0.008219562,-0.004202627,-0.09644587,1.010468,-0.04153157,0.9340393,0.8725829,-0.685724,0.8971975,1
191.3076572,0.3121045,-0.3015027,1.393073,0.7356105,-0.05163007,-0.03039172,0.6747503,0.7647436,-0.06250058,-0.009668149,0.6412234,0.0294013,-0.05220056,0.006792624,-0.08399662,1.039034,-0.07558265,0.9004459,0.9406689,-0.683836,0.9032626,1
191.3773109,0.3120746,-0.3014719,1.393025,0.7353685,-0.05133354,-0.0306605,0.6750244,0.7646806,-0.06253935,-0.01001719,0.6412891,-0.06344748,-0.005776173,-0.007867711,-0.08784337,1.002899,-0.02960461,0.8772238,0.953987,-0.680142,0.8647255,1
191.4478015,0.3120443,-0.3014178,1.392927,0.7354091,-0.05131668,-0.03058841,0.6749848,0.7648704,-0.06220369,-0.01001544,0.6410956,0.008632496,-0.02776667,-0.004202627,-0.0658551,1.001383,-0.05361355,0.8538498,0.9921076,-0.6737258,0.9067402,1
191.5175992,0.3120335,-0.3013791,1.392878,0.7353286,-0.05135018,-0.03037226,0.6750797,0.7652839,-0.06160696,-0.009519711,0.6406671,-0.04634375,-0.006997867,-0.009089405,-0.08211684,1.018998,-0.0398991,0.8594744,1.015721,-0.6846589,0.9388973,1
191.5873332,0.3120338,-0.301341,1.392806,0.7353161,-0.05145068,-0.03004578,0.6751003,0.7657763,-0.06111521,-0.008820221,0.6401356,-0.01702309,-0.01921481,-0.02985821,-0.08731424,1.013015,-0.03859673,0.8640633,1.023169,-0.6846726,0.9308389,1
191.6574946,0.3120363,-0.3012865,1.392713,0.7353352,-0.05148279,-0.02979339,0.6750882,0.7657763,-0.06111521,-0.008820221,0.6401356,-0.0585607,0.01621433,-0.01519788,-0.09742375,1.012391,-0.0450024,0.8612423,1.020421,-0.6810271,0.9321726,1
191.7287277,0.3120332,-0.3012284,1.392614,0.7352239,-0.05148711,-0.02969947,0.6752132,0.765675,-0.06073621,-0.008689888,0.6402946,-0.0145797,0.001553995,0.01656618,-0.09915607,1.01474,-0.03693034,0.8603578,1.025223,-0.6846635,0.9329494,1
191.7972911,0.3120311,-0.3011867,1.392549,0.7351503,-0.05132376,-0.02977409,0.6753024,0.7646627,-0.06150478,-0.009240463,0.6414223,0.002524022,-0.006997867,-0.01764126,-0.09420729,1.016237,-0.04480422,0.8705077,1.03245,-0.6856009,0.9273665,1
191.8677347,0.3120059,-0.3011588,1.392433,0.7349578,-0.05123161,-0.02984874,0.6755157,0.7637171,-0.06241685,-0.009959154,0.6424491,0.04406164,-0.02043651,-0.006646017,-0.1055709,1.012358,-0.04158124,0.8825094,1.063442,-0.6929147,0.9220342,1
191.9372808,0.3119571,-0.3011329,1.392308,0.7346451,-0.05111896,-0.03006659,0.6758547,0.7632567,-0.06335092,-0.01097956,0.6428881,-0.05000884,0.008884161,-0.006646017,-0.0877976,1.012911,-0.04646084,0.8861083,1.086187,-0.6929297,0.9254446,1
192.0084451,0.3119041,-0.3010927,1.392198,0.7343964,-0.05076041,-0.03069901,0.6761235,0.7633052,-0.06377169,-0.012026,0.6427703,-0.05733901,0.002775689,-0.01153279,-0.09345458,1.016583,-0.05365484,0.8749655,1.080908,-0.6883528,0.9279374,1
192.0775594,0.3118469,-0.3010587,1.392138,0.7343301,-0.05078922,-0.03090983,0.6761838,0.7641185,-0.06347013,-0.01278732,0.6418183,-0.06344748,0.005219078,-0.02252804,-0.09322111,1.012215,-0.05137939,0.8694521,1.063008,-0.6856058,0.9225454,1
192.1473921,0.3118082,-0.3010473,1.392086,0.734331,-0.05047887,-0.03136992,0.6761848,0.7641185,-0.06347013,-0.01278732,0.6418183,-0.03901359,-0.009441256,-0.02130635,-0.08705709,1.014397,-0.04402283,0.8638868,1.053694,-0.6819516,0.926578,1
192.2172462,0.3117714,-0.301018,1.392006,0.7340944,-0.05005678,-0.03186828,0.6764497,0.7659843,-0.06036564,-0.01178135,0.6399104,-0.06466917,0.03209636,-0.009089405,-0.09025333,1.019347,-0.04385632,0.8601536,1.037633,-0.6755722,0.9247972,1
192.2885651,0.3117798,-0.300983,1.392016,0.7342978,-0.04997835,-0.03169798,0.6762427,0.767327,-0.05802594,-0.01022057,0.6385435,-0.06466917,0.03942652,-0.005424321,-0.09396473,1.019538,-0.035758,0.8768982,1.012175,-0.6756089,0.9114933,1
192.3571228,0.3118093,-0.3009754,1.392043,0.7342974,-0.05002058,-0.0315401,0.6762474,0.7686373,-0.05640934,-0.008631557,0.6371343,-0.08543798,0.02354449,-0.002980933,-0.08978981,1.014912,-0.0290454,0.874181,0.971279,-0.6683165,0.9043654,1
192.4282668,0.3118588,-0.3009835,1.39209,0.7345564,-0.04997427,-0.0312866,0.6759813,0.7693798,-0.05561901,-0.007391952,0.6363226,-0.08421628,0.02843127,-0.02252804,-0.1013718,1.01122,-0.04696131,0.8723661,0.9389298,-0.6619379,0.9130363,1
192.4974043,0.3119165,-0.3009747,1.392121,0.734692,-0.04999866,-0.03095503,0.6758473,0.7695144,-0.05521438,-0.006532364,0.6362044,-0.02190987,-0.004554478,0.003127541,-0.09224944,1.011365,-0.04128844,0.8742312,0.9350414,-0.6619417,0.9253578,1
192.5681735,0.31199,-0.3009726,1.392169,0.7348302,-0.04978031,-0.03090489,0.6757154,0.7695144,-0.05521438,-0.006532364,0.6362044,-0.01213631,-0.000889394,-0.001759239,-0.09227732,1.00466,-0.03209855,0.8770275,0.9330229,-0.6628578,0.9395968,1
192.6373002,0.3120728,-0.3009993,1.392211,0.7349784,-0.04965708,-0.03063303,0.6755757,0.7694481,-0.05475049,-0.005896777,0.636331,-0.02435326,-0.008219562,-0.001759239,-0.09521863,1.011017,-0.03563816,0.891765,0.9515119,-0.6647191,0.9587747,1
192.7078176,0.3121665,-0.301017,1.392259,0.7352992,-0.04979373,-0.03006608,0.6752419,0.7690628,-0.05481102,-0.005527876,0.6367947,-0.01702309,-0.006997867,-0.0103111,-0.08606333,1.020818,-0.03772316,0.8954914,0.9656666,-0.6701886,0.9528334,1
192.7773536,0.3122545,-0.3010532,1.392334,0.7351917,-0.04974276,-0.0298369,0.675373,0.7684888,-0.0562041,-0.005710497,0.6373644,-0.01091462,-0.006997867,-0.02497143,-0.09397893,1.012178,-0.03810949,0.8955558,0.9647086,-0.6738262,0.9313357,1
192.8471681,0.3123255,-0.3010804,1.39235,0.7354695,-0.0496007,-0.029679,0.6750879,0.7684888,-0.0562041,-0.005710497,0.6373644,-0.04512206,0.0882943,-0.006646017,-0.06684634,1.003958,-0.0457887,0.9048004,0.9605286,-0.6729394,0.9372893,1
192.9175619,0.3123794,-0.3011265,1.392417,0.7355871,-0.04969278,-0.02937173,0.6749665,0.7681929,-0.05737343,-0.006495833,0.6376092,-0.013358,0.02476619,-0.001759239,-0.0925108,1.007524,-0.03705569,0.9362895,0.9554667,-0.6757473,0.9594955,1
192.9872618,0.3124102,-0.3011675,1.392451,0.7356323,-0.04964636,-0.02931358,0.6749231,0.7677895,-0.05851876,-0.00754042,0.6379794,-0.01213631,0.01254924,-0.01641957,-0.09050122,1.018864,-0.04384996,0.9549271,0.9547247,-0.6848889,0.9624748,1
193.0573293,0.3124393,-0.3012005,1.392511,0.735862,-0.0497949,-0.02903298,0.6746739,0.7676971,-0.05906084,-0.008019134,0.638035,8.06339E-05,0.003997383,0.000684153,-0.09791731,1.012903,-0.04402795,0.9659849,0.9657305,-0.6858295,0.9406035,1
193.1275522,0.3124557,-0.3012333,1.392564,0.7359368,-0.04976328,-0.02900325,0.6745957,0.767833,-0.05926986,-0.008274183,0.6378489,-0.01946648,0.02720958,0.01534449,-0.08976724,1.018418,-0.0399095,0.9854497,0.9735406,-0.6913379,0.9316334,1
193.1974745,0.3124682,-0.3012696,1.392643,0.7359653,-0.04980505,-0.02889224,0.6745665,0.7680265,-0.05916584,-0.008314788,0.6376247,0.02329283,0.001553995,-0.005424321,-0.09496769,1.002944,-0.05321603,0.994689,0.9846175,-0.6940926,0.9272963,1
193.2673033,0.3124658,-0.3012913,1.392699,0.7361215,-0.04996009,-0.02874115,0.674391,0.7683588,-0.05920231,-0.008200377,0.6372225,-0.01824478,0.002775689,-0.006646017,-0.09074558,1.009066,-0.06312452,1.00214,0.9957633,-0.7004803,0.9491988,1
193.3374686,0.3124742,-0.3013137,1.392795,0.7363271,-0.04975181,-0.02889192,0.6741754,0.7683588,-0.05920231,-0.008200377,0.6372225,-0.04267867,0.01254924,-0.004202627,-0.09347168,1.015522,-0.04258023,1.005807,0.9956191,-0.6986709,0.9526106,1
193.4072127,0.312476,-0.3013238,1.392834,0.7365313,-0.04984577,-0.02871043,0.6739532,0.7684392,-0.05901917,-0.008089378,0.637144,-0.03779189,0.01132755,-0.009089405,-0.09124663,1.012169,-0.0518654,1.00865,0.9897833,-0.7014049,0.9413614,1
193.477372,0.3124886,-0.3013408,1.392868,0.7367039,-0.04989927,-0.02849883,0.6737695,0.7681515,-0.05852757,-0.007717147,0.6375408,-0.02190987,-0.006997867,-0.02374974,-0.0968947,1.02301,-0.05301871,1.012268,0.9905961,-0.6968675,0.9320441,1
193.5475419,0.3125277,-0.3013774,1.39292,0.7366885,-0.0501924,-0.02807307,0.6737825,0.7671797,-0.05840944,-0.006987721,0.6387289,-0.04267867,0.02110111,0.009236012,-0.09321637,1.013666,-0.05238336,1.014108,0.9924306,-0.6968727,0.9092354,1
193.6173697,0.312559,-0.301389,1.392869,0.7366942,-0.05027231,-0.02788495,0.6737781,0.7659757,-0.05868502,-0.006509453,0.6401522,-0.03290512,-0.003332783,-0.0103111,-0.09299794,1.008967,-0.03928957,1.011389,0.9906295,-0.6995934,0.9158169,1
193.6873469,0.3125831,-0.3013848,1.3928,0.7367616,-0.05041966,-0.0275715,0.6737061,0.7654788,-0.05924772,-0.006569527,0.6406939,-0.04267867,-0.002111089,-0.006646017,-0.09371872,1.009515,-0.053062,1.014178,0.9867045,-0.6995996,0.9353395,1
193.7575318,0.3125959,-0.3014134,1.392762,0.7367396,-0.05047817,-0.02760001,0.6737247,0.7650532,-0.06045441,-0.007280178,0.6410818,-0.03168342,0.01132755,-0.004202627,-0.08975997,1.010816,-0.05896936,1.005785,0.9832248,-0.6941208,0.945253,1
193.8278584,0.3125806,-0.3014299,1.392651,0.736571,-0.05052836,-0.02766474,0.6739028,0.7650532,-0.06045441,-0.007280178,0.6410818,-0.04634375,0.006440773,-0.0103111,-0.0924808,1.010194,-0.05503486,1.006692,0.9803289,-0.6923036,0.9477333,1
193.8973768,0.3125608,-0.3014378,1.392582,0.7364933,-0.05050939,-0.02782158,0.6739825,0.7649155,-0.06135691,-0.007822476,0.6411539,-0.02190987,-0.01432803,-0.005424321,-0.09223375,1.01169,-0.0525982,1.001143,0.9881766,-0.6941102,0.9489985,1
193.96748,0.3125407,-0.3014413,1.392529,0.7364573,-0.05051029,-0.02786729,0.6740199,0.7651395,-0.06129029,-0.007944234,0.6408914,-0.03290512,-0.003332783,-0.004202627,-0.08630842,1.013034,-0.0528488,0.9992341,0.9987429,-0.6931985,0.9464294,1
194.0374719,0.3125182,-0.3014383,1.392493,0.7363912,-0.05051319,-0.02799191,0.6740867,0.7655745,-0.06096933,-0.007974871,0.6404018,-0.03412681,-0.004554478,-0.01519788,-0.08779724,1.015664,-0.04183105,1.001049,0.9996256,-0.6913846,0.9410192,1
194.1072926,0.3124945,-0.3014423,1.392463,0.7365069,-0.05078311,-0.02766561,0.6739534,0.7655745,-0.06096933,-0.007974871,0.6404018,-0.03046173,-0.005776173,-0.0103111,-0.100874,1.01442,-0.04454861,0.9871314,0.9982708,-0.6877109,0.9325003,1
194.1778092,0.3124771,-0.3014345,1.392442,0.7365807,-0.05093633,-0.02752995,0.6738669,0.7662806,-0.06073939,-0.007519193,0.6395843,-0.03168342,-0.009441256,-0.02008465,-0.08410085,1.011883,-0.04496235,0.9908329,1.00766,-0.6904509,0.9290258,1
194.2472753,0.3124536,-0.3014077,1.392441,0.7367289,-0.05097923,-0.02744931,0.6737049,0.7662806,-0.06073939,-0.007519193,0.6395843,-0.03168342,-0.003332783,-0.0103111,-0.09049948,1.012076,-0.05726901,0.9880368,1.020167,-0.6922657,0.9349197,1
194.3177416,0.3124272,-0.3013951,1.392433,0.7365639,-0.05089264,-0.02754302,0.673888,0.7664445,-0.0607881,-0.007398076,0.6393845,-0.009692922,0.0003323,-0.005424321,-0.08508313,1.010848,-0.05035662,0.9833657,1.021307,-0.6895257,0.9376486,1
194.3874076,0.3123865,-0.3013859,1.39245,0.7367613,-0.05097527,-0.02744914,0.6736697,0.7670687,-0.06085573,-0.007568665,0.6386272,-0.02679664,-0.009441256,-0.02619313,-0.1023582,1.010231,-0.04916134,0.980516,1.025236,-0.6858818,0.9434624,1
194.4572177,0.3123347,-0.3013626,1.392501,0.7368585,-0.05118838,-0.02725614,0.6735551,0.7676309,-0.06125386,-0.007754385,0.637911,-0.04145698,-0.01554973,-0.007867711,-0.1030977,1.016003,-0.03941588,0.9434098,1.050546,-0.683974,0.9423919,1
194.527825,0.312255,-0.3013407,1.392541,0.7369825,-0.05136085,-0.02725291,0.6734065,0.7679754,-0.06170344,-0.007941544,0.6374507,-0.05611731,0.005219078,-0.005424321,-0.09718853,1.007252,-0.04541921,0.9042423,1.06927,-0.667509,0.9350109,1
194.597327,0.3121773,-0.3013223,1.392584,0.7370046,-0.05126441,-0.02759145,0.6733758,0.7679754,-0.06170344,-0.007941544,0.6374507,-0.007249534,-0.03021006,-0.000537541,-0.09841824,1.009488,-0.04447144,0.877183,1.083698,-0.6556209,0.9472356,1
194.6673931,0.3121052,-0.3012926,1.392624,0.7371992,-0.05122577,-0.02789882,0.6731531,0.7679527,-0.062415,-0.008638889,0.6373995,-0.0145797,-0.01677142,-0.02252804,-0.08826843,1.011664,-0.0658593,0.8659789,1.113704,-0.656509,0.9517118,1
194.7372928,0.3120485,-0.3012623,1.392683,0.7372804,-0.05126699,-0.02794929,0.6730588,0.7679159,-0.06207599,-0.008822083,0.6374745,-0.04023528,0.003997383,-0.0103111,-0.0917232,1.017253,-0.05562636,0.8650739,1.123274,-0.6601467,0.9442831,1
194.8076887,0.3120117,-0.3012085,1.392693,0.7373257,-0.05141265,-0.0278171,0.6730036,0.7680352,-0.06104756,-0.008098885,0.6374398,-0.05978239,0.01254924,-0.007867711,-0.09743337,1.005732,-0.04957586,0.8594825,1.113008,-0.6546734,0.9343583,1
194.8774053,0.3119972,-0.3011855,1.392735,0.7373852,-0.05115787,-0.02813543,0.6729447,0.7679478,-0.06019261,-0.007108346,0.637638,-0.02557495,0.005219078,-0.01397618,-0.09643345,1.014339,-0.04404501,0.8603711,1.107253,-0.6510366,0.9463557,1
194.9477424,0.3119657,-0.3011744,1.392718,0.7374998,-0.05125168,-0.02801153,0.672817,0.7679478,-0.06019261,-0.007108346,0.637638,-0.01946648,-0.003332783,-0.01641957,-0.09223833,1.010989,-0.05037624,0.8659775,1.107029,-0.6546886,0.9421464,1
195.0173764,0.3119375,-0.3011522,1.392688,0.7375225,-0.05099577,-0.02811375,0.6728073,0.7673703,-0.05910034,-0.00608179,0.6384457,-0.02679664,-0.006997867,-0.0103111,-0.09492518,1.016502,-0.06127594,0.8678331,1.119351,-0.6583341,0.9394611,1
195.0875372,0.3119225,-0.3011385,1.392682,0.7374268,-0.05094795,-0.02797537,0.6729215,0.7667075,-0.05851618,-0.00534039,0.6393018,-0.04145698,-0.005776173,-0.007867711,-0.0890272,1.013141,-0.04917057,0.8687354,1.117409,-0.6565171,0.9283086,1
195.1573065,0.3119179,-0.301128,1.392584,0.7373877,-0.05081034,-0.02792323,0.672977,0.76625,-0.0581738,-0.004622862,0.6398869,-0.01824478,-0.01188464,-0.009089405,-0.09050727,1.013167,-0.04942035,0.8678126,1.12412,-0.6583352,0.9290413,1
195.2281398,0.3119324,-0.3011219,1.392506,0.7373632,-0.05069952,-0.02776215,0.6730189,0.7659303,-0.05811751,-0.004398204,0.6402762,-0.009692922,-0.01066295,-0.01886296,-0.09248517,1.009993,-0.05208281,0.8622748,1.122432,-0.6583205,0.9330947,1
195.2971844,0.3119429,-0.3011065,1.392403,0.7372787,-0.05075777,-0.02751029,0.6731173,0.7657644,-0.05839413,-0.004366361,0.6404496,-0.03901359,-0.000889394,0.001905847,-0.09051495,1.013754,-0.04254747,0.8669033,1.124156,-0.6592423,0.9397205,1
195.3672338,0.311944,-0.3010913,1.39236,0.7372355,-0.05066457,-0.02740648,0.673176,0.7658666,-0.05878332,-0.004553668,0.6402906,-0.02679664,-0.008219562,-0.02374974,-0.09222412,1.012334,-0.05875154,0.8668896,1.120343,-0.6574225,0.9380549,1
195.4375027,0.3118961,-0.3010562,1.392291,0.7371001,-0.05027832,-0.02765019,0.6733432,0.7658666,-0.05878332,-0.004553668,0.6402906,-0.05123053,0.0003323,-0.002980933,-0.1003746,1.011586,-0.05409127,0.8622419,1.119574,-0.6555915,0.936781,1
195.5074324,0.3118505,-0.3010713,1.39232,0.7371017,-0.05038463,-0.02755943,0.6733372,0.7665896,-0.05920371,-0.00519561,0.639381,-0.04634375,-0.002111089,-0.01153279,-0.09693269,1.013411,-0.04132946,0.8594577,1.108242,-0.6519439,0.936235,1
195.5773945,0.3117673,-0.3010685,1.392367,0.737194,-0.05043577,-0.02755309,0.6732326,0.7672763,-0.05932005,-0.005625494,0.6385423,-0.02313156,0.001553995,-0.005424321,-0.09248596,1.016769,-0.03940088,0.8659624,1.10703,-0.6537791,0.9322174,1
195.6474664,0.3116708,-0.3010313,1.392403,0.7374828,-0.0505215,-0.02759941,0.6729079,0.7688782,-0.06023494,-0.006594002,0.6365174,-0.0365702,-0.004554478,-0.007867711,-0.08926583,1.01506,-0.05190223,0.8669155,1.110806,-0.6565107,0.9240608,1
195.7170414,0.3115743,-0.3010282,1.39251,0.7374657,-0.05058382,-0.0277527,0.6729156,0.7695873,-0.06146508,-0.007965796,0.6355265,-0.0145797,-0.004554478,-0.02863652,-0.09250006,1.007403,-0.04540988,0.8613489,1.105306,-0.6537669,0.9262067,1
195.7872611,0.311464,-0.3010228,1.392549,0.7376641,-0.05062997,-0.02801352,0.6726838,0.7691762,-0.06242474,-0.009175889,0.6359138,-0.03779189,-0.01188464,-0.02008465,-0.09322626,1.014279,-0.0437905,0.8669251,1.105084,-0.6555999,0.9409851,1
195.8574095,0.3113306,-0.3010103,1.392555,0.737647,-0.050387,-0.02851702,0.6726997,0.7684669,-0.06267922,-0.009873517,0.6367357,-0.0145797,-0.004554478,-0.009089405,-0.1008661,1.015835,-0.04800969,0.866936,1.106037,-0.6565096,0.9359289,1
195.9274283,0.3111899,-0.300988,1.392557,0.7376568,-0.0503313,-0.02879724,0.6726813,0.7684669,-0.06267922,-0.009873517,0.6367357,-0.02435326,0.003997383,-0.007867711,-0.08653911,1.023636,-0.04612095,0.8641247,1.108056,-0.6546841,0.9202598,1
195.9973154,0.311065,-0.3009753,1.39255,0.7376655,-0.0503112,-0.02901467,0.6726639,0.7678054,-0.06162645,-0.009540454,0.6376408,-0.03901359,-0.01066295,-0.01641957,-0.1008794,1.013227,-0.04256532,0.8650587,1.112787,-0.6565065,0.9020491,1
196.0674462,0.3109636,-0.3009876,1.392554,0.7377239,-0.0501877,-0.02913044,0.672604,0.7677332,-0.06021735,-0.00874868,0.6378736,-0.02068817,-0.002111089,-0.01153279,-0.0900095,1.015114,-0.04920144,0.8669032,1.113667,-0.6565114,0.9083992,1
196.1371499,0.3108966,-0.3009861,1.392573,0.7377685,-0.05026846,-0.0291039,0.6725501,0.7682183,-0.05832864,-0.00755617,0.6374803,-0.009692922,0.001553995,-0.009089405,-0.09494338,1.016206,-0.0480005,0.8715428,1.116344,-0.6583428,0.9128358,1
196.2072525,0.3108404,-0.3009525,1.392555,0.7379848,-0.05026826,-0.02888408,0.6723223,0.7689119,-0.05715984,-0.00642556,0.636762,-0.02313156,-0.004554478,-0.009089405,-0.1011146,1.015358,-0.04751191,0.8678428,1.124118,-0.660154,0.9116578,1
196.2781963,0.3108221,-0.3009252,1.392599,0.7380757,-0.05026599,-0.02873502,0.6722291,0.7692862,-0.0566861,-0.005620934,0.6363598,-0.02557495,-0.01799312,-0.01397618,-0.09001297,1.010641,-0.05454372,0.8706268,1.124962,-0.6610708,0.9143333,1
196.3473578,0.3108162,-0.300917,1.392665,0.7381299,-0.05036482,-0.02839003,0.6721768,0.7692862,-0.0566861,-0.005620934,0.6363598,-0.03412681,-0.01677142,0.000684153,-0.1050548,1.017358,-0.0497623,0.8650301,1.129952,-0.6592389,0.9228916,1
196.4175476,0.3107966,-0.3009129,1.392697,0.7382936,-0.05032215,-0.02821766,0.6720076,0.7695285,-0.05658175,-0.005082346,0.6360806,-0.05978239,-0.01677142,0.01045771,-0.1030845,1.011593,-0.05729296,0.8538887,1.131348,-0.6564824,0.915948,1
196.4877749,0.3107696,-0.3008947,1.392756,0.7384189,-0.05030471,-0.02799712,0.6718804,0.7698609,-0.05712127,-0.005082145,0.6356298,-0.02924003,-0.01799312,-0.01275449,-0.09888361,1.012189,-0.06097769,0.8455533,1.135493,-0.656462,0.9206727,1
196.5576786,0.3107254,-0.3009046,1.392811,0.7384765,-0.05041884,-0.02780537,0.6718164,0.769695,-0.05794453,-0.005653054,0.6357514,-0.01946648,-0.01432803,-0.007867711,-0.0914851,1.013334,-0.05606077,0.8418464,1.141361,-0.6573634,0.9250865,1
196.6274749,0.3106633,-0.3008989,1.392825,0.7386371,-0.05058372,-0.02761168,0.6716354,0.769695,-0.05794453,-0.005653054,0.6357514,-0.01580139,-0.01188464,0.009236012,-0.09394846,1.015595,-0.05511638,0.8381559,1.143414,-0.6582638,0.925458,1
196.698065,0.3105977,-0.3008965,1.392833,0.7386338,-0.0504774,-0.02777934,0.6716402,0.769303,-0.05924128,-0.00651668,0.636098,-0.0145797,-0.02410159,-0.01519788,-0.09987752,1.011034,-0.05776855,0.8381231,1.151044,-0.6582657,0.9226112,1
196.7673933,0.3105308,-0.3008855,1.392798,0.738624,-0.05046045,-0.02785642,0.671649,0.7686054,-0.06037232,-0.007710733,0.6368214,-0.013358,-0.03021006,-0.03841007,-0.09839924,1.013535,-0.05165691,0.8252168,1.161089,-0.662782,0.9271362,1
196.8375755,0.3104742,-0.3008787,1.39274,0.7384741,-0.05032269,-0.02817985,0.6718107,0.7675548,-0.06040905,-0.00845208,0.6380743,-0.013358,-0.05464395,-0.02008465,-0.0984045,1.010085,-0.05381902,0.8169103,1.169046,-0.6654907,0.9291257,1
196.9075931,0.3104195,-0.3008716,1.3927,0.7384566,-0.05022835,-0.02828321,0.6718326,0.7670588,-0.06014237,-0.008526884,0.6386946,0.002524022,-0.03265345,-0.02008465,-0.09889454,1.008803,-0.058717,0.8020236,1.178219,-0.6618173,0.9373917,1
196.9773174,0.3103695,-0.3008775,1.392696,0.7383959,-0.04989569,-0.02856205,0.6719124,0.7672759,-0.05954617,-0.008270025,0.638493,-0.04756545,-0.1035117,0.001905847,-0.1026027,1.006952,-0.05673329,0.7834192,1.192308,-0.6581354,0.9468654,1
197.0480043,0.3103109,-0.3008834,1.392711,0.7384139,-0.05008623,-0.02840683,0.6718849,0.7672759,-0.05954617,-0.008270025,0.638493,-0.0353485,-0.08152124,-0.01153279,-0.09938843,1.006311,-0.06286024,0.7491176,1.213693,-0.6571432,0.9566815,1
197.1186411,0.3102711,-0.3008794,1.392761,0.7385004,-0.05016971,-0.02836271,0.6717855,0.7678586,-0.05901179,-0.007924058,0.6378462,-0.03290512,-0.1157287,-0.02252804,-0.09543642,1.011198,-0.05726846,0.7287027,1.225945,-0.655275,0.9616309,1
197.1873395,0.3102617,-0.3008527,1.392786,0.7385601,-0.05005835,-0.02840626,0.6717262,0.7683152,-0.05891543,-0.007570893,0.6373093,-0.0145797,-0.1096202,-0.02741482,-0.10752,1.010365,-0.06392173,0.701945,1.229863,-0.6588449,0.9547426,1
197.2582049,0.3102655,-0.3008243,1.392761,0.7386838,-0.05010374,-0.02832053,0.6715906,0.7685755,-0.05845511,-0.007045068,0.637044,-0.04267867,-0.1658181,-0.002980933,-0.1073118,0.9972578,-0.05807959,0.6778536,1.247982,-0.6596969,0.9523408,1
197.327687,0.310292,-0.3008071,1.392736,0.7387641,-0.05025635,-0.0281518,0.6714978,0.768333,-0.05826558,-0.00669758,0.6373574,-0.03168342,-0.10229,0.006792624,-0.1038351,1.006962,-0.05771952,0.666741,1.25319,-0.6596696,0.9665507,1
197.3985379,0.3103285,-0.3007856,1.39269,0.7388787,-0.05007416,-0.02815184,0.6713854,0.7672827,-0.05780816,-0.006006591,0.6386698,-0.05978239,-0.158488,0.0116794,-0.07817071,1.006907,-0.06011332,0.6398764,1.260929,-0.6577837,0.9708905,1
197.4672378,0.3103517,-0.3007881,1.392626,0.7386733,-0.04993212,-0.02813686,0.6716226,0.7664475,-0.05733482,-0.005478486,0.6397192,-0.05000884,-0.1096202,0.005570929,-0.09518574,1.010396,-0.06168003,0.6008378,1.277737,-0.6485937,0.9732002,1
197.5386611,0.3103745,-0.3007887,1.392551,0.7385809,-0.04982658,-0.02814521,0.6717317,0.7664475,-0.05733482,-0.005478486,0.6397192,-0.04512206,-0.04853548,-0.004202627,-0.1030761,1.013755,-0.05978176,0.5897322,1.284852,-0.6494762,0.9615122,1
197.6073728,0.3103973,-0.3007769,1.392459,0.7385435,-0.04991503,-0.02786683,0.6717779,0.7662388,-0.05721888,-0.005132355,0.6399826,-0.05489562,-0.1157287,0.004349235,-0.1038231,1.014347,-0.05364804,0.5638372,1.292552,-0.650321,0.9432979,1
197.6773355,0.3104255,-0.3007707,1.392384,0.7383983,-0.04975307,-0.0279064,0.6719479,0.7663014,-0.057619,-0.005013213,0.6398725,-0.07810781,-0.1352758,0.03977837,-0.1087597,1.016724,-0.0480419,0.5128083,1.310786,-0.6429194,0.9287659,1
197.7475218,0.3104571,-0.3007663,1.3923,0.7383056,-0.04965298,-0.02786944,0.6720587,0.7664945,-0.05771017,-0.005037703,0.6396329,-0.08788136,-0.1609314,0.001905847,-0.06346934,0.9741791,-0.04018978,0.4320127,1.328298,-0.6236188,0.9233698,1
197.818064,0.3104827,-0.3007485,1.392183,0.738221,-0.04966037,-0.02777991,0.6721546,0.7666675,-0.0576851,-0.005032264,0.6394277,-0.05489562,-0.2036907,0.01656618,-0.09100369,1.015215,-0.04355279,0.3242935,1.349738,-0.5978843,0.9433677,1
197.8872389,0.3104975,-0.3007065,1.392084,0.7381881,-0.04958032,-0.02774566,0.6721981,0.767039,-0.05762897,-0.005158,0.6389861,-0.03779189,-0.306313,-0.005424321,-0.07123568,1.021259,-0.05440502,0.1943889,1.375871,-0.5730033,0.9348876,1
197.9574501,0.310516,-0.3006917,1.392014,0.7381983,-0.04937428,-0.02789201,0.672196,0.767039,-0.05762897,-0.005158,0.6389861,-0.06833426,-0.2818791,-0.03107991,-0.09866845,1.009532,-0.04176929,0.05971838,1.383126,-0.5344644,0.920478,1
198.027355,0.3105235,-0.3006756,1.391892,0.7380084,-0.04928091,-0.02790888,0.6724107,0.7671821,-0.05773448,-0.00552734,0.6388018,-0.02313156,-0.2073558,0.01534449,-0.1006276,1.019181,-0.03576922,-0.06293857,1.387045,-0.4950462,0.9261976,1
198.0972811,0.3105325,-0.3006758,1.391736,0.73783,-0.04920223,-0.02781815,0.672616,0.7664316,-0.05772888,-0.005607381,0.639702,-0.04390037,-0.2843225,-0.009089405,-0.08779586,1.013644,-0.04647141,-0.1874318,1.398665,-0.4583533,0.9168202,1
198.1673296,0.3105695,-0.3006866,1.39159,0.7376511,-0.04908498,-0.02777137,0.6728226,0.7651465,-0.05763867,-0.005403221,0.6412482,-0.04267867,-0.1536012,-0.01275449,-0.093002,1.01177,-0.03121983,-0.2905008,1.392269,-0.4271674,0.922237,1
198.2373904,0.3106184,-0.3006794,1.391436,0.7373447,-0.04889482,-0.02782905,0.67317,0.7651827,-0.05729157,-0.004888907,0.6412404,-0.03412681,-0.1377192,-0.007867711,-0.08311544,1.013134,-0.04153728,-0.3500753,1.389871,-0.4006412,0.9322243,1
198.3072767,0.3106874,-0.3006666,1.391299,0.7372698,-0.04875657,-0.02765512,0.6732692,0.7656323,-0.05695229,-0.00436943,0.6407374,-0.04267867,-0.1010683,-0.01641957,-0.09198387,1.013153,-0.05237293,-0.3965831,1.382184,-0.380513,0.936003,1
198.3778268,0.3107405,-0.3006376,1.391135,0.7369921,-0.04865,-0.02758986,0.6735834,0.7656323,-0.05695229,-0.00436943,0.6407374,-0.04267867,-0.1047334,0.000684153,-0.1060764,1.008242,-0.03980277,-0.4226496,1.384175,-0.3695339,0.9374433,1
198.4471954,0.3107768,-0.3006273,1.391016,0.7368291,-0.0485057,-0.02750403,0.6737757,0.7659823,-0.05718574,-0.004254535,0.6402989,-0.04512206,-0.1988039,-0.01397618,-0.09743175,1.012982,-0.03788381,-0.4346126,1.372251,-0.3695001,0.9444412,1
198.5172956,0.3107871,-0.3006154,1.390947,0.7367752,-0.0482161,-0.0276883,0.6738478,0.76682,-0.05749935,-0.004547358,0.6392652,-0.05245223,-0.2159076,-0.02130635,-0.09546389,1.013011,-0.03320989,-0.4056881,1.364423,-0.3841228,0.9420063,1
198.5873797,0.3107626,-0.300614,1.390933,0.7370079,-0.04839233,-0.02746191,0.6735899,0.7677106,-0.05764627,-0.004953764,0.6381792,-0.03168342,-0.2415632,-0.01397618,-0.0966795,1.020101,-0.03429821,-0.3692111,1.358199,-0.4087687,0.9349074,1
198.6574085,0.3107078,-0.3006122,1.39088,0.7370188,-0.04856047,-0.02735844,0.6735702,0.7691299,-0.05853745,-0.005892344,0.6363786,-0.07810781,-0.2892093,-0.03107991,-0.111763,1.005981,-0.0351146,-0.349445,1.345011,-0.427004,0.9229257,1
198.7273826,0.3106605,-0.3006267,1.390869,0.7371389,-0.04864751,-0.02737898,0.6734316,0.7691299,-0.05853745,-0.005892344,0.6363786,-0.08543798,-0.3197517,0.001905847,-0.1090299,1.014235,-0.03473544,-0.3874227,1.316003,-0.4141675,0.9356871,1
198.7980399,0.310595,-0.3006144,1.390821,0.7372215,-0.04858375,-0.02746081,0.6733425,0.7695664,-0.05956988,-0.007125445,0.6357421,-0.1159803,-0.2782141,0.006792624,-0.09916475,1.017093,-0.02615074,-0.4699228,1.243945,-0.3802898,0.9300674,1
198.8670488,0.3105425,-0.3006104,1.390821,0.7374563,-0.0488003,-0.02734063,0.6730745,0.7693778,-0.06035579,-0.007910334,0.6358868,-0.1086502,-0.2818791,0.01534449,-0.1068379,1.0095,-0.02139053,-0.5610656,1.170332,-0.3263828,0.9239768,1
198.9372587,0.3104761,-0.300614,1.390798,0.7374462,-0.04885155,-0.02741544,0.6730789,0.7690443,-0.06106966,-0.008284204,0.6362173,-0.08421628,-0.262332,-0.03107991,-0.09672086,1.011543,-0.01820024,-0.6540529,1.106328,-0.2752016,0.9346905,1
199.0073231,0.310402,-0.3006557,1.390777,0.7374683,-0.04890173,-0.02757538,0.6730444,0.768923,-0.06132424,-0.008518115,0.6363362,-0.04756545,-0.1291673,-0.02252804,-0.1530123,1.010816,0.006248336,-0.663294,1.067598,-0.2651647,0.9379889,1
199.0775169,0.3103362,-0.300687,1.390792,0.7375185,-0.04910281,-0.0275222,0.6729769,0.7688034,-0.06098899,-0.0084638,0.6365138,0.0281796,-0.1645965,-0.001759239,-0.09844361,1.014786,-0.01579363,-0.7191312,1.080308,-0.2450177,0.9275395,1
199.1472125,0.310266,-0.3006962,1.390709,0.7375001,-0.04889375,-0.02765024,0.6730071,0.7687179,-0.06003827,-0.007593922,0.6367185,-0.008471228,-0.2061341,-0.0103111,-0.08414873,1.005905,-0.01931684,-0.7833548,1.080955,-0.217571,0.9309981,1
199.2173259,0.3102404,-0.300731,1.390737,0.7375583,-0.04915112,-0.02736478,0.6729363,0.7685875,-0.05865917,-0.006139144,0.6370201,-0.06589086,-0.1328324,-0.01153279,-0.0848785,1.00881,-0.02206394,-0.8188281,1.065206,-0.1920128,0.9546413,1
199.2872255,0.3102324,-0.3007508,1.390701,0.7376537,-0.04927317,-0.0270445,0.6728356,0.7685875,-0.05865917,-0.006139144,0.6370201,-0.0585607,-0.04853548,0.000684153,-0.1002014,1.007646,-0.005372872,-0.8337551,1.038148,-0.1765079,0.9666682,1
199.3574464,0.3102378,-0.3007821,1.390705,0.7376568,-0.04939655,-0.02679931,0.6728331,0.7684643,-0.05849071,-0.005597331,0.6371891,-0.02435326,-0.2611103,-0.02619313,-0.1048592,1.014921,-0.01531979,-0.8980051,1.006377,-0.1390496,0.9669791,1
199.4276659,0.3102088,-0.3007902,1.390617,0.7375877,-0.04943204,-0.02670314,0.67291,0.767975,-0.05889558,-0.00536342,0.6377434,-0.03290512,-0.2256812,-0.007867711,-0.1043865,1.006872,-0.0139737,-0.9844984,0.9611855,-0.0942556,0.9546028,1
199.4973744,0.3101852,-0.3008232,1.390582,0.7376339,-0.04941504,-0.02658243,0.6728654,0.7675912,-0.05943174,-0.005431063,0.6381552,0.05872197,-0.2317896,-0.001759239,-0.0954961,1.016381,-0.002783936,-1.061898,0.9432907,-0.04767304,0.9566706,1
199.5675273,0.3101388,-0.3008724,1.390518,0.737564,-0.04942459,-0.02647934,0.6729453,0.7671965,-0.05964164,-0.005517527,0.6386094,0.04406164,-0.2831008,-0.02008465,-0.1110283,1.012796,-0.01874498,-1.157936,0.9299521,0.007140835,0.9436921,1
199.6374623,0.3100856,-0.3009275,1.390456,0.7374975,-0.04947453,-0.02634861,0.6730196,0.7667003,-0.05990908,-0.005671762,0.6391785,-0.009692922,-0.2757707,-0.05673549,-0.07897294,0.9963399,-0.03194584,-1.181564,0.9289954,0.03903061,0.9422368,1
199.7074213,0.3100283,-0.3009613,1.390369,0.73741,-0.04939266,-0.02641985,0.6731188,0.7667003,-0.05990908,-0.005671762,0.6391785,0.01229758,-0.2586669,-0.02130635,-0.1351091,1.043494,-0.0398911,-1.094232,1.015158,-0.01123222,0.9351975,1
199.7773095,0.3099751,-0.3010047,1.390315,0.7374253,-0.04943785,-0.02632228,0.6731026,0.7664346,-0.0600008,-0.005878642,0.6394866,-0.02435326,-0.2684405,-0.007867711,-0.1092944,1.013437,-0.02268219,-1.070112,1.046622,-0.02494304,0.8634435,1
199.8481576,0.309931,-0.3010418,1.390248,0.7374673,-0.0492969,-0.02652999,0.6730587,0.7668046,-0.05973201,-0.006189138,0.6390653,-0.04878715,-0.3759496,-0.01764126,-0.05792972,1.017433,-0.04743577,-1.097364,1.018154,0.009691153,0.8742641,1
199.9172467,0.3098956,-0.3010748,1.390219,0.7372909,-0.04932134,-0.02659079,0.6732478,0.7672718,-0.05956299,-0.006193712,0.6385198,-0.01702309,-0.3331903,-0.02008465,-0.07941106,1.019288,-0.03301526,-1.127242,0.9802501,0.03796871,0.8929124,1
199.9883238,0.3098805,-0.3010985,1.390211,0.7374722,-0.04942425,-0.02651076,0.6730448,0.7678998,-0.05910049,-0.005875282,0.6378105,-0.02435326,-0.2598886,-0.004202627,-0.1112728,1.009768,-0.02582903,-1.125378,0.9763617,0.03796489,0.9012972,1
200.057666,0.3098872,-0.301138,1.390251,0.7374611,-0.04938481,-0.02640647,0.6730639,0.7678998,-0.05910049,-0.005875282,0.6378105,-0.0353485,-0.2195727,-0.01764126,-0.1016151,1.021713,-0.03089291,-1.150524,0.937314,0.05986482,0.912663,1
200.1273808,0.3098937,-0.301194,1.390249,0.7375678,-0.04953887,-0.02623651,0.6729423,0.7686389,-0.05826872,-0.005256593,0.6370016,-0.01702309,-0.2305679,-0.004202627,-0.1063315,1.009344,-0.03146334,-1.193474,0.895164,0.09727098,0.905237,1
200.1976111,0.3099026,-0.3012325,1.390232,0.7376189,-0.04946236,-0.02620471,0.6728932,0.7688687,-0.05774735,-0.00469926,0.6367763,0.01229758,-0.2659971,0.006792624,-0.08634563,1.011698,-0.02702447,-1.257019,0.844301,0.1529202,0.922007,1
200.2674001,0.3099212,-0.3012564,1.390226,0.7378091,-0.04939436,-0.02616814,0.672691,0.7682754,-0.0577708,-0.004547521,0.6374908,-0.04023528,-0.3417421,-0.02497143,-0.119151,1.008728,-0.0410707,-1.297212,0.7953677,0.1930491,0.9358976,1
200.3373864,0.3099384,-0.3012954,1.390166,0.7375594,-0.04931009,-0.02633398,0.6729646,0.7665214,-0.05789374,-0.004717812,0.6395864,-0.01946648,-0.2244595,-0.005424321,-0.05772562,1.014899,-0.01962747,-1.297356,0.7658182,0.209426,0.9415523,1
200.4072782,0.3099572,-0.3013556,1.390091,0.737518,-0.04907114,-0.02646121,0.6730224,0.7665214,-0.05789374,-0.004717812,0.6395864,-0.01702309,-0.2146859,-0.0103111,-0.1001422,1.011242,-0.04376368,-1.285655,0.782528,0.2239421,0.943705,1
200.4778305,0.309967,-0.3014023,1.390014,0.7374533,-0.0490007,-0.02647037,0.673098,0.7657508,-0.05771041,-0.004764624,0.6405251,-0.009692922,-0.2501151,0.006792624,-0.09398277,1.013976,-0.03199136,-1.253081,0.8241414,0.1992942,0.9428333,1
200.5472378,0.3099749,-0.3014356,1.389944,0.7374477,-0.04884111,-0.02655987,0.6731122,0.7658808,-0.05727796,-0.004637353,0.6404094,-0.01213631,-0.362511,0.02145296,-0.09297911,1.015272,-0.04232965,-1.199991,0.858263,0.1655016,0.9373106,1
200.6174701,0.3099792,-0.3014987,1.389897,0.7374374,-0.04886656,-0.02652516,0.6731231,0.7661898,-0.05711263,-0.004529499,0.6400552,-0.03290512,-0.322195,-0.0103111,-0.1004037,1.013668,-0.02831623,-1.136166,0.8862216,0.09894472,0.9307348,1
200.6874791,0.3099764,-0.3015577,1.389832,0.7373824,-0.04871247,-0.02667217,0.6731886,0.7665689,-0.05719634,-0.004763208,0.6395918,-0.05000884,-0.2916527,-0.007867711,-0.1105283,1.005694,-0.03633626,-1.079897,0.9097162,0.04332113,0.9336428,1
200.7577426,0.3099667,-0.3016019,1.38974,0.7375576,-0.04878555,-0.02659141,0.6729946,0.766801,-0.05747198,-0.005118132,0.639286,-0.09765492,-0.2684405,-0.04329685,-0.09919754,1.009692,-0.01449317,-1.026332,0.8999423,-0.007740194,0.9495577,1
200.8272915,0.3099768,-0.3016444,1.389674,0.7376144,-0.04861796,-0.02678213,0.6729369,0.766943,-0.05771163,-0.00549639,0.6390912,0.001302328,-0.2635537,0.008014318,-0.09944337,1.009937,-0.01474308,-0.9840454,0.8953879,-0.04877048,0.9564102,1
200.8974749,0.3099889,-0.301724,1.389599,0.7374504,-0.04865166,-0.02679929,0.6731135,0.766943,-0.05771163,-0.00549639,0.6390912,-0.05245223,-0.1878086,-0.01886296,-0.1124769,1.018733,-0.03235117,-0.9625235,0.9107385,-0.06883634,0.9517179,1
200.9671976,0.3099952,-0.301782,1.389483,0.7373683,-0.04857126,-0.0269327,0.6732038,0.7667134,-0.05823451,-0.005860642,0.6393159,0.01229758,-0.2794358,0.0336699,-0.09547989,1.014193,-0.01897272,-0.9542744,0.9161354,-0.06613073,0.9295899,1
201.0377067,0.3100039,-0.3018496,1.389395,0.7373852,-0.04850005,-0.02715118,0.6731818,0.7665339,-0.05856452,-0.006079048,0.6394989,-0.07688612,-0.3246385,-0.03596668,-0.1137475,1.013409,-0.01384524,-0.9546474,0.9256965,-0.04612549,0.9261432,1
201.1073794,0.3099983,-0.3018982,1.389308,0.7373074,-0.0483845,-0.02736504,0.6732666,0.7666656,-0.05855833,-0.006346866,0.6393389,-0.08788136,-0.2354547,-0.03963177,-0.1097939,1.012262,-0.02020882,-0.9219199,0.9177157,-0.06712367,0.9260309,1
201.1775003,0.3100031,-0.301955,1.389216,0.7374362,-0.04843478,-0.02735039,0.6731225,0.7670551,-0.0583272,-0.006413192,0.6388922,0.01474097,-0.2794358,0.03000482,-0.1144816,1.012854,-0.01949158,-0.9058495,0.9218367,-0.08990088,0.9280789,1
201.2471691,0.3100362,-0.3020279,1.389147,0.7372467,-0.04845793,-0.02736178,0.673328,0.767556,-0.05782852,-0.005927637,0.6383402,-0.02679664,-0.3319686,-0.02374974,-0.0853917,1.012802,-4.08664E-06,-0.8902742,0.9288529,-0.08357693,0.9294761,1
201.3175128,0.3100722,-0.3020793,1.389038,0.7372453,-0.04865042,-0.02716702,0.6733236,0.7675458,-0.05765692,-0.005429775,0.6383725,-0.009692922,-0.3478506,0.03122651,-0.1137445,1.01538,-0.01264484,-0.8726417,0.9434096,-0.09181044,0.9332258,1
201.3876995,0.3101041,-0.3021332,1.388926,0.7372674,-0.04859867,-0.02707714,0.6733067,0.7675458,-0.05765692,-0.005429775,0.6383725,0.02207113,-0.2403415,0.05443871,-0.09324858,1.014029,-0.02732081,-0.893801,0.9709703,-0.04902144,0.9266689,1
201.4566786,0.3101078,-0.3021836,1.388777,0.7370849,-0.04835945,-0.02734063,0.6735131,0.7667121,-0.05768672,-0.005582698,0.6393695,-0.04023528,-0.3710628,0.008014318,-0.1043524,1.009747,-0.03465922,-0.8948281,0.9738746,-0.04356317,0.9293175,1
201.5277956,0.3101084,-0.3022618,1.388696,0.737113,-0.04854074,-0.02719413,0.6734752,0.7661128,-0.05785551,-0.006057143,0.6400679,-0.04756545,-0.3405204,-0.01519788,-0.09594762,1.016169,-0.03497699,-0.8491285,0.9500955,-0.118245,0.9354045,1
201.5963445,0.3100993,-0.3023513,1.388591,0.7367423,-0.04836405,-0.02751273,0.6738805,0.7658641,-0.05781375,-0.006518558,0.6403648,-0.01824478,-0.3368554,-0.006646017,-0.1006806,1.014764,-0.003510633,-0.8087596,0.9255672,-0.2056445,0.9286972,1
201.6666871,0.3100857,-0.3024279,1.388463,0.7366006,-0.04825945,-0.02759735,0.6740392,0.7658877,-0.05765504,-0.00685595,0.6403474,-0.05489562,-0.3918316,-0.001759239,-0.1031392,1.01271,-0.01380911,-0.80896,0.9160458,-0.1910912,0.9231544,1
201.7364774,0.3100886,-0.3024922,1.388357,0.7363996,-0.04812697,-0.02780776,0.6742597,0.7658877,-0.05765504,-0.00685595,0.6403474,-0.04756545,-0.3588459,0.004349235,-0.09843493,1.012433,-0.02657324,-0.8185642,0.9021336,-0.1656,0.9158605,1
201.80682,0.310123,-0.3025635,1.388275,0.7361513,-0.04787725,-0.02811538,0.6745359,0.7660064,-0.05737003,-0.006952457,0.6402298,-0.02313156,-0.3539591,-0.006646017,-0.0915304,1.011588,-0.02482376,-0.8154994,0.8762583,-0.1765141,0.9246464,1
201.8765343,0.3101712,-0.3026272,1.388201,0.7361313,-0.04774968,-0.0281157,0.6745667,0.766336,-0.05680783,-0.006906733,0.6398861,-0.05123053,-0.2879876,-0.000537541,-0.09374125,1.014781,-0.02659559,-0.7896416,0.8446953,-0.2229518,0.9338145,1
201.947298,0.3102417,-0.3026752,1.388166,0.7360291,-0.04749827,-0.02825788,0.6746899,0.766336,-0.05680783,-0.006906733,0.6398861,-0.1074285,-0.2488934,-0.06650904,-0.09672985,1.00638,-0.02058342,-0.7681521,0.7894592,-0.2784662,0.9380772,1
202.0163235,0.3103301,-0.3027126,1.38817,0.7362042,-0.04757016,-0.02798549,0.6745053,0.7673766,-0.05523224,-0.006449588,0.6387807,-0.06344748,-0.08274292,-0.01641957,-0.08580182,1.02992,-0.03269281,-0.7660924,0.7683938,-0.2857413,0.9447264,1
202.0877934,0.3104268,-0.302756,1.388199,0.7363359,-0.04764839,-0.02759866,0.674372,0.7677581,-0.0548453,-0.005962692,0.6383601,0.06727383,-0.3918316,0.01412279,-0.1015847,1.013601,-0.06837759,-0.788072,0.7893091,-0.2474955,0.9078965,1
202.1574058,0.3105224,-0.3028083,1.38823,0.7363572,-0.04783614,-0.02711978,0.6743549,0.7677581,-0.0548453,-0.005962692,0.6383601,-0.01702309,-0.2757707,-0.02497143,-0.0710412,1.018082,-0.02044338,-0.792617,0.7856726,-0.2511205,0.9045932,1
202.2274622,0.3106146,-0.3028317,1.388233,0.7365986,-0.04770145,-0.02695982,0.6741071,0.7680325,-0.05482127,-0.005513392,0.6380362,-0.05489562,-0.2769924,0.03000482,-0.0920507,1.005885,-0.01466645,-0.7889197,0.7750374,-0.2483992,0.9158357,1
202.2972998,0.3107158,-0.30285,1.388276,0.7366772,-0.04769275,-0.02684104,0.6740265,0.7680053,-0.05504559,-0.005384892,0.6380508,-0.04756545,-0.2721056,0.004349235,-0.09794104,1.008909,-0.0331568,-0.8046075,0.777592,-0.1947052,0.9428959,1
202.3674059,0.3108039,-0.3028786,1.388278,0.7365998,-0.04767727,-0.02673072,0.6741166,0.7676132,-0.05564319,-0.005662687,0.6384681,-0.05733901,-0.2892093,-0.01886296,-0.06732339,1.015814,-0.03711344,-0.8238981,0.7688439,-0.1437273,0.952085,1
202.4373742,0.3108801,-0.302894,1.38824,0.7365317,-0.04735897,-0.02694617,0.6742048,0.767435,-0.05591695,-0.005853824,0.6386566,-0.05245223,-0.2684405,-0.005424321,-0.09377428,1.007132,-0.01518021,-0.8367376,0.7503059,-0.089126,0.949855,1
202.5075394,0.3109267,-0.3028892,1.388208,0.736472,-0.04711035,-0.0271319,0.67428,0.7669724,-0.05658901,-0.00656689,0.6391461,-0.02557495,-0.3075347,-0.001759239,-0.08956651,1.012413,-0.01573759,-0.8385563,0.739888,-0.0882093,0.9623982,1
202.5775467,0.3109471,-0.3028936,1.388184,0.7364876,-0.04707913,-0.02717598,0.6742634,0.7669724,-0.05658901,-0.00656689,0.6391461,-0.02801834,-0.3295252,-0.005424321,-0.07448386,1.015514,-0.03393177,-0.842701,0.7248088,-0.05727544,0.9675138,1
202.6471141,0.3109307,-0.3029299,1.388142,0.7365479,-0.04711302,-0.02720068,0.6741942,0.7667902,-0.05723548,-0.007259361,0.6392998,-0.03412681,-0.2317896,-0.01153279,-0.0856286,1.013949,-0.005428015,-0.849535,0.7079265,-0.03088119,0.9555215,1
202.7174196,0.3108973,-0.3029464,1.388053,0.73636,-0.04687541,-0.02767929,0.6743965,0.7665931,-0.05795169,-0.008262813,0.6394593,-0.06833426,-0.2427849,-0.01519788,-0.08262672,1.016185,-0.03248686,-0.8583879,0.6920826,0.005521325,0.9466772,1
202.7866181,0.3108904,-0.3029349,1.388036,0.7363143,-0.04666106,-0.02818278,0.6744403,0.7665638,-0.0580224,-0.008774891,0.6394812,-0.0805512,-0.2134642,-0.02497143,-0.09080463,1.011235,-0.01449481,-0.8409166,0.6379687,-0.03088576,0.9396957,1
202.8563875,0.3108979,-0.3029194,1.387962,0.7360871,-0.04647378,-0.02859484,0.6746839,0.7667042,-0.05775479,-0.009080209,0.6393328,-0.008471228,-0.2831008,0.01290109,-0.08487324,1.022787,-0.001129924,-0.8356577,0.5948327,-0.05817027,0.9380379,1
202.9267784,0.3109459,-0.30292,1.387957,0.7362158,-0.04651222,-0.02858535,0.6745412,0.7669088,-0.05706378,-0.008882351,0.6391523,-0.1098719,-0.1963605,-0.04818363,-0.0878498,1.014,-0.004942681,-0.8333858,0.5489607,-0.07180549,0.9204023,1
202.9964427,0.3109919,-0.302918,1.387913,0.7362504,-0.04637527,-0.02873674,0.6745065,0.7669088,-0.05706378,-0.008882351,0.6391523,-0.1074285,-0.2061341,-0.04940532,-0.09920264,1.011504,-0.007392185,-0.8270192,0.4886394,-0.04998121,0.925149,1
203.0666983,0.311053,-0.30289,1.387901,0.7363304,-0.04619221,-0.02879003,0.6744294,0.767078,-0.05609635,-0.008213043,0.6390436,-0.02190987,-0.3429639,-0.02985821,-0.09349753,1.030601,0.003897197,-0.8243511,0.4322786,-0.02905783,0.9233047,1
203.1362708,0.3111086,-0.3028782,1.387875,0.7363284,-0.04603774,-0.02875978,0.6744435,0.7676027,-0.05413836,-0.00688906,0.6385981,-0.04145698,-0.3551808,0.01656618,-0.07381634,1.012056,0.01502666,-0.8261788,0.3723053,0.04098533,0.8948371,1
203.206953,0.3111782,-0.3028981,1.387872,0.7362437,-0.04584195,-0.02876101,0.6745492,0.7676805,-0.05315166,-0.006100394,0.6385955,-0.03290512,-0.2769924,-0.0323016,-0.09184827,0.9978559,0.004619404,-0.8278967,0.3218597,0.1019319,0.9175352,1
203.2769871,0.3112557,-0.3029105,1.387869,0.7364794,-0.04587203,-0.02850217,0.6743007,0.7671269,-0.05284727,-0.00571952,0.6392891,-0.06344748,-0.1059551,-0.0103111,-0.0624103,1.017714,-0.01722194,-0.8221524,0.2835128,0.155581,0.9447221,1
203.3463188,0.3113282,-0.3028879,1.38781,0.7363991,-0.04561744,-0.02857777,0.6744025,0.766595,-0.05318477,-0.006100252,0.6398954,-0.04634375,-0.006997867,-0.001759239,-0.1019206,1.013858,-0.000305685,-0.8185114,0.271928,0.1619403,0.9406174,1
203.4168443,0.3113851,-0.3028842,1.387739,0.7363608,-0.04549411,-0.02852453,0.674455,0.766137,-0.05384695,-0.006947905,0.6403796,-0.05611731,-0.03387515,-0.01641957,-0.0834126,1.013204,-0.003199964,-0.8111333,0.2649618,0.1646513,0.936886,1
203.4863848,0.3114185,-0.3029154,1.387665,0.7362988,-0.04545084,-0.02845464,0.6745285,0.766137,-0.05384695,-0.006947905,0.6403796,-0.06100409,-0.02654498,-0.005424321,-0.07798462,1.0136,-0.002209277,-0.8056685,0.248538,0.1737353,0.9404697,1
203.5571017,0.3114187,-0.302929,1.387555,0.7362261,-0.04535878,-0.02858077,0.6746086,0.7656307,-0.05491196,-0.008071192,0.6408813,-0.04267867,-0.008219562,0.01778787,-0.08487604,1.01956,-0.004769826,-0.809385,0.2496391,0.174654,0.9395077,1
203.6265558,0.3114065,-0.302955,1.387531,0.7361438,-0.04523347,-0.02869309,0.6747022,0.7657902,-0.05629278,-0.009426318,0.6405525,-0.03779189,-0.01066295,-0.01397618,-0.08686845,1.012038,-0.004174677,-0.8057439,0.2485432,0.1782825,0.9290794,1
203.6968664,0.3113647,-0.3029813,1.387482,0.7361901,-0.04521487,-0.02873908,0.6746508,0.7663931,-0.05628345,-0.009866051,0.6398253,-0.03046173,-0.003332783,0.01534449,-0.09354366,1.007309,-0.002648262,-0.8038527,0.2456065,0.1764596,0.9392816,1
203.7674099,0.3113214,-0.3029987,1.387452,0.7362784,-0.04523563,-0.02883727,0.674549,0.7670445,-0.05633917,-0.01015177,0.6390346,-0.02924003,-0.009441256,-0.000537541,-0.08763185,1.00705,0.004497121,-0.8019493,0.2398084,0.1746374,0.9585785,1
203.8372816,0.3112772,-0.3030124,1.387467,0.7363653,-0.04536023,-0.02882181,0.6744463,0.7670445,-0.05633917,-0.01015177,0.6390346,-0.03168342,0.003997383,0.001905847,-0.07872713,1.014141,0.000484476,-0.8029353,0.2436634,0.1773671,0.9691011,1
203.9064125,0.3112269,-0.3030163,1.387503,0.7364133,-0.0452862,-0.02902774,0.6743901,0.7678312,-0.05638327,-0.01022557,0.6380842,-0.02679664,-0.005776173,-0.01886296,-0.09130567,1.015841,-0.000553993,-0.8038102,0.242743,0.1746414,0.9591194,1
203.9769853,0.3111579,-0.303015,1.387509,0.7365057,-0.04544396,-0.02894827,0.674282,0.7686433,-0.05632282,-0.01028814,0.6371101,-0.0365702,-0.002111089,-0.01153279,-0.08120394,1.010036,0.00029185,-0.8065682,0.2428516,0.1737391,0.9485082,1
204.0475708,0.3110763,-0.3030441,1.38756,0.7366083,-0.04555709,-0.02883139,0.6741672,0.7688479,-0.05655058,-0.01057857,0.6368382,-0.02557495,0.0003323,-0.02497143,-0.1024059,1.015531,-0.00352593,-0.799205,0.2463754,0.1746287,0.9514771,1
204.1167078,0.3109677,-0.3030621,1.387553,0.7367647,-0.04575373,-0.02872853,0.6739875,0.7680265,-0.0571715,-0.01103599,0.6377654,-0.03779189,0.0003323,-0.005424321,-0.06788695,1.006086,-0.001338789,-0.8056369,0.2447217,0.1728268,0.946528,1
204.186359,0.3108491,-0.3030635,1.387496,0.7367464,-0.04599465,-0.02864985,0.6739945,0.7680265,-0.0571715,-0.01103599,0.6377654,-0.03046173,-0.009441256,-0.01886296,-0.1053686,1.01561,-0.00205978,-0.8038431,0.2398846,0.1773704,0.9572951,1
204.2563807,0.3107387,-0.3030766,1.38744,0.7364479,-0.04562408,-0.02909284,0.6743268,0.7660542,-0.05757642,-0.01160935,0.6400867,-0.02435326,-0.002111089,0.009236012,-0.08589063,1.008862,-0.002897646,-0.8019904,0.2388577,0.1773659,0.9489185,1
204.3273764,0.3106527,-0.3030859,1.387414,0.7364529,-0.0457145,-0.02904601,0.6743172,0.7655714,-0.05708788,-0.01166379,0.6407068,-0.02679664,-0.008219562,-0.01886296,-0.08662993,1.012125,0.002214493,-0.8010126,0.2369103,0.1746357,0.9561171,1
204.3962212,0.3105735,-0.3030748,1.387397,0.7362956,-0.04568793,-0.0291206,0.6744875,0.7656397,-0.05663961,-0.01158228,0.6406664,-0.02679664,-0.006997867,-0.004202627,-0.07973056,1.007329,0.000826059,-0.7991681,0.237791,0.1746307,0.9602709,1
204.4664513,0.3105195,-0.3030635,1.387415,0.7363492,-0.04569297,-0.02902965,0.6744326,0.7660061,-0.056153,-0.01132519,0.6402757,-0.02190987,-0.003332783,0.04344346,-0.08834563,1.014789,-0.00176035,-0.805593,0.2485327,0.1691882,0.9679233,1
204.5362613,0.310472,-0.3030417,1.387455,0.7364948,-0.04590967,-0.02869666,0.6742731,0.7667003,-0.05558047,-0.01084899,0.6395025,-0.05733901,-0.004554478,0.02145296,-0.07402287,1.018627,-0.003746654,-0.8112665,0.2573428,0.1746569,0.9545053,1
204.6062769,0.3104083,-0.3030318,1.387466,0.7365999,-0.04602673,-0.02848621,0.6741593,0.7674482,-0.05527013,-0.01030932,0.6386408,-0.05489562,-0.002111089,0.004349235,-0.0866342,1.011421,0.004190746,-0.8074896,0.2562374,0.1701005,0.9409283,1
204.6770449,0.310363,-0.3030345,1.38754,0.7367196,-0.04620036,-0.02810529,0.6740325,0.7675439,-0.05517635,-0.0100059,0.6385388,-0.03168342,0.003997383,-0.02008465,-0.06983712,1.017889,0.001681056,-0.8131344,0.2583708,0.1755708,0.942621,1
204.7462981,0.3102977,-0.3030236,1.387546,0.7368241,-0.04613002,-0.02814562,0.6739215,0.7675439,-0.05517635,-0.0100059,0.6385388,-0.0353485,-0.03754023,-0.04085346,-0.08268335,1.014316,0.007107858,-0.8131234,0.2593236,0.1746612,0.9366008,1
204.8172773,0.3102127,-0.3029874,1.387489,0.7367027,-0.0460409,-0.0283895,0.67405,0.7662357,-0.05645719,-0.01059829,0.6399865,-0.04390037,-0.06808259,-0.01153279,-0.09255768,1.011811,0.00613668,-0.8160073,0.2642087,0.1801237,0.9376065,1
204.8864649,0.3101131,-0.3029726,1.38744,0.7366959,-0.04606405,-0.02850826,0.6740508,0.7652922,-0.05766324,-0.01134682,0.6409943,-0.07199934,-0.03754023,0.004349235,-0.08466887,1.009974,0.00814866,-0.8152491,0.2536948,0.1928559,0.944797,1
204.9569912,0.310018,-0.3029681,1.3874,0.736652,-0.04604284,-0.02873098,0.6740909,0.7647623,-0.05798043,-0.0117905,0.6415899,-0.05611731,0.001553995,0.02023126,-0.08119964,1.013497,0.003191098,-0.8097059,0.2506149,0.1937519,0.9532812,1
205.0264432,0.3099117,-0.3029594,1.387362,0.736429,-0.04607617,-0.02887008,0.6743262,0.7647595,-0.05792988,-0.01186527,0.6415963,-0.03290512,-0.009441256,-0.009089405,-0.0698668,1.012208,0.01405111,-0.8068822,0.245734,0.1919271,0.9532989,1
205.0966473,0.3098066,-0.3029376,1.387362,0.7363918,-0.04603093,-0.02913643,0.6743585,0.7649727,-0.05771067,-0.0118511,0.6413621,-0.04878715,-0.2537802,-0.002980933,-0.06778719,1.029026,-0.03607634,-0.8062723,0.2276021,0.2155743,0.9452896,1
205.1666858,0.3096968,-0.3029132,1.387398,0.7364628,-0.04593457,-0.0293639,0.6742776,0.7653037,-0.05737857,-0.01190452,0.6409961,-0.04878715,-0.03387515,0.009236012,-0.04839756,1.00347,-0.003465063,-0.7946829,0.1966432,0.2491999,0.9174349,1
205.236407,0.3095909,-0.3028893,1.387448,0.7363025,-0.04605554,-0.02958825,0.6744347,0.7653037,-0.05737857,-0.01190452,0.6409961,-0.03046173,-0.000889394,0.000684153,-0.1036888,1.000819,0.007496742,-0.802984,0.1998318,0.2474016,0.9427735,1
205.3070386,0.3094901,-0.3028457,1.387481,0.7365111,-0.04620795,-0.0296334,0.6741944,0.7658283,-0.05703844,-0.01176907,0.6404021,-0.03168342,-0.01188464,-0.0103111,-0.07356628,1.00675,0.003061415,-0.7992798,0.2015921,0.2464823,0.9678101,1
205.3765652,0.3094329,-0.3027994,1.387573,0.7365509,-0.04619012,-0.029755,0.6741468,0.7662972,-0.05666654,-0.01144148,0.6398801,-0.02924003,-0.004554478,-0.0103111,-0.09794331,1.021217,-0.009495318,-0.8039644,0.2094076,0.2483111,0.9713751,1
205.446843,0.3093816,-0.3027276,1.3876,0.7367495,-0.04632089,-0.02961599,0.6739269,0.7662972,-0.05666654,-0.01144148,0.6398801,-0.02435326,-0.01310634,0.001905847,-0.07428959,1.014846,0.004663183,-0.8058543,0.20853,0.2510444,0.9426727,1
205.5165441,0.3093673,-0.3026716,1.387653,0.7368476,-0.04648811,-0.02934781,0.6738198,0.7666811,-0.05606754,-0.01088597,0.6394825,-0.0353485,0.003997383,-0.004202627,-0.08267708,1.017504,0.008044933,-0.8039563,0.2074999,0.2483116,0.9354755,1
205.5865868,0.3093624,-0.3025984,1.387648,0.7370191,-0.04665869,-0.02906911,0.6736325,0.7667848,-0.05560907,-0.01007286,0.6394114,-0.02801834,0.002775689,-0.007867711,-0.0723159,1.015561,0.006132302,-0.8058077,0.2047127,0.2492265,0.9297631,1
205.6570356,0.3093854,-0.3025351,1.387648,0.7370862,-0.04660966,-0.02892076,0.6735689,0.7660066,-0.0545385,-0.008697033,0.6404558,-0.04145698,-0.01188464,0.0116794,-0.08316723,1.018228,0.006804463,-0.8039097,0.2036826,0.2464936,0.9288611,1
205.7267459,0.3094018,-0.3024802,1.387587,0.7369222,-0.04660622,-0.02876079,0.6737555,0.7651011,-0.05415314,-0.007694691,0.6415827,-0.03412681,-0.008219562,0.004349235,-0.07850853,1.004177,0.004069456,-0.802168,0.207431,0.2519446,0.9293157,1
205.7977508,0.3094162,-0.3024363,1.387524,0.7367736,-0.04660619,-0.02868371,0.6739213,0.7642003,-0.05486987,-0.007484607,0.6425972,-0.03412681,0.005219078,-0.000537541,-0.07972867,1.010315,0.004715191,-0.7984391,0.2034684,0.2510266,0.9521584,1
205.8669933,0.3094128,-0.3023813,1.387429,0.7367975,-0.04647814,-0.02860317,0.6739073,0.7639589,-0.05546161,-0.008015193,0.642827,-0.04145698,-0.002111089,0.005570929,-0.06492128,1.015747,0.01229186,-0.7964917,0.2014813,0.2455658,0.9598501,1
205.9384043,0.3093892,-0.3023341,1.387339,0.7366735,-0.04650002,-0.0286615,0.674039,0.7639589,-0.05546161,-0.008015193,0.642827,-0.01702309,0.003997383,-0.01886296,-0.07528346,1.014944,0.01006612,-0.7983501,0.1967875,0.2473905,0.9524451,1
206.0074181,0.3093483,-0.3022862,1.387199,0.736565,-0.04649565,-0.02864373,0.6741586,0.7636931,-0.05597391,-0.00849241,0.6430922,-0.0353485,0.0003323,-0.01275449,-0.07332298,1.006533,0.005277012,-0.798287,0.1996437,0.2428426,0.9514363,1
206.07687,0.3093129,-0.3022651,1.387125,0.73647,-0.04647525,-0.0287568,0.6742589,0.7635826,-0.0564803,-0.008815952,0.6431747,-0.02313156,-0.003332783,-0.01153279,-0.07478285,1.016859,0.008073622,-0.7965068,0.2014823,0.2464752,0.9624286,1
206.1464501,0.3092905,-0.3022121,1.387023,0.7362543,-0.04647209,-0.02879507,0.6744931,0.7635837,-0.05674514,-0.009046093,0.6431469,-0.006027838,-0.004554478,-0.002980933,-0.07381433,1.011532,0.01257659,-0.7956085,0.200494,0.2482919,0.9538837,1
206.2162719,0.309256,-0.3021716,1.386864,0.7361005,-0.0464934,-0.02883055,0.6746579,0.7635041,-0.05678004,-0.009104282,0.6432375,-0.013358,0.001553995,-0.03107991,-0.07873864,1.012015,0.005430387,-0.8011517,0.2035739,0.247396,0.9560097,1
206.2864815,0.3092341,-0.3021435,1.386735,0.7357848,-0.04635482,-0.02916751,0.6749972,0.7638128,-0.05676021,-0.009230018,0.6428707,0.02451452,-0.01554973,-0.02497143,-0.07477654,1.016788,0.003159398,-0.8160136,0.2175136,0.2483401,0.9551162,1
206.356501,0.3092128,-0.3021206,1.386647,0.7358844,-0.04653488,-0.02909263,0.6748795,0.7638128,-0.05676021,-0.009230018,0.6428707,0.02451452,-0.000889394,-0.02008465,-0.07084778,1.009403,0.004504397,-0.8179033,0.2271249,0.2483425,0.9490777,1
206.4264599,0.3091679,-0.3020727,1.386482,0.735772,-0.04662958,-0.02915677,0.6749928,0.7649778,-0.05662481,-0.00959982,0.6414908,-0.01091462,0.03331805,-0.0542921,-0.06442066,1.004127,-0.01383595,-0.8299785,0.244768,0.2474597,0.9622273,1
206.4963029,0.3091381,-0.3020449,1.3864,0.735669,-0.04663561,-0.02929274,0.6750988,0.765261,-0.05661475,-0.009702258,0.6411521,0.01229758,-0.1438276,-0.006646017,-0.1179828,0.996657,-0.01287668,-0.8334972,0.263019,0.2320045,0.9778059,1
206.5666088,0.3091263,-0.3020226,1.386318,0.7354637,-0.04657971,-0.02952619,0.675316,0.7652898,-0.05647262,-0.009705201,0.6411303,-0.01702309,0.005219078,-0.006646017,-0.08463236,1.017584,-0.005969541,-0.8334382,0.2668291,0.2274564,0.9801605,1
206.6362904,0.3091274,-0.3019968,1.38622,0.735361,-0.04646062,-0.0296876,0.675429,0.765231,-0.05600917,-0.009526782,0.6412438,-0.03168342,-0.006997867,0.000684153,-0.07921606,1.015103,-0.001250939,-0.8353774,0.2669085,0.2329177,0.9580206,1
206.7066187,0.3091256,-0.3019886,1.386097,0.7351808,-0.04644498,-0.02975567,0.6756232,0.7652019,-0.0554339,-0.009114839,0.6413346,-0.04512206,-0.004554478,-0.005424321,-0.07526352,1.009957,-0.01394669,-0.8334602,0.2649235,0.2292757,0.9502331,1
206.77655,0.3091296,-0.3019635,1.386035,0.7351053,-0.04641578,-0.0297353,0.6757082,0.7656347,-0.05505919,-0.008758679,0.6408549,-0.08299459,0.04553499,0.004349235,-0.08216636,1.019305,-0.001810328,-0.8306186,0.262902,0.2256313,0.9530575,1
206.8465504,0.3091239,-0.3019301,1.385979,0.7349776,-0.04639304,-0.02972543,0.6758491,0.7656347,-0.05505919,-0.008758679,0.6408549,-0.04634375,0.01499263,-0.02008465,-0.07527793,1.008114,-0.006301474,-0.8267346,0.2684639,0.2128884,0.9426782,1
206.9162289,0.3091072,-0.3019093,1.385949,0.7351187,-0.04642303,-0.02966914,0.6756961,0.7667984,-0.05501042,-0.008650459,0.6394678,-0.01213631,0.04309161,-0.009089405,-0.0999622,1.00923,0.003206576,-0.8322585,0.2810777,0.2083525,0.9565598,1
206.9865708,0.309081,-0.3018816,1.385927,0.735063,-0.04643997,-0.02968081,0.675755,0.7674929,-0.05531434,-0.00893905,0.638604,0.0281796,0.07363396,-0.02008465,-0.08265977,1.01004,-0.01838978,-0.8413892,0.3043204,0.1956386,0.9630598,1
207.0563468,0.3090377,-0.3018766,1.385925,0.7351517,-0.04646233,-0.0297891,0.6756521,0.7677649,-0.05572109,-0.009424262,0.6382344,0.03428808,0.05530855,0.01412279,-0.09501027,1.016708,0.003602388,-0.84516,0.3311432,0.1374403,0.9615356,1
207.1271035,0.3089934,-0.3018507,1.385945,0.7349758,-0.0463251,-0.03002275,0.6758426,0.7678248,-0.05605188,-0.009903759,0.6381264,0.1161416,0.002775689,-0.02985821,-0.07573156,1.019457,-0.01629675,-0.8358423,0.3326243,0.02101346,0.9430642,1
207.1974222,0.30895,-0.3018352,1.385963,0.7350641,-0.04620777,-0.03020631,0.6757464,0.7676395,-0.05580109,-0.009917803,0.6383709,0.2847354,-0.1169504,-0.04574024,-0.07866872,1.022508,-0.02888191,-0.8199601,0.3128927,-0.03995183,0.9240224,1
207.2666117,0.308914,-0.3018185,1.38594,0.7350731,-0.04626284,-0.03014745,0.6757355,0.7676395,-0.05580109,-0.009917803,0.6383709,0.4288954,-0.2195727,-0.009089405,-0.09075747,1.004187,-0.06280839,-0.8095195,0.3211083,0.05277751,0.9148355,1
207.336264,0.3089171,-0.3018079,1.385971,0.7350944,-0.04621789,-0.03017119,0.6757144,0.7676259,-0.05548237,-0.009675533,0.6384189,0.2969524,-0.1670398,-0.01641957,-0.09119695,1.008101,-0.09678128,-0.7945658,0.3262879,0.1527712,0.9391375,1
207.407233,0.3089286,-0.3017626,1.385985,0.7351568,-0.04618661,-0.03012438,0.6756507,0.7678832,-0.05503082,-0.009215236,0.6381551,0.2847354,-0.1536012,-0.009089405,-0.08870206,1.001225,-0.129854,-0.7798382,0.3305022,0.2109335,0.947564,1
207.4789115,0.3089543,-0.3017292,1.386021,0.7351652,-0.04609146,-0.03019791,0.6756448,0.7679445,-0.05463976,-0.00885646,0.63812,0.1552358,-0.05097887,-0.001759239,-0.09954165,1.006517,-0.1333977,-0.7720129,0.3292537,0.2409237,0.9523261,1
207.546455,0.3089762,-0.3017024,1.386032,0.7352697,-0.046082,-0.03005256,0.6755381,0.7679445,-0.05463976,-0.00885646,0.63812,0.0941511,0.02965297,0.004349235,-0.09214166,1.000627,-0.142142,-0.7641755,0.3251438,0.2709147,0.9448955,1
207.6179157,0.3089947,-0.3016891,1.386016,0.7353257,-0.04614477,-0.02982023,0.6754832,0.7674935,-0.05442911,-0.008286297,0.6386879,0.1259152,0.04064822,-0.01519788,-0.08495205,1.01213,-0.1474513,-0.7544453,0.3247718,0.2972622,0.9421041,1
207.6863111,0.3090183,-0.3016758,1.386004,0.7352892,-0.04620722,-0.02957497,0.6755295,0.7666148,-0.05419874,-0.007782586,0.6397684,0.2688534,0.0003323,-0.03107991,-0.09554265,1.00511,-0.1746558,-0.7438225,0.3176907,0.3272467,0.9185919,1
207.7564207,0.3090379,-0.3016539,1.38597,0.7353868,-0.04629559,-0.02917115,0.6754348,0.7658141,-0.05393347,-0.007364117,0.6407537,0.3629239,-0.08029953,0.003127541,-0.09825172,0.9935777,-0.1990724,-0.7220309,0.3063512,0.3535659,0.9078189,1
207.8265572,0.309065,-0.3016411,1.38598,0.7352923,-0.04645079,-0.02890778,0.6755382,0.765455,-0.05415746,-0.007389314,0.6411636,0.3849144,-0.08396462,-0.007867711,-0.0982152,0.9906602,-0.2319625,-0.7038995,0.2970626,0.3771659,0.9145351,1
207.8965735,0.3090617,-0.3016157,1.385939,0.7352318,-0.04627686,-0.02900415,0.675612,0.7652687,-0.05480937,-0.007757835,0.6413261,0.3360466,-0.1401626,0.02023126,-0.09203787,0.9834177,-0.2515039,-0.6780717,0.2874604,0.3825583,0.9141556,1
207.9662272,0.3090408,-0.3015915,1.385947,0.7353321,-0.04628004,-0.02892277,0.6755061,0.7652687,-0.05480937,-0.007757835,0.6413261,0.2932873,-0.1340541,0.02389634,-0.1004007,0.9797823,-0.2780144,-0.6677325,0.2822785,0.3734391,0.9159088,1
208.0385474,0.3089988,-0.3015801,1.385981,0.7352365,-0.0462127,-0.02905593,0.675609,0.7654089,-0.05571236,-0.008475028,0.641072,0.1845565,-0.08152124,0.02145296,-0.09767032,0.9752833,-0.2983412,-0.6548413,0.2827234,0.376134,0.9083037,1
208.1062601,0.3089439,-0.3015687,1.386039,0.7354609,-0.04621049,-0.02911434,0.6753623,0.765882,-0.05575367,-0.008796543,0.6404989,0.2444195,-0.146271,0.02633974,-0.1016136,0.9647843,-0.3205639,-0.6405032,0.2668855,0.3515475,0.9012824,1
208.1775063,0.3088872,-0.3015308,1.386095,0.7355052,-0.04616879,-0.02927619,0.6753099,0.766323,-0.05577731,-0.008916587,0.6399673,0.3079477,-0.1218372,0.02511804,-0.09913202,0.9643242,-0.332102,-0.6275025,0.2339217,0.3005963,0.9011809,1
208.246495,0.3088695,-0.3015,1.386205,0.7356063,-0.04621204,-0.02924808,0.6751981,0.7670686,-0.05537575,-0.008730918,0.6391109,0.2529714,-0.07419106,0.009236012,-0.1003735,0.9506509,-0.3505858,-0.6154631,0.19909,0.2523762,0.8999538,1
208.3172268,0.3088635,-0.3014781,1.386303,0.7357968,-0.04619697,-0.02925996,0.674991,0.7675801,-0.0546401,-0.008321188,0.6385655,0.2712968,-0.05464395,-0.000537541,-0.09911347,0.9435622,-0.383167,-0.6107857,0.1569203,0.2041769,0.9091514,1
208.3863515,0.3088628,-0.301448,1.386378,0.7359074,-0.04642361,-0.02907672,0.6748627,0.7677405,-0.05438051,-0.007883549,0.6384001,0.2884005,-0.06930429,0.004349235,-0.106772,0.9380593,-0.3858098,-0.5993628,0.0600967,0.0977727,0.9083692,1
208.4575363,0.3088575,-0.3014342,1.38644,0.7361283,-0.04659148,-0.02885456,0.6746198,0.7664091,-0.05579914,-0.008253843,0.6398712,0.3201646,-0.1206155,0.04710853,-0.08970574,0.9382545,-0.4164911,-0.5666031,-0.1300936,-0.04503863,0.9061934,1
208.5264104,0.3088485,-0.3014494,1.386508,0.73624,-0.04668353,-0.02886512,0.6744911,0.7664091,-0.05579914,-0.008253843,0.6398712,0.2517497,-0.09007309,0.03122651,-0.1045172,0.9223411,-0.4396454,-0.5261925,-0.3405908,-0.1423948,0.8855169,1
208.5965361,0.3088045,-0.3014618,1.386463,0.7361488,-0.04668169,-0.02901391,0.6745844,0.7647252,-0.0566953,-0.008868575,0.6417963,0.2383111,-0.1401626,0.06787735,-0.09319095,0.8983163,-0.4643389,-0.4753244,-0.6039273,-0.187929,0.8835078,1
208.6664784,0.3087548,-0.3014939,1.386404,0.7360554,-0.0467463,-0.02916493,0.6746753,0.7630115,-0.05760577,-0.009567313,0.6437417,0.2456412,-0.1951388,0.11308,-0.08599982,0.9100522,-0.4703888,-0.3791887,-0.9710546,-0.1498893,0.9016765,1
208.7376361,0.3087057,-0.3015194,1.386335,0.7357478,-0.04664217,-0.0295116,0.6750029,0.7620482,-0.05815821,-0.01014894,0.644823,0.394688,-0.2232378,0.1375139,-0.09557383,0.9417807,-0.4509632,-0.2637838,-1.352207,0.06725526,0.8772064,1
208.8064679,0.308654,-0.3015548,1.38628,0.7355841,-0.04635933,-0.02997769,0.6751801,0.7622332,-0.0580711,-0.01049595,0.6446069,0.4411123,-0.1719266,0.04833024,-0.09537551,0.8678768,-0.54599,-0.1483471,-1.583574,0.4107679,0.8259766,1
208.8768854,0.3086144,-0.3015806,1.386245,0.7355103,-0.04626782,-0.03015599,0.6752589,0.7622332,-0.0580711,-0.01049595,0.6446069,0.4032398,-0.1621531,0.1179668,-0.08129706,0.8842256,-0.5275133,-0.04894004,-1.642663,0.7288153,0.8252652,1
208.9466155,0.3085958,-0.3016214,1.386255,0.7355357,-0.04632203,-0.03017721,0.6752266,0.7639827,-0.05663114,-0.01002895,0.6426683,0.310391,-0.08640801,0.05199532,-0.09912214,0.8499157,-0.5435283,-0.01265506,-1.615417,0.8742183,0.8386015,1
209.0163437,0.3085955,-0.3016628,1.386309,0.735615,-0.04637174,-0.03009285,0.6751405,0.7639827,-0.05663114,-0.01002895,0.6426683,0.2529714,-0.09373818,0.0336699,-0.09565596,0.8304125,-0.58723,-0.02037583,-1.588403,0.8869629,0.8819078,1
209.0866555,0.3086052,-0.301692,1.386362,0.7356993,-0.04647777,-0.02989698,0.67505,0.7662135,-0.05493843,-0.008531027,0.6401763,0.3323815,-0.1829219,0.1081932,-0.09662703,0.8254914,-0.6080513,-0.02906063,-1.555628,0.900618,0.8926126,1
209.1565745,0.3086369,-0.3017319,1.386467,0.7357852,-0.04652363,-0.02971873,0.6749613,0.7670919,-0.05422065,-0.007725038,0.6391952,0.3812493,-0.1218372,0.08131599,-0.1023073,0.8078683,-0.6355823,-0.04592866,-1.522534,0.9061093,0.8748881,1
209.2262884,0.3086609,-0.3017674,1.386474,0.7357531,-0.04651754,-0.02966258,0.6749989,0.7670188,-0.05462427,-0.00748688,0.6392511,0.4435557,-0.1426059,0.109415,-0.1015871,0.7925393,-0.6476475,-0.06551477,-1.484566,0.9070594,0.8569989,1
209.296679,0.3087072,-0.3018202,1.386544,0.7359046,-0.04641095,-0.0296308,0.6748426,0.7670188,-0.05462427,-0.00748688,0.6392511,0.4777631,-0.1083985,0.08742446,-0.1001267,0.7676696,-0.6767768,-0.08244843,-1.436211,0.9125472,0.8551884,1
209.3662678,0.3087612,-0.3018507,1.386644,0.7358617,-0.04645506,-0.02943284,0.674895,0.7665437,-0.05469584,-0.007344589,0.6398164,0.4398906,-0.130389,0.1155234,-0.1004023,0.738673,-0.706588,-0.1093222,-1.391283,0.9053299,0.857489,1
209.4368805,0.3088075,-0.3018874,1.386719,0.7360227,-0.04656009,-0.02916512,0.6747237,0.7665104,-0.05470117,-0.007215723,0.6398573,0.4557727,-0.1132853,0.3085511,-0.08564623,0.7078362,-0.7247849,-0.1414565,-1.342341,0.8799371,0.8679359,1
209.5067844,0.3088319,-0.3019269,1.386782,0.7358685,-0.0464058,-0.02928946,0.6748972,0.7667186,-0.05474965,-0.007169977,0.6396043,0.4740981,-0.1083985,0.3195464,-0.08983298,0.7013158,-0.7423961,-0.1740928,-1.281922,0.8818246,0.8920475,1
209.5768045,0.3088413,-0.3019755,1.386866,0.7360865,-0.04653928,-0.02903354,0.6746613,0.7672269,-0.05530049,-0.007608943,0.6389417,0.470433,-0.1364975,0.3476454,-0.06518038,0.6694755,-0.7826729,-0.2099298,-1.217577,0.8527998,0.8874396,1
209.6463137,0.3088238,-0.3019915,1.386976,0.7362,-0.04659937,-0.02902322,0.6745337,0.7672269,-0.05530049,-0.007608943,0.6389417,0.4227869,-0.1645965,0.420947,-0.0573503,0.6279445,-0.8068767,-0.2467567,-1.137935,0.8237739,0.8710525,1
209.7169461,0.3087758,-0.3020103,1.38702,0.7362562,-0.04666307,-0.02894138,0.6744716,0.7672722,-0.05598281,-0.008096784,0.638822,0.382471,-0.1499361,0.3280982,-0.04455411,0.6057628,-0.820288,-0.2799553,-1.077505,0.8038373,0.8780903,1
209.7863201,0.3087021,-0.3020365,1.387031,0.7363001,-0.04682139,-0.02896643,0.6744115,0.7666065,-0.05783937,-0.009572834,0.6394354,0.4093483,-0.1926954,0.2266976,-0.0466096,0.5505745,-0.8568529,-0.296889,-1.039638,0.8120559,0.8939365,1
209.8567741,0.3086113,-0.3020681,1.387018,0.7362792,-0.0468356,-0.02926062,0.6744207,0.7666065,-0.05783937,-0.009572834,0.6394354,0.4459991,-0.1340541,0.389183,-0.05276188,0.5570337,-0.8576984,-0.3033044,-1.023148,0.8602661,0.9040957,1
209.9268179,0.3085109,-0.3020857,1.387,0.7361431,-0.04691735,-0.02943293,0.674556,0.7657382,-0.0586871,-0.01054593,0.6403823,0.4716547,-0.1890303,0.4368291,-0.03813799,0.59284,-0.8439248,-0.3192512,-1.002459,0.9248689,0.8953413,1
209.9969122,0.3084206,-0.3020964,1.386989,0.7360451,-0.04703958,-0.02955278,0.6746492,0.7653737,-0.05866908,-0.01086217,0.6408143,0.3604805,-0.2415632,0.4905836,-0.01812734,0.471859,-0.8910373,-0.3441416,-0.9433103,0.9058208,0.8846419,1
210.0662108,0.3083341,-0.3021142,1.386953,0.7359698,-0.04702003,-0.02980844,0.6747214,0.7653052,-0.05841442,-0.01089264,0.6409187,0.4020181,-0.1963605,0.3904047,-0.02696068,0.4832645,-0.9081812,-0.3645572,-0.8957769,0.8985861,0.9116724,1
210.1364328,0.3082703,-0.3021337,1.386945,0.7359789,-0.04712208,-0.02979699,0.674705,0.7653052,-0.05841442,-0.01089264,0.6409187,0.4899801,-0.03631853,0.4502677,0.02036382,0.4598045,-0.9119045,-0.419326,-0.8745322,0.9078155,0.8996651,1
210.2074116,0.3082415,-0.3021356,1.386949,0.7359558,-0.04701924,-0.02995314,0.6747304,0.765615,-0.05752132,-0.01058505,0.6406346,0.41057,-0.0436487,0.2279193,-0.1881134,0.493394,-0.8679264,-0.5469931,-0.8923345,0.9763527,0.9042442,1
210.276436,0.3082445,-0.3021483,1.387003,0.7359933,-0.04710335,-0.02981152,0.6746899,0.7660383,-0.05663283,-0.009998061,0.6402172,0.1662311,-0.1438276,0.2059288,-0.01554354,0.3900542,-0.9380204,-0.5722258,-0.8903743,0.9927862,0.922877,1
210.3473796,0.308275,-0.3021569,1.387022,0.7359743,-0.04705137,-0.02972361,0.6747183,0.7665912,-0.05577854,-0.009107679,0.6396433,0.1955518,-0.09007309,0.18516,-0.01651246,0.3898712,-0.9520286,-0.5849757,-0.874619,0.9773553,0.9275733,1
210.4162478,0.3083192,-0.3021686,1.387013,0.736016,-0.04710631,-0.02952468,0.6746775,0.7667241,-0.05474028,-0.007935695,0.6395893,0.2150989,-0.09129479,0.1069716,-0.009468109,0.34611,-0.9457275,-0.597757,-0.8550473,0.9628329,0.9134371,1
210.4882695,0.308367,-0.3021688,1.386992,0.7359877,-0.04690576,-0.02959892,0.6747192,0.7658798,-0.05450787,-0.007335022,0.6406272,0.2322026,-0.09373818,0.06054718,-0.02472724,0.3580146,-0.9540469,-0.6152864,-0.8410053,0.957418,0.9358108,1
210.5564996,0.3084172,-0.3021761,1.386966,0.7358404,-0.04696959,-0.02942374,0.6748831,0.7647987,-0.0547891,-0.007051423,0.6418966,0.1674528,-0.08396462,-0.05184871,-0.02629105,0.3113587,-0.9740218,-0.5885535,-0.848708,1.01919,0.9341198,1
210.627051,0.3084417,-0.3022063,1.386893,0.7357363,-0.04689705,-0.02932013,0.675006,0.7647987,-0.0547891,-0.007051423,0.6418966,0.2150989,-0.1890303,0.07154243,-0.02973419,0.3170673,-0.9723923,-0.6041245,-0.8461893,1.010136,0.9204352,1
210.6965376,0.3084715,-0.3022401,1.386816,0.7355621,-0.04696002,-0.02918227,0.6751975,0.7631753,-0.05525897,-0.007019736,0.6437862,0.1527925,-0.06930429,-0.1373673,-0.05614856,0.3069715,-0.9806675,-0.6288443,-0.8442646,0.9956483,0.9066496,1
210.7669244,0.3084896,-0.3022631,1.386746,0.7355273,-0.04688727,-0.02920279,0.6752396,0.7627352,-0.05575885,-0.007342972,0.6442608,0.1992168,-0.0216582,-0.0530704,-0.0583603,0.3114278,-0.9795083,-0.6462598,-0.8426263,0.9865987,0.8856423,1
210.8446883,0.3084967,-0.3022805,1.386643,0.7354352,-0.04696615,-0.02906252,0.6753404,0.7628555,-0.05602189,-0.007467702,0.6440939,0.2456412,0.0223228,0.125297,-0.04855803,0.2806543,-0.9832183,-0.6646723,-0.827597,0.9784577,0.8739182,1
210.9067033,0.3085038,-0.3022895,1.386571,0.73526,-0.0466877,-0.0294285,0.6755347,0.7628555,-0.05602189,-0.007467702,0.6440939,0.2431979,-0.05097887,0.1949336,-0.0335996,0.2347718,-0.994562,-0.6802664,-0.8021916,0.9648505,0.8806392,1
210.9766775,0.3085019,-0.3022819,1.386538,0.7351239,-0.04664181,-0.0296211,0.6756775,0.7629859,-0.05606011,-0.007681623,0.6439337,0.1576792,-0.0668609,-0.08361276,-0.05576872,0.2510916,-0.9941146,-0.6931604,-0.7950081,0.9603348,0.8870291,1
211.0464079,0.3084962,-0.3022756,1.386542,0.7351598,-0.04661945,-0.02982624,0.6756309,0.7633065,-0.05608024,-0.007977165,0.6435482,0.2444195,-0.04975717,-0.05184871,-0.05408585,0.2337589,-0.9914029,-0.713205,-0.7951771,0.9431078,0.8857901,1
211.1162717,0.3085027,-0.3022706,1.386594,0.7352298,-0.04665647,-0.0298832,0.6755497,0.7638852,-0.05603965,-0.00829798,0.6428607,0.3018392,-0.02898837,0.05443871,-0.06178338,0.2071393,-1.002097,-0.743487,-0.7787289,0.9259031,0.8948511,1
211.1865706,0.3085159,-0.3022629,1.386628,0.7353083,-0.04666592,-0.02998939,0.6754588,0.7647039,-0.05574279,-0.008338884,0.641912,0.2212074,-0.09862495,0.1582827,-0.05984341,0.1899357,-1.007005,-0.7599547,-0.7580582,0.9104805,0.891014,1
211.2565463,0.3085393,-0.3022651,1.386678,0.7354605,-0.0468346,-0.02986959,0.6752868,0.7647039,-0.05574279,-0.008338884,0.641912,0.1979951,-0.01677142,-0.02130635,-0.0670114,0.1879655,-1.001096,-0.7755956,-0.7498132,0.9041529,0.8870389,1
211.3267149,0.3085741,-0.3022654,1.386711,0.7355002,-0.04679937,-0.02988151,0.6752455,0.764922,-0.05457229,-0.007110029,0.6417676,0.1650094,-0.01921481,-0.007867711,-0.06260312,0.1659393,-1.015268,-0.792136,-0.7367658,0.8950981,0.8905415,1
211.3964235,0.3086257,-0.3022393,1.386753,0.7353764,-0.04662201,-0.0300659,0.6753843,0.764922,-0.05457229,-0.007110029,0.6417676,0.04650503,0.005219078,0.004349235,-0.06313819,0.1496237,-1.012822,-0.8041098,-0.728665,0.8905799,0.8767133,1
211.4665761,0.3086773,-0.3022214,1.386717,0.7353451,-0.04659253,-0.03002661,0.6754221,0.7643065,-0.05404492,-0.006549321,0.642551,0.08804263,-0.01921481,0.001905847,-0.05477895,0.1375088,-1.011643,-0.805883,-0.728597,0.8860375,0.877048,1
211.536341,0.3087394,-0.3022423,1.386714,0.7353989,-0.04654841,-0.02995024,0.67537,0.763972,-0.0536369,-0.00615254,0.6429866,0.02207113,-0.02410159,0.000684153,-0.05822535,0.1407475,-1.011944,-0.8067757,-0.7218879,0.8824006,0.8862947,1
211.6068849,0.3087891,-0.3022521,1.386697,0.7351986,-0.0465527,-0.02985624,0.6755921,0.7638751,-0.05387415,-0.005830705,0.643085,-0.009692922,0.003997383,-0.005424321,-0.06613016,0.1347436,-1.015809,-0.8104483,-0.7169757,0.8796805,0.888826,1
211.6763453,0.3088505,-0.3022387,1.386695,0.7352304,-0.04635441,-0.03000624,0.6755644,0.7641541,-0.05422188,-0.00587815,0.6427237,0.08315586,0.01621433,0.1301838,-0.04643344,0.1157729,-1.017208,-0.818818,-0.7118753,0.8815196,0.883401,1
211.7473128,0.3089072,-0.3022307,1.386697,0.7351035,-0.0460824,-0.03020815,0.6757121,0.7649024,-0.05407011,-0.006206818,0.6418427,-0.1062068,-0.002111089,0.01656618,-0.06094197,0.139577,-1.01218,-0.8197725,-0.7118366,0.8833408,0.8838991,1
211.8168285,0.3089746,-0.3022364,1.386706,0.7351747,-0.04605344,-0.03010704,0.6756412,0.7649024,-0.05407011,-0.006206818,0.6418427,-0.02068817,-0.01799312,0.005570929,-0.05924089,0.1285565,-1.012017,-0.8160711,-0.7129368,0.8833315,0.8889596,1
211.8862794,0.3090633,-0.3022306,1.386753,0.7351704,-0.04609543,-0.02988423,0.6756529,0.7651862,-0.05393065,-0.006149046,0.6415166,0.006189108,-0.02043651,0.06543396,-0.06219362,0.1307804,-1.014268,-0.8207545,-0.7089356,0.8860708,0.8944745,1
211.9576015,0.3091622,-0.3021744,1.386778,0.7351574,-0.0459039,-0.02995717,0.6756768,0.7653606,-0.05386753,-0.005927637,0.6413161,0.04528333,-0.0436487,0.1460658,-0.06268613,0.1307795,-1.015006,-0.8201963,-0.7079933,0.9078946,0.8919758,1
212.0276409,0.3092555,-0.3021284,1.386748,0.7353052,-0.04591192,-0.02974836,0.6755245,0.7655263,-0.0537358,-0.005734257,0.6411309,-0.05611731,-0.06197412,0.2364712,-0.05802886,0.1220077,-1.00725,-0.8205914,-0.7108263,0.9324499,0.8933302,1
212.0973051,0.3093797,-0.302132,1.386813,0.7352358,-0.04582399,-0.02958139,0.6756135,0.7657887,-0.05349308,-0.005638987,0.6408387,-0.06589086,0.04675669,-0.001759239,-0.07945058,0.1354745,-1.017327,-0.8229147,-0.7126274,0.961557,0.905503,1
212.1662506,0.3094808,-0.3021103,1.386808,0.7353139,-0.04589426,-0.02929644,0.6755361,0.7659124,-0.05362092,-0.005478486,0.6406814,-0.02435326,0.03087466,0.009236012,-0.0626957,0.1283808,-1.012022,-0.8266189,-0.7143877,0.9624764,0.8922793,1
212.2370417,0.3095828,-0.3020613,1.386805,0.7352919,-0.04586331,-0.0290652,0.675572,0.7652491,-0.05390399,-0.005156122,0.6414527,-0.04634375,0.01377094,-0.04574024,-0.04939859,0.117134,-1.011582,-0.8202472,-0.7127298,0.967916,0.8963586,1
212.3077151,0.3096833,-0.3020421,1.386826,0.735355,-0.04603779,-0.02859231,0.6755117,0.7652491,-0.05390399,-0.005156122,0.6414527,0.06116536,-0.02898837,-0.0103111,-0.06320095,0.1215049,-1.015365,-0.8220658,-0.7126587,0.9661019,0.9045361,1
212.3764427,0.3097842,-0.302037,1.386837,0.7354399,-0.04602074,-0.02838327,0.6754292,0.7647676,-0.05383821,-0.005061917,0.642033,0.146684,-0.02287989,-0.01153279,-0.0573247,0.1030983,-1.013611,-0.8256532,-0.7029848,0.9570146,0.9017841,1
212.4471356,0.3098635,-0.3020231,1.386795,0.7352071,-0.0459531,-0.02828291,0.6756915,0.7644227,-0.05434205,-0.005491912,0.6423975,0.07093892,0.02354449,0.001905847,-0.06620781,0.1010273,-1.017043,-0.8348169,-0.6930892,0.9497606,0.9045915,1
212.5174521,0.3099239,-0.3020025,1.386761,0.7354551,-0.04600555,-0.0280661,0.675427,0.764208,-0.05549419,-0.006233573,0.6425477,0.09659449,-0.01432803,-0.006646017,-0.05808456,0.08578864,-1.029583,-0.843982,-0.6898683,0.9443269,0.8932315,1
212.5862537,0.3099575,-0.3019792,1.386717,0.7352995,-0.04589719,-0.0280542,0.6756043,0.7641636,-0.05669146,-0.007168934,0.6424863,-0.0145797,0.01743602,-0.009089405,-0.06105333,0.08643862,-1.022473,-0.8476024,-0.6830525,0.9379688,0.8664443,1
212.6564658,0.3099646,-0.3019859,1.386702,0.7350491,-0.04577662,-0.02828035,0.6758754,0.7643545,-0.05769119,-0.008425467,0.6421549,-0.02924003,-0.01432803,-0.01519788,-0.05785757,0.08525384,-1.015566,-0.8448885,-0.6869723,0.9425097,0.865643,1
212.7265788,0.3099426,-0.3019904,1.386679,0.7350293,-0.0457243,-0.02847485,0.6758924,0.7643545,-0.05769119,-0.008425467,0.6421549,-0.0145797,0.001553995,-0.006646017,-0.05144871,0.08294013,-1.01478,-0.8503947,-0.6819879,0.9388851,0.8849435,1
212.7967269,0.3099085,-0.3019903,1.386717,0.735083,-0.0458142,-0.02851971,0.675826,0.7651765,-0.05877068,-0.01045423,0.6410471,0.01840605,-0.008219562,-0.001759239,-0.06426342,0.08678184,-1.020028,-0.8559366,-0.6827223,0.9388995,0.8981534,1
212.8693252,0.3098694,-0.3019937,1.386723,0.7348926,-0.04580963,-0.02885631,0.676019,0.7658538,-0.05922047,-0.01159584,0.6401767,0.01596266,-0.009441256,-0.006646017,-0.06820869,0.08733412,-1.021029,-0.8531389,-0.6780661,0.936163,0.8915341,1
212.9362974,0.3098303,-0.3020158,1.386765,0.7347711,-0.04570508,-0.02923681,0.6761418,0.7662547,-0.05930166,-0.01233216,0.6396756,-0.006027838,-0.006997867,-0.001759239,-0.05688516,0.07637417,-1.020351,-0.8568072,-0.6741078,0.9334432,0.8834289,1
213.0072218,0.3097984,-0.3020287,1.386786,0.7348558,-0.04574984,-0.02942563,0.6760386,0.766645,-0.05868001,-0.01242416,0.6392633,-0.05978239,-0.01066295,0.001905847,-0.05958505,0.08103108,-1.022883,-0.8568471,-0.6788725,0.9370821,0.8812615,1
213.0765511,0.3097659,-0.3020286,1.386816,0.7346615,-0.04584538,-0.02949408,0.6762403,0.766645,-0.05868001,-0.01242416,0.6392633,-0.09765492,-0.000889394,-0.004202627,-0.05786062,0.08328295,-1.016767,-0.8522392,-0.6828686,0.93889,0.8782198,1
213.1473131,0.3097355,-0.3020498,1.386845,0.7347953,-0.04579052,-0.02970286,0.6760894,0.7668918,-0.05738264,-0.01195519,0.639094,-0.05367392,-0.005776173,-0.01519788,-0.06006836,0.0912034,-1.012463,-0.8522804,-0.6838193,0.9416186,0.8904997,1
213.2162741,0.3097005,-0.3020881,1.386901,0.7346224,-0.04567236,-0.0299561,0.6762741,0.766779,-0.05646982,-0.01164105,0.6393163,-0.02557495,0.003997383,-0.007867711,-0.06177979,0.09457032,-1.018414,-0.8504428,-0.6848452,0.9425235,0.9039845,1
213.2870711,0.3096772,-0.3021338,1.386968,0.7345358,-0.04560252,-0.03027025,0.6763589,0.7665095,-0.05592345,-0.01153838,0.6396894,-0.06833426,-0.008219562,-0.005424321,-0.05711732,0.08348401,-1.018734,-0.8494869,-0.6886981,0.9416126,0.8997525,1
213.3562033,0.3096264,-0.3021592,1.386977,0.7344605,-0.0456458,-0.03031675,0.6764356,0.7657049,-0.05528991,-0.01116214,0.6407139,-0.01946648,-0.01188464,-0.002980933,-0.05489895,0.08346488,-1.017008,-0.8467522,-0.6868981,0.9434239,0.8975593,1
213.426714,0.3095967,-0.3022138,1.387029,0.7344234,-0.04557803,-0.03052423,0.6764711,0.7657049,-0.05528991,-0.01116214,0.6407139,-0.03046173,0.006440773,-0.002980933,-0.06523755,0.09342516,-1.017914,-0.8523147,-0.6828634,0.9434372,0.8993315,1
213.4963808,0.3095506,-0.3022792,1.387038,0.7342712,-0.04547672,-0.03069977,0.6766353,0.7651965,-0.05488949,-0.01086172,0.6413605,0.00985419,0.007662467,-0.007867711,-0.05464532,0.08363307,-1.021925,-0.845799,-0.6831226,0.9406923,0.894382,1
213.5663586,0.3094975,-0.3023175,1.387041,0.7340887,-0.04547075,-0.03088516,0.6768252,0.7648158,-0.05457188,-0.0107923,0.6418427,0.01718435,-0.01677142,-0.01275449,-0.05711869,0.08249678,-1.019457,-0.8522159,-0.6847773,0.9379811,0.8864597,1
213.6363662,0.3094618,-0.3023644,1.387087,0.7340634,-0.04541983,-0.03108066,0.6768472,0.7647418,-0.05462459,-0.01098838,0.641923,0.05994366,-0.01188464,0.008014318,-0.05539031,0.08244836,-1.020435,-0.85681,-0.676968,0.9343534,0.885556,1
213.70689,0.3094273,-0.3024042,1.387106,0.7339559,-0.04520805,-0.03148232,0.6769592,0.7648715,-0.05475633,-0.01114278,0.6417546,0.04894841,-0.02410159,-0.005424321,-0.06429119,0.07355917,-1.022541,-0.8613988,-0.673927,0.9316362,0.8830509,1
213.7770919,0.3094096,-0.3024631,1.387175,0.7339014,-0.04534898,-0.03155806,0.6770054,0.7652344,-0.05458881,-0.01140041,0.6413317,-0.002362756,-0.009441256,0.000684153,-0.06380752,0.07065167,-1.020286,-0.8669201,-0.6689416,0.9289209,0.878543,1
213.8462835,0.3093804,-0.302512,1.387172,0.733646,-0.04524143,-0.03190375,0.6772733,0.7656862,-0.05426059,-0.01143882,0.6408194,-0.02313156,0.0003323,-0.004202627,-0.06135357,0.06373487,-1.022392,-0.8677608,-0.6708178,0.9243765,0.8795843,1
213.9179813,0.3093691,-0.3025614,1.38724,0.733753,-0.04540337,-0.03187106,0.677148,0.7656862,-0.05426059,-0.01143882,0.6408194,-0.04512206,-0.01432803,-0.005424321,-0.05616612,0.07208578,-1.011932,-0.8585585,-0.6721343,0.9270815,0.8844447,1
213.9862862,0.3093554,-0.3026082,1.387308,0.7338044,-0.04537134,-0.03209557,0.6770838,0.7658527,-0.05400583,-0.01139288,0.6406428,-0.006027838,-0.01188464,-0.009089405,-0.05863059,0.06759091,-1.022195,-0.8668255,-0.6699017,0.9234646,0.9026635,1
214.0567617,0.3093514,-0.3026518,1.387375,0.7336675,-0.04535986,-0.03224738,0.6772256,0.7659769,-0.05374778,-0.01143149,0.6405153,-0.04145698,-0.02043651,-0.01519788,-0.06430624,0.07021936,-1.017086,-0.8604167,-0.6663393,0.9261754,0.8982979,1
214.1264873,0.3093637,-0.3026881,1.387419,0.7336115,-0.04525869,-0.03245807,0.677283,0.7660109,-0.05352951,-0.011403,0.6404933,0.02451452,-0.0216582,0.005570929,-0.06158789,0.06911441,-1.022224,-0.8695422,-0.6688423,0.9198337,0.8980961,1
214.1969913,0.3093936,-0.3027255,1.387487,0.7337239,-0.04540087,-0.03221434,0.6771634,0.7659301,-0.05324042,-0.01118799,0.6406178,0.04528333,-0.002111089,-0.004202627,-0.06036586,0.0644584,-1.021662,-0.8687412,-0.661242,0.9252861,0.8900058,1
214.2662265,0.3094247,-0.3027494,1.387551,0.7336474,-0.04535165,-0.0322459,0.6772481,0.7658412,-0.0528741,-0.01094922,0.6407585,0.0513918,-0.01432803,0.001905847,-0.06679065,0.06018386,-1.022108,-0.8723068,-0.6601513,0.9171104,0.8848488,1
214.3370797,0.3094389,-0.3027794,1.387599,0.7335264,-0.04525531,-0.03231164,0.6773825,0.7658412,-0.0528741,-0.01094922,0.6407585,0.04650503,-0.02043651,-0.002980933,-0.05572121,0.04379731,-1.025531,-0.8797302,-0.653182,0.9171278,0.8799153,1
214.4068127,0.3094697,-0.3028035,1.387671,0.7335703,-0.04523416,-0.03224328,0.6773396,0.765742,-0.05266834,-0.010697,0.6408984,0.002524022,-0.01188464,-0.004202627,-0.06484916,0.04622164,-1.022393,-0.8852406,-0.6472438,0.9135028,0.8742297,1
214.4767216,0.3094893,-0.3028153,1.38769,0.7335486,-0.04518364,-0.03221121,0.6773679,0.7654967,-0.05252947,-0.01028174,0.6412097,0.002524022,-0.006997867,0.000684153,-0.06435417,0.04794926,-1.020451,-0.8850937,-0.6463004,0.9044083,0.876736,1
214.5464364,0.3095375,-0.3028162,1.387727,0.7334483,-0.04515009,-0.0319801,0.6774899,0.7652221,-0.05234524,-0.0100909,0.6415552,-0.05245223,0.001553995,-0.001759239,-0.06263441,0.04398748,-1.021864,-0.88426,-0.6463307,0.9098625,0.8827522,1
214.6172333,0.3096175,-0.3028324,1.387734,0.7332839,-0.04501286,-0.03199808,0.677676,0.7649095,-0.05211831,-0.009820215,0.6419505,-0.08543798,0.0003323,-0.000537541,-0.06632197,0.04917354,-1.022931,-0.882421,-0.6511709,0.9116778,0.8835931,1
214.6864404,0.3097038,-0.3028216,1.387681,0.7331634,-0.04495675,-0.03170626,0.6778238,0.7645347,-0.05192358,-0.009450048,0.6424183,-0.0365702,0.002775689,-0.009089405,-0.06163997,0.04864568,-1.019226,-0.880582,-0.6560111,0.913493,0.8826939,1
214.7570918,0.3098008,-0.302795,1.387615,0.7328503,-0.04483547,-0.03158405,0.6781761,0.7645347,-0.05192358,-0.009450048,0.6424183,-0.03290512,0.005219078,-0.007867711,-0.05941029,0.05025382,-1.023175,-0.879663,-0.6512796,0.9125801,0.8878462,1
214.8352638,0.3099025,-0.3027575,1.387558,0.7327076,-0.04480128,-0.03131802,0.6783448,0.7641838,-0.05178247,-0.00915736,0.6428512,-0.03046173,-0.008219562,-0.0103111,-0.06385055,0.05359025,-1.018074,-0.8796932,-0.6512775,0.914399,0.8870103,1
214.8970794,0.3099858,-0.3027241,1.387527,0.732629,-0.04473022,-0.03118703,0.6784403,0.7639293,-0.05180098,-0.009001203,0.6431544,-0.007249534,-0.01554973,-0.005424321,-0.05793353,0.05252123,-1.016323,-0.8861347,-0.6472093,0.9116864,0.8963449,1
214.9676982,0.3100697,-0.3026753,1.387506,0.7323996,-0.04454191,-0.03125077,0.6786975,0.7639208,-0.05180879,-0.009026058,0.6431634,-0.02435326,-0.01554973,-0.005424321,-0.0648298,0.05452597,-1.022267,-0.8786111,-0.6494179,0.9043924,0.9045056,1
215.0364619,0.3101527,-0.302623,1.387552,0.732584,-0.04478202,-0.03086045,0.6785005,0.7639648,-0.05193936,-0.00902766,0.6431005,-0.04267867,-0.005776173,-0.01275449,-0.06016242,0.04564047,-1.022374,-0.8823537,-0.6492685,0.9071302,0.8962416,1
215.1062918,0.3102255,-0.3025464,1.387576,0.7322736,-0.04469278,-0.03093025,0.6788381,0.7638987,-0.05213016,-0.009007692,0.6431639,-0.06100409,-0.003332783,-0.009089405,-0.06114214,0.05034133,-1.019495,-0.8824237,-0.6540313,0.9125879,0.891528,1
215.1779535,0.310292,-0.3024632,1.387555,0.7322119,-0.04470434,-0.03077271,0.6789111,0.7638987,-0.05213016,-0.009007692,0.6431639,-0.03901359,0.0003323,-0.002980933,-0.06409928,0.05111109,-1.020988,-0.8778061,-0.6532604,0.9125758,0.8937993,1
215.2462203,0.310357,-0.302376,1.387562,0.7320631,-0.04464207,-0.03079047,0.6790748,0.7631,-0.05237202,-0.009018138,0.6440917,-0.03046173,-0.02287989,-0.01886296,-0.06188412,0.05137875,-1.016317,-0.8777499,-0.6523107,0.9089379,0.8955509,1
215.3165961,0.3103934,-0.3022786,1.387498,0.7318613,-0.04466903,-0.0307493,0.6792924,0.7631,-0.05237202,-0.009018138,0.6440917,-0.02313156,-0.009441256,-0.02741482,-0.07074586,0.05708825,-1.022073,-0.8814733,-0.6531162,0.9107665,0.9021347,1
215.3865669,0.3104157,-0.3021808,1.387409,0.731506,-0.04488661,-0.03055698,0.6796693,0.7620406,-0.05295929,-0.009295508,0.6452928,-0.0365702,0.01377094,-0.009089405,-0.06287556,0.04743876,-1.019948,-0.8750139,-0.6543249,0.9116595,0.8972028,1
215.4571048,0.3104068,-0.3020791,1.387268,0.7309598,-0.04466472,-0.0309075,0.6802555,0.7608625,-0.05356392,-0.009617366,0.6466269,-0.0365702,-0.004554478,-0.01153279,-0.06730163,0.05362316,-1.02054,-0.8805256,-0.6550614,0.9098551,0.9018751,1
215.5264176,0.3103708,-0.3019815,1.387124,0.7303417,-0.04453491,-0.03120334,0.6809142,0.7608625,-0.05356392,-0.009617366,0.6466269,0.01474097,-0.01310634,0.000684153,-0.06632444,0.05045465,-1.018772,-0.8815255,-0.6550196,0.9144046,0.8997721,1
215.5966892,0.3103419,-0.3018837,1.386985,0.7295821,-0.04425298,-0.0318135,0.6817182,0.7584972,-0.05521938,-0.01106364,0.6492382,-0.009692922,-0.01554973,-0.000537541,-0.06163187,0.05356757,-1.016593,-0.8796699,-0.6531862,0.91349,0.9025705,1
215.6662636,0.310312,-0.3017816,1.386836,0.7289242,-0.04416256,-0.03226962,0.6824059,0.758218,-0.05589179,-0.01221393,0.6494862,0.003745716,-0.005776173,-0.005424321,-0.07027435,0.04905381,-1.019744,-0.8804777,-0.6522042,0.9062167,0.9080173,1
215.7382017,0.3102969,-0.3016668,1.386712,0.7283974,-0.04417215,-0.03246081,0.6829586,0.7583978,-0.05572895,-0.01260819,0.6492825,0.007410802,-0.004554478,0.008014318,-0.06558456,0.05044354,-1.018524,-0.8813951,-0.650261,0.9053092,0.9053879,1
215.8064366,0.3102982,-0.3015414,1.386668,0.7276524,-0.04419235,-0.03271143,0.683739,0.7583978,-0.05572895,-0.01260819,0.6492825,0.01718435,0.001553995,-0.001759239,-0.06387518,0.04183597,-1.020362,-0.8860675,-0.6453069,0.9071388,0.9046497,1
215.8764038,0.3103019,-0.3014193,1.386685,0.7270296,-0.04416105,-0.03298423,0.6843902,0.7581894,-0.05554447,-0.01279458,0.6495379,0.001302328,-0.01066295,0.004349235,-0.07201429,0.0427155,-1.021377,-0.8906671,-0.6432185,0.9053313,0.9009671,1
215.9461925,0.3102922,-0.301286,1.386725,0.7265604,-0.04425589,-0.033143,0.6848745,0.7581407,-0.05535331,-0.01303943,0.6496063,-0.04390037,0.003997383,-0.01275449,-0.05772647,0.03291049,-1.021201,-0.8878256,-0.6452401,0.9016869,0.8956696,1
216.0167,0.3102832,-0.3011383,1.386841,0.7261708,-0.04437442,-0.03316608,0.6852788,0.758381,-0.05489973,-0.01322246,0.6493607,-0.0805512,0.0003323,-0.009089405,-0.0641137,0.04475634,-1.021387,-0.8877954,-0.6452422,0.899868,0.8944794,1
216.0863033,0.3102735,-0.3009763,1.386983,0.7255119,-0.04431637,-0.03339851,0.6859688,0.7582813,-0.0546837,-0.01319661,0.6494957,-0.03046173,-0.000889394,-0.01764126,-0.06584391,0.04457483,-1.019423,-0.8897072,-0.6480252,0.9044206,0.8934227,1
216.156361,0.3102499,-0.3008322,1.387105,0.7250342,-0.04444256,-0.03350538,0.6864603,0.7581589,-0.05446395,-0.01335002,0.6496539,-0.02435326,0.005219078,-0.01275449,-0.05895507,0.03588593,-1.019772,-0.8860153,-0.6434035,0.9035006,0.8967117,1
216.2265305,0.3102013,-0.3006527,1.387203,0.7243795,-0.04441201,-0.03392776,0.6871323,0.7575878,-0.05483486,-0.01371548,0.6502811,-0.05000884,-0.000889394,-0.0103111,-0.06583418,0.04772379,-1.021189,-0.8897428,-0.6432551,0.9053289,0.8988945,1
216.2963566,0.3101548,-0.3004942,1.387376,0.723612,-0.04432679,-0.03441554,0.6879218,0.7567255,-0.05551939,-0.01450352,0.6512091,-0.02068817,-0.01554973,-0.005424321,-0.06683105,0.04409545,-1.020156,-0.8888323,-0.6471049,0.9071463,0.895913,1
216.3667983,0.3100852,-0.3003414,1.387501,0.7229557,-0.04411403,-0.03509835,0.6885907,0.7557573,-0.05591608,-0.01559491,0.6522735,0.003745716,-0.01066295,-0.006646017,-0.06092365,0.03636713,-1.022979,-0.88789,-0.6442821,0.9053244,0.8942782,1
216.4365062,0.3100041,-0.3001892,1.38768,0.7220846,-0.04417078,-0.03567506,0.6894709,0.754945,-0.05606823,-0.01652171,0.6531776,-0.02557495,-0.009441256,-0.007867711,-0.06436611,0.04181733,-1.022329,-0.8878447,-0.6442852,0.9025961,0.889323,1
216.5068087,0.3099254,-0.3000076,1.387795,0.72125,-0.04404807,-0.03646034,0.6903107,0.7542149,-0.05609662,-0.01716299,0.6540018,-0.02924003,-0.01188464,-0.0103111,-0.06314745,0.03519398,-1.022722,-0.8878639,-0.6433303,0.9035053,0.8859908,1
216.5763872,0.3098541,-0.2998074,1.387865,0.720311,-0.04372123,-0.03755674,0.6912525,0.7542149,-0.05609662,-0.01716299,0.6540018,-0.01091462,-0.01066295,-0.000537541,-0.0592109,0.03123083,-1.02118,-0.8925007,-0.6431463,0.9044266,0.8852688,1
216.646464,0.3098143,-0.2995874,1.387954,0.7194335,-0.0435161,-0.03850368,0.6921266,0.7530184,-0.05553946,-0.0178643,0.6554077,-0.03412681,-0.01066295,-0.01397618,-0.07621773,0.04064398,-1.018409,-0.8915955,-0.6422281,0.9053334,0.8898399,1
216.7166542,0.3098106,-0.2993749,1.388088,0.7183496,-0.04345886,-0.03919142,0.6932166,0.7522849,-0.055052,-0.01820552,0.6562812,0.03428808,-0.003332783,-0.005424321,-0.05994363,0.03467057,-1.02074,-0.8915256,-0.6374654,0.8998756,0.895557,1
216.7864747,0.3098477,-0.2991439,1.38828,0.7173995,-0.04332366,-0.03982451,0.6941721,0.7517172,-0.05455834,-0.01825535,0.6569713,0.007410802,-0.01799312,0.009236012,-0.06586791,0.03281345,-1.022202,-0.8942602,-0.6392654,0.8980643,0.89602,1
216.8567303,0.3099262,-0.2989277,1.388485,0.7166883,-0.04355694,-0.04006343,0.6948781,0.7517172,-0.05455834,-0.01825535,0.6569713,-0.0145797,-0.02776667,-0.002980933,-0.06069871,0.03059169,-1.016751,-0.893355,-0.6383471,0.8989711,0.8955857,1
216.9263377,0.3100432,-0.2987055,1.388648,0.7163472,-0.04398782,-0.03969353,0.6952239,0.7511306,-0.0541955,-0.01811504,0.6576758,-0.007249534,-0.000889394,-0.02008465,-0.06882242,0.03606015,-1.021273,-0.8970565,-0.637247,0.8989804,0.9041355,1
216.9961637,0.3101926,-0.2984909,1.388784,0.7158458,-0.04441802,-0.03923362,0.695739,0.7503104,-0.05407102,-0.01775247,0.6586315,-0.06711256,-0.006997867,-0.006646017,-0.06489204,0.03141433,-1.016282,-0.896966,-0.6372533,0.8935238,0.9035703,1
217.0667282,0.3103697,-0.2982423,1.38886,0.715091,-0.04440066,-0.03922286,0.6965163,0.7487749,-0.05380497,-0.01722898,0.660412,-0.07322104,0.01621433,-0.01153279,-0.06587453,0.03138414,-1.019724,-0.8933304,-0.6440699,0.8989725,0.9105476,1
217.136218,0.3105801,-0.2980011,1.38891,0.713831,-0.04428119,-0.03944071,0.6978029,0.7487749,-0.05380497,-0.01722898,0.660412,-0.129419,-0.006997867,0.01045771,-0.06044524,0.03301755,-1.017523,-0.8905835,-0.6451313,0.9007846,0.9108276,1
217.2066552,0.3108207,-0.2977428,1.38898,0.712752,-0.04421256,-0.03937975,0.6989128,0.7462787,-0.05332328,-0.01647878,0.6632894,-0.06955595,-0.004554478,-0.01519788,-0.06510867,0.04411453,-1.016465,-0.8879051,-0.644281,0.9062338,0.9150745,1
217.2765781,0.3110753,-0.297454,1.388951,0.7113408,-0.04387827,-0.03956096,0.7003598,0.744804,-0.05307549,-0.01606605,0.664975,-0.01091462,0.006440773,-0.009089405,-0.07521732,0.04548592,-1.019951,-0.8832863,-0.6473243,0.9071321,0.9167291,1
217.3463771,0.3113456,-0.2971546,1.388925,0.7097284,-0.04356529,-0.03978162,0.7020009,0.7435433,-0.05282983,-0.01577937,0.6664107,0.0501701,-0.004554478,0.005570929,-0.0658577,0.03821297,-1.020314,-0.8896769,-0.6375386,0.8998709,0.9087897,1
217.4168925,0.3115944,-0.2968356,1.388785,0.7087414,-0.04330718,-0.03966554,0.7030199,0.7424864,-0.05254872,-0.01563513,0.6676136,0.01351927,-0.02043651,-0.006646017,-0.06685025,0.03503738,-1.021746,-0.8878844,-0.6385614,0.9035041,0.9027309,1
217.4865473,0.311865,-0.296558,1.388783,0.7076171,-0.04299055,-0.03969631,0.704169,0.7417153,-0.05240109,-0.01562057,0.6684821,0.006189108,0.001553995,0.008014318,-0.06832454,0.03900849,-1.019349,-0.8933057,-0.639304,0.8962431,0.8979119,1
217.55679,0.3120917,-0.296278,1.388783,0.7066965,-0.04304335,-0.03942489,0.705105,0.7405667,-0.05263349,-0.01543508,0.6697404,-0.01702309,-0.006997867,-0.01397618,-0.06587553,0.03014212,-1.021181,-0.8933057,-0.639304,0.8962431,0.8984317,1
217.6264197,0.3123041,-0.2959643,1.388785,0.7060018,-0.04304428,-0.03913509,0.7058167,0.7405667,-0.05263349,-0.01543508,0.6697404,-0.02313156,-0.01432803,-0.009089405,-0.07128637,0.03807638,-1.020326,-0.8933098,-0.6383502,0.8962429,0.896864,1
217.6973046,0.3124658,-0.2956004,1.388609,0.7044699,-0.04287041,-0.03920639,0.7073522,0.7385195,-0.05361672,-0.01514929,0.671926,-0.03046173,-0.003332783,-0.005424321,-0.06587132,0.03109736,-1.022669,-0.8915008,-0.6326994,0.8971462,0.8947388,1
217.7673129,0.3126414,-0.2952329,1.38851,0.7028189,-0.04288779,-0.03937953,0.7089821,0.736851,-0.05408452,-0.01531506,0.6737141,-0.04145698,-0.002111089,-0.009089405,-0.06487593,0.03273705,-1.026131,-0.8942657,-0.6344973,0.8971537,0.8876784,1
217.8369967,0.3127756,-0.2948693,1.388338,0.7005239,-0.04257817,-0.04012214,0.7112269,0.7347843,-0.05474578,-0.01585537,0.6759018,-0.02924003,0.003997383,-0.02130635,-0.07052991,0.0446464,-1.02091,-0.8896248,-0.6356351,0.8962327,0.8781218,1
217.9069322,0.3128717,-0.2945102,1.388198,0.6979713,-0.04268042,-0.04065855,0.7136956,0.7328531,-0.05553317,-0.01652776,0.6779153,0.01351927,-0.003332783,-0.01519788,-0.07204045,0.03223167,-1.020243,-0.8951557,-0.6354167,0.8953375,0.8813538,1
217.9770709,0.3128998,-0.2941563,1.388048,0.6959734,-0.04261095,-0.04134509,0.7156089,0.7310669,-0.05660673,-0.01744346,0.6797295,-0.013358,-0.004554478,-0.000537541,-0.06391105,0.02669926,-1.020144,-0.8969302,-0.6315345,0.8898847,0.887998,1
218.0463717,0.3128891,-0.2937897,1.387833,0.6941913,-0.04268545,-0.04174983,0.7173098,0.7292286,-0.05736173,-0.01844305,0.681612,-0.04390037,-0.008219562,-0.005424321,-0.06389984,0.03033294,-1.022162,-0.8969083,-0.629629,0.8880654,0.8926522,1
218.1168105,0.3128673,-0.2934071,1.387605,0.6919485,-0.04265907,-0.04251264,0.7194304,0.7272061,-0.05769612,-0.01926437,0.6837186,-0.02924003,-0.005776173,0.003127541,-0.07451391,0.03159787,-1.016799,-0.8968699,-0.6315387,0.886247,0.8938757,1
218.1864811,0.3128335,-0.2929869,1.387325,0.6896105,-0.04253075,-0.0433358,0.7216305,0.7272061,-0.05769612,-0.01926437,0.6837186,-0.006027838,-0.02532328,-0.01153279,-0.06735607,0.03092519,-1.019721,-0.8941312,-0.6306925,0.8880585,0.9022257,1
218.2562872,0.3128314,-0.2925642,1.387183,0.6871494,-0.04257895,-0.0438794,0.7239388,0.7241603,-0.05775366,-0.02005084,0.6869165,0.04406164,-0.03143176,-0.04940532,-0.06737339,0.02334972,-1.020104,-0.9005315,-0.6256737,0.8826174,0.9036663,1
218.3264742,0.312816,-0.2921422,1.387039,0.6846343,-0.04245687,-0.04441837,0.7262923,0.7222012,-0.05798211,-0.02039972,0.6889465,-0.02435326,-0.01310634,-0.01397618,-0.06886666,0.01725778,-1.021248,-0.9014393,-0.6189635,0.8798897,0.9022253,1
218.3963069,0.312788,-0.2917591,1.386957,0.6824933,-0.04238336,-0.04475144,0.7282883,0.7220023,-0.05806507,-0.02083617,0.6891348,-0.1000983,-0.009441256,-0.04818363,-0.07428712,0.02154058,-1.019603,-0.894781,-0.6173254,0.8680502,0.8995971,1
218.4663687,0.3127172,-0.2913713,1.386901,0.6797683,-0.04245227,-0.04524172,0.7307983,0.7210898,-0.05894786,-0.02171148,0.6899877,-0.09765492,0.01987941,-0.01397618,-0.06785528,0.02824231,-1.020175,-0.8966339,-0.6267874,0.8707855,0.9000173,1
218.5364752,0.3125933,-0.2909535,1.386808,0.6771444,-0.0428934,-0.045619,0.7331812,0.7207227,-0.06120241,-0.0238364,0.6901048,-0.09521154,0.01621433,-0.006646017,-0.07450707,0.03352613,-1.018548,-0.8928968,-0.6326576,0.8698679,0.9008108,1
218.606199,0.3124216,-0.2905622,1.386763,0.6745974,-0.04352206,-0.04578996,0.7354777,0.7207227,-0.06120241,-0.0238364,0.6901048,-0.03168342,-0.01432803,-0.01275449,-0.06169353,0.02618829,-1.018656,-0.889301,-0.6337504,0.8762248,0.9039512,1
218.6765208,0.312209,-0.2902099,1.386821,0.6717585,-0.04412127,-0.04611223,0.7380159,0.7190194,-0.06302161,-0.02529584,0.691664,0.02695791,-0.02776667,-0.002980933,-0.07793889,0.03935801,-1.025276,-0.8939282,-0.6287996,0.875326,0.90318,1
218.7464272,0.3119192,-0.2898826,1.386873,0.668576,-0.04449017,-0.04682399,0.7408335,0.7147028,-0.06778281,-0.03031022,0.6954758,0.04039655,-0.01188464,-0.002980933,-0.07229633,0.02782781,-1.021163,-0.8929159,-0.6212139,0.8680463,0.8884087,1
218.8166323,0.3115487,-0.2895586,1.386858,0.6658387,-0.04519577,-0.04729301,0.7432224,0.7110313,-0.07044086,-0.03287278,0.6988505,-0.0353485,0.003997383,-0.0103111,-0.06785448,0.02597754,-1.024812,-0.8910412,-0.6203353,0.8662225,0.8849181,1
218.8863421,0.3111017,-0.2892577,1.386898,0.6616798,-0.04674646,-0.04751776,0.7468178,0.7110313,-0.07044086,-0.03287278,0.6988505,-0.1049851,-0.000889394,-0.005424321,-0.07179719,0.03076193,-1.020221,-0.8881557,-0.6185458,0.8589395,0.8806678,1
218.9569843,0.310562,-0.2889706,1.386677,0.6579883,-0.04768763,-0.0486917,0.7499377,0.7065706,-0.07343819,-0.0354996,0.7029257,-0.01091462,0.02110111,0.001905847,-0.07056452,0.02949547,-1.021675,-0.8890321,-0.6261408,0.8580343,0.8850623,1
219.0264739,0.309959,-0.2886645,1.386243,0.6529227,-0.04847723,-0.05031373,0.7541953,0.7027133,-0.07544528,-0.03654982,0.7065169,-0.04390037,0.01132755,-0.004202627,-0.06145184,0.0232324,-1.020087,-0.8945493,-0.6221092,0.8553192,0.8880516,1
219.0963923,0.3093588,-0.2883816,1.385772,0.6465765,-0.04933625,-0.05195264,0.7594774,0.6978062,-0.07730225,-0.03806084,0.7110851,-0.009692922,0.005219078,-0.000537541,-0.0695886,0.02333332,-1.024287,-0.8964857,-0.6191694,0.8598704,0.8912826,1
219.1664452,0.3088255,-0.2881555,1.385369,0.6394513,-0.05004771,-0.05369721,0.7653195,0.6933477,-0.07816491,-0.03958751,0.7152566,-0.05367392,-0.02410159,-0.006646017,-0.06489445,0.02793241,-1.020655,-0.8945699,-0.627829,0.8580489,0.8862354,1
219.237073,0.3083185,-0.2879282,1.384785,0.6318136,-0.05040712,-0.05545549,0.7714891,0.6869769,-0.07635389,-0.03791761,0.7216613,-0.03901359,0.008884161,-0.006646017,-0.06636784,0.03064018,-1.021189,-0.8908656,-0.6260687,0.8571296,0.889119,1
219.3062068,0.3079396,-0.2877227,1.384326,0.6238766,-0.05158325,-0.05579207,0.7778205,0.6869769,-0.07635389,-0.03791761,0.7216613,-0.05733901,0.01499263,0.001905847,-0.07105347,0.03045694,-1.02341,-0.8936962,-0.6230944,0.8598642,0.8894015,1
219.3768045,0.3076853,-0.2875061,1.383869,0.6163858,-0.0517302,-0.05661343,0.7837012,0.6808981,-0.06908318,-0.02981155,0.7285029,-0.0145797,0.005219078,-0.006646017,-0.06932824,0.03194796,-1.019249,-0.896402,-0.6210822,0.8553237,0.8863342,1
219.4462183,0.3075032,-0.2873363,1.383414,0.6091678,-0.05207717,-0.05698895,0.789275,0.6791363,-0.06552904,-0.02628721,0.7306085,0.01962775,0.0003323,-0.002980933,-0.06884283,0.0297729,-1.017005,-0.8992121,-0.622877,0.8580596,0.8942071,1
219.5164042,0.3074087,-0.2872276,1.383159,0.6030762,-0.05279873,-0.05669313,0.7939127,0.6778468,-0.06303184,-0.02374816,0.7321109,-0.001141062,-0.009441256,0.009236012,-0.06984427,0.02243626,-1.019113,-0.899175,-0.6209725,0.8553308,0.9045851,1
219.5866315,0.3073705,-0.2871541,1.383,0.5968776,-0.05369553,-0.05594714,0.7985761,0.6780006,-0.0609029,-0.02026646,0.7322535,-0.006027838,-0.005776173,-0.005424321,-0.07257099,0.01686769,-1.019531,-0.9038241,-0.6179271,0.8562514,0.9067985,1
219.6565667,0.3073837,-0.2871056,1.382929,0.5916945,-0.05426917,-0.05524816,0.8024339,0.6783528,-0.05943023,-0.01631642,0.732147,-0.02313156,0.008884161,-0.01275449,-0.06688834,0.0184216,-1.022489,-0.8973003,-0.620094,0.853507,0.9043481,1
219.7263676,0.3074941,-0.287088,1.383013,0.5862889,-0.05465327,-0.0546721,0.8064053,0.6772497,-0.0587384,-0.01401972,0.7332707,-0.06589086,-0.008219562,-0.007867711,-0.06491208,0.02186442,-1.01811,-0.8955723,-0.6201588,0.8607777,0.8998036,1
219.7969151,0.3076773,-0.2871373,1.383156,0.5808801,-0.05498722,-0.05368824,0.8103532,0.676703,-0.05706176,-0.009815678,0.7339758,-0.05611731,0.001553995,-0.000537541,-0.07206201,0.0239522,-1.018649,-0.9019138,-0.6218187,0.8535193,0.9051632,1
219.8670453,0.307942,-0.2872293,1.383435,0.5763196,-0.05573585,-0.05188407,0.8136691,0.676703,-0.05706176,-0.009815678,0.7339758,-0.04023528,0.006440773,-0.006646017,-0.05925504,0.01643774,-1.014086,-0.8954818,-0.6201651,0.8553211,0.9114488,1
219.9370937,0.308226,-0.2873385,1.383668,0.5727843,-0.05644595,-0.04956495,0.8162569,0.6751853,-0.05653727,-0.006029062,0.7354535,-0.09276814,-0.005776173,-0.002980933,-0.06983022,0.02754189,-1.020662,-0.8955024,-0.6258848,0.8580508,0.9220945,1
220.0069605,0.3085452,-0.2875263,1.384144,0.5691472,-0.05761108,-0.04676856,0.8188804,0.6716662,-0.05802535,-0.003366679,0.7385703,-0.1245322,0.006440773,0.009236012,-0.06734681,0.03483144,-1.019778,-0.8964433,-0.6325218,0.8607831,0.9145493,1
220.0763323,0.3088292,-0.2877343,1.384532,0.5655046,-0.05807447,-0.04466056,0.8214849,0.6672548,-0.06035157,-0.001639746,0.7423785,-0.04512206,0.006440773,0.000684153,-0.06784812,0.03317486,-1.016806,-0.8891364,-0.6299477,0.8653106,0.9104729,1
220.1461808,0.3090324,-0.2879844,1.384797,0.56172,-0.05800626,-0.04338949,0.82415,0.6614717,-0.06501158,-0.004289329,0.7471346,-0.0145797,-0.0448704,-0.02619313,-0.06291934,0.03088694,-1.016269,-0.8872465,-0.6290703,0.8625773,0.9158233,1
220.2165895,0.3091647,-0.2882668,1.385084,0.5577976,-0.0577784,-0.04286214,0.8268533,0.656608,-0.06818246,-0.007085018,0.7511104,0.04894841,-0.02654498,0.004349235,-0.07525115,0.03107807,-1.019989,-0.8927075,-0.6240889,0.8562244,0.9194227,1
220.2870761,0.3092077,-0.2885303,1.385328,0.5537689,-0.05800128,-0.04214797,0.8295779,0.656608,-0.06818246,-0.007085018,0.7511104,0.01840605,-0.01432803,0.003127541,-0.06737228,0.02258532,-1.022304,-0.8963677,-0.6220381,0.8535051,0.9107771,1
220.3573582,0.3091882,-0.2888433,1.385657,0.5501396,-0.05793153,-0.04215684,0.8319936,0.6510868,-0.07130259,-0.01062644,0.7555718,-0.07077765,-0.02287989,-0.000537541,-0.0668705,0.02799638,-1.018941,-0.8965611,-0.6191641,0.8644176,0.902412,1
220.4265671,0.3090906,-0.2891747,1.385932,0.5465036,-0.05755661,-0.04297573,0.8343705,0.6510868,-0.07130259,-0.01062644,0.7555718,0.02573622,-0.08518631,-0.005424321,-0.07846744,0.02497415,-1.024332,-0.8910108,-0.6098486,0.8616728,0.9003038,1
220.4969183,0.30894,-0.2895035,1.386215,0.5430486,-0.05743838,-0.04373171,0.8365923,0.643985,-0.07483669,-0.01545706,0.7612121,0.05627858,0.03942652,-0.01641957,-0.0797091,0.02258205,-1.02258,-0.8918404,-0.6002833,0.853488,0.8882848,1
220.5663855,0.3087825,-0.2898395,1.386626,0.539951,-0.05763064,-0.04414124,0.8385602,0.6389943,-0.07739099,-0.02089376,0.765023,-0.05245223,0.01743602,0.004349235,-0.0668885,0.01616749,-1.026389,-0.903828,-0.6064846,0.8535204,0.8806605,1
220.6365021,0.3086259,-0.2901986,1.387011,0.536689,-0.05776143,-0.04452034,0.8406228,0.636232,-0.0777792,-0.02402449,0.7671911,-0.1062068,0.01743602,0.01045771,-0.07057889,0.02288946,-1.022562,-0.901014,-0.6161324,0.8535156,0.8733012,1
220.7064012,0.3085082,-0.2906513,1.387566,0.5335262,-0.05753515,-0.04519762,0.842613,0.6340154,-0.07749251,-0.02493723,0.7690237,-0.06833426,0.01987941,0.006792624,-0.06737127,0.02382735,-1.020848,-0.9038804,-0.6188768,0.8598894,0.8765643,1
220.7764044,0.3084169,-0.2911247,1.388221,0.530537,-0.0578467,-0.04491639,0.844492,0.6330707,-0.0764655,-0.02454178,0.769917,-0.02679664,-0.004554478,-0.01153279,-0.06121521,0.01882943,-1.020269,-0.8974388,-0.622945,0.862602,0.884878,1
220.847256,0.3083487,-0.2916197,1.388977,0.5271294,-0.05879477,-0.04347336,0.8466334,0.6308911,-0.07589956,-0.02286397,0.7718114,0.04161825,-0.005776173,-0.004202627,-0.07401203,0.03199466,-1.022456,-0.9010882,-0.6199414,0.858973,0.8907001,1
220.916276,0.3083042,-0.2921253,1.389649,0.523354,-0.06033711,-0.04112731,0.8489809,0.6280266,-0.07491002,-0.01865971,0.7743531,0.06360874,-0.02043651,-0.005424321,-0.07897206,0.02109899,-1.022803,-0.9010223,-0.6142247,0.8535151,0.8868262,1
220.9864,0.3082798,-0.2926472,1.39028,0.5193553,-0.06263427,-0.03745298,0.8514367,0.6280266,-0.07491002,-0.01865971,0.7743531,-0.06955595,-0.003332783,-0.000537541,-0.06495064,0.004502011,-1.019826,-0.9055877,-0.6130922,0.8498889,0.8847286,1
221.0565575,0.3082761,-0.2931035,1.390772,0.5163308,-0.06432673,-0.03417264,0.853286,0.6208625,-0.07735557,-0.01285462,0.7799876,-0.05978239,-0.003332783,-0.002980933,-0.07378392,0.02618369,-1.018686,-0.9028448,-0.6131999,0.8517007,0.8926531,1
221.1267064,0.3083027,-0.293548,1.391229,0.512536,-0.06594826,-0.03090031,0.8555717,0.6168363,-0.08008099,-0.009100795,0.7829541,-0.009692922,0.007662467,-0.007867711,-0.06886298,0.01922156,-1.020539,-0.9083785,-0.6158419,0.8517156,0.8987011,1
221.1963306,0.3083232,-0.2939802,1.391592,0.5085286,-0.06717107,-0.02811847,0.8579605,0.6125593,-0.08266883,-0.005586118,0.7860699,-0.01946648,-0.000889394,-0.004202627,-0.07035331,0.01259514,-1.024871,-0.901867,-0.6151472,0.8489705,0.8964878,1
221.2669175,0.3083303,-0.2943706,1.391855,0.5043328,-0.06788445,-0.02622541,0.8604374,0.6079646,-0.08462254,-0.002876908,0.7894362,-0.008471228,-0.0216582,-0.01397618,-0.06125266,0.003710473,-1.018822,-0.9047099,-0.6093114,0.8517045,0.8893109,1
221.3373078,0.3083029,-0.2946913,1.392046,0.499547,-0.06865953,-0.02442864,0.8632161,0.6029572,-0.08614776,-0.000780158,0.7931079,-0.0353485,0.01010586,-0.01275449,-0.08118675,0.02458583,-1.021138,-0.9084046,-0.6167936,0.8535347,0.8954685,1
221.4063752,0.3082641,-0.2949775,1.39216,0.4948508,-0.06942125,-0.02286949,0.8658986,0.5974405,-0.08784441,0.0011914,0.7970864,-0.03168342,-0.01432803,-0.005424321,-0.06149971,0.00522284,-1.015895,-0.9112242,-0.6128665,0.8553597,0.8976351,1
221.4768968,0.3082138,-0.2952317,1.392138,0.4898798,-0.07045892,-0.02091721,0.8686863,0.588864,-0.09072048,0.004151918,0.8031136,-0.05367392,-0.005776173,-0.002980933,-0.06074263,0.01178576,-1.016971,-0.908406,-0.6129794,0.8526244,0.9116321,1
221.5462179,0.3081914,-0.2954674,1.392115,0.4849414,-0.07141913,-0.01869648,0.8714252,0.588864,-0.09072048,0.004151918,0.8031136,-0.02801834,-0.01921481,-0.009089405,-0.07626191,0.02159035,-1.018871,-0.9066094,-0.6149559,0.8562578,0.9183954,1
221.6169871,0.3081777,-0.2956208,1.391975,0.4796574,-0.0722326,-0.01655787,0.874321,0.5826794,-0.09255643,0.006427474,0.8073887,-0.002362756,-0.01921481,-0.000537541,-0.06198002,0.01009766,-1.017196,-0.9056453,-0.6102276,0.8526165,0.9165438,1
221.687378,0.3082268,-0.2957425,1.391899,0.4743924,-0.07274214,-0.014562,0.8771821,0.5764765,-0.09415236,0.008840594,0.8116231,0.008632496,-0.009441256,-0.0103111,-0.07823218,0.01958396,-1.025237,-0.9102436,-0.6119534,0.8517194,0.9144049,1
221.7563884,0.308329,-0.2958126,1.391839,0.4690957,-0.07234872,-0.01325082,0.8800792,0.570218,-0.09520968,0.01100408,0.8158831,8.06339E-05,-0.01921481,-0.002980933,-0.07134433,0.01266088,-1.02168,-0.9083496,-0.6120297,0.8489864,0.8967087,1
221.8263985,0.3084872,-0.2958751,1.391809,0.4633614,-0.07169447,-0.01225019,0.8831796,0.5635569,-0.09555706,0.01276757,0.8204323,-0.02557495,-0.01554973,-0.01641957,-0.0659475,0.000873667,-1.018793,-0.9129438,-0.6042206,0.8453587,0.8935967,1
221.8964715,0.3086826,-0.2959022,1.391786,0.457844,-0.07032731,-0.01164225,0.8861701,0.5635569,-0.09555706,0.01276757,0.8204323,8.06339E-05,0.002775689,-0.000537541,-0.07185658,0.006114391,-1.019129,-0.9092603,-0.6081799,0.8471689,0.9006822,1
221.9665469,0.308889,-0.295914,1.391813,0.4520684,-0.06910927,-0.01082116,0.8892362,0.556859,-0.09500901,0.01369829,0.8250416,-0.05611731,-0.005776173,-0.005424321,-0.07085039,0.01189381,-1.023388,-0.909226,-0.6091359,0.8453503,0.9018975,1
222.0369421,0.3090639,-0.2959787,1.391955,0.4470071,-0.06836394,-0.009497478,0.8918638,0.5504781,-0.09405434,0.01477043,0.829403,-0.04267867,-0.000889394,-0.006646017,-0.07382432,0.008591351,-1.019415,-0.9092452,-0.608181,0.8462595,0.8952724,1
222.1064412,0.3092071,-0.2960737,1.392234,0.442372,-0.06782497,-0.00788824,0.8942285,0.5449059,-0.09394316,0.0153041,0.8330773,-0.03412681,-0.004554478,-0.007867711,-0.06841176,0.001389517,-1.020281,-0.9065133,-0.6092414,0.848981,0.8976139,1
222.1774261,0.3092935,-0.2961882,1.392619,0.4375933,-0.06782754,-0.005848959,0.8965921,0.5409623,-0.09562366,0.01326375,0.8354878,-0.04634375,0.01865772,-0.01886296,-0.07996666,0.01869846,-1.021296,-0.9102408,-0.6090931,0.8508093,0.8984473,1
222.2462711,0.3093281,-0.2963108,1.392982,0.4330415,-0.06784876,-0.004167002,0.8988072,0.5355399,-0.09826883,0.01036492,0.838709,-0.0365702,-0.008219562,-0.007867711,-0.06839602,0.007478819,-1.021352,-0.9102121,-0.6157698,0.8508109,0.8948271,1
222.3165235,0.3093707,-0.2964475,1.393419,0.4287109,-0.0673518,-0.003546559,0.9009208,0.5355399,-0.09826883,0.01036492,0.838709,-0.04145698,-0.004554478,-0.007867711,-0.06788401,0.0150303,-1.021951,-0.9093029,-0.6158053,0.8517179,0.8934697,1
222.3863783,0.3094201,-0.2965824,1.393849,0.4243503,-0.06665512,-0.003509016,0.9030346,0.5287458,-0.09894318,0.009882856,0.8429356,-0.05000884,-0.01310634,-0.001759239,-0.06738948,0.01450737,-1.023662,-0.9075118,-0.6130139,0.8544408,0.8906721,1
222.4565006,0.3094339,-0.2966943,1.394238,0.4196986,-0.06608608,-0.002930638,0.9052499,0.5225012,-0.09824558,0.00966426,0.8469042,-0.009692922,0.002775689,-0.004202627,-0.06444476,0.00986688,-1.019656,-0.90841,-0.6120256,0.8526241,0.8877949,1
222.5267589,0.3094711,-0.2968127,1.394752,0.4152361,-0.06533776,-0.00231057,0.9073614,0.5168282,-0.09746901,0.01002483,0.8504632,8.06339E-05,-0.009441256,0.004349235,-0.06889071,0.005747636,-1.02354,-0.9027845,-0.6132041,0.848063,0.8921311,1
222.5967018,0.3095192,-0.2969443,1.395282,0.4108815,-0.06431451,-0.002106076,0.909415,0.505616,-0.09544344,0.0120944,0.8573776,-0.009692922,-0.002111089,-0.0103111,-0.06691233,0.009668072,-1.019905,-0.9112173,-0.6109599,0.8544498,0.8898115,1
222.6663912,0.309588,-0.2971268,1.395847,0.4068755,-0.06238361,-0.00327886,0.9113452,0.505616,-0.09544344,0.0120944,0.8573776,-0.02435326,-0.005776173,-0.01153279,-0.06743793,-0.002242406,-1.016785,-0.9111803,-0.6090554,0.8517211,0.8967649,1
222.7373126,0.3096642,-0.2973705,1.396506,0.4032172,-0.06070636,-0.004220673,0.9130788,0.5000558,-0.09386085,0.01161928,0.8608131,-0.06344748,-0.006997867,-0.002980933,-0.07208826,0.009459083,-1.024584,-0.9092658,-0.6139008,0.8489892,0.9042219,1
222.806312,0.3097483,-0.2976396,1.397182,0.3992656,-0.05891236,-0.005360264,0.914925,0.493607,-0.09168257,0.01038917,0.8647764,-0.03412681,-0.005776173,-0.02497143,-0.0698609,0.01460244,-1.020475,-0.9046825,-0.612174,0.8507957,0.8945471,1
222.8767584,0.3098275,-0.2979008,1.397807,0.39547,-0.05689194,-0.006972993,0.9166887,0.4855893,-0.08903477,0.00997958,0.8695838,0.03428808,-0.01310634,-0.000537541,-0.06592867,0.007178687,-1.021833,-0.9083812,-0.6082134,0.8498949,0.8938497,1
222.9464431,0.3099316,-0.298154,1.398445,0.3913559,-0.05539298,-0.008033769,0.9185356,0.4808116,-0.08684355,0.008294489,0.8724733,0.02329283,-0.009441256,-0.004202627,-0.07308339,0.008067087,-1.02088,-0.9129438,-0.6042206,0.8453587,0.8934877,1
223.0164192,0.3100269,-0.298361,1.399009,0.3872711,-0.05404029,-0.008450666,0.920342,0.4762289,-0.08484671,0.006840426,0.8751914,0.01840605,-0.01066295,0.005570929,-0.0689048,0.003901099,-1.01614,-0.913816,-0.6022806,0.8417228,0.8970063,1
223.0863595,0.3101263,-0.2985596,1.399628,0.3834581,-0.05330817,-0.007495762,0.9219881,0.4711967,-0.08340511,0.006522819,0.8780515,-0.04634375,0.0003323,-0.0103111,-0.07630095,0.003481306,-1.021559,-0.913838,-0.6041861,0.8435422,0.9066541,1
223.157301,0.3102015,-0.2987304,1.400208,0.3792557,-0.05289649,-0.005756767,0.9237608,0.4711967,-0.08340511,0.006522819,0.8780515,-0.09154645,0.0223228,-0.007867711,-0.06053825,-0.008546752,-1.021101,-0.9111363,-0.6052444,0.8480824,0.9022459,1
223.2262712,0.3102801,-0.2989612,1.400871,0.3751558,-0.05197848,-0.005001729,0.9254898,0.4616557,-0.08256137,0.00841951,0.8831685,-0.1074285,-0.01188464,0.005570929,-0.06689781,0.01552034,-1.020481,-0.9075158,-0.6120601,0.8544406,0.9003166,1
223.2964482,0.3103316,-0.2991665,1.401527,0.371389,-0.05080628,-0.005054794,0.9270725,0.4554386,-0.08195762,0.008547299,0.8864453,-0.02679664,-0.01677142,-0.009089405,-0.0740527,0.0186664,-1.015383,-0.9074775,-0.6139698,0.8526222,0.9031243,1
223.3678792,0.3103293,-0.2993812,1.402163,0.367504,-0.04953555,-0.005349752,0.9286864,0.450902,-0.0809069,0.008146681,0.8888617,0.02207113,-0.004554478,0.001905847,-0.06444287,0.01134949,-1.018449,-0.9083551,-0.6072618,0.8480758,0.9134402,1
223.4363685,0.3102687,-0.2995705,1.402748,0.363684,-0.04814065,-0.006376487,0.9302558,0.4452019,-0.07991671,0.006111246,0.8918357,-0.01946648,-0.02410159,-0.007867711,-0.06396513,0.003746482,-1.020058,-0.9083167,-0.6091715,0.8462574,0.9153019,1
223.5074383,0.3101702,-0.2997963,1.403447,0.3598866,-0.04661645,-0.008099851,0.9317957,0.4403524,-0.078565,0.004257958,0.8943707,-0.04634375,-0.002111089,-0.01641957,-0.07652922,0.01305387,-1.018503,-0.9083729,-0.610121,0.8498953,0.9122488,1
223.576603,0.3099964,-0.2999817,1.404065,0.3561635,-0.04579788,-0.009015182,0.933257,0.4403524,-0.078565,0.004257958,0.8943707,-0.02679664,-0.002111089,-0.01153279,-0.06838445,0.01236163,-1.021422,-0.9056068,-0.6121374,0.8507981,0.9096892,1
223.6466918,0.3097576,-0.3001705,1.404589,0.351985,-0.04548228,-0.009043396,0.9348563,0.433508,-0.07761081,0.000160702,0.8978012,-0.04145698,0.001553995,-0.01275449,-0.06641672,0.0113886,-1.018454,-0.9046907,-0.6102663,0.8507953,0.9053472,1
223.7163263,0.3095326,-0.3003774,1.405113,0.3479584,-0.04486426,-0.009635093,0.9363864,0.4218627,-0.07629332,-0.001736384,0.9034423,-0.0353485,0.001553995,-0.004202627,-0.07307566,0.01324378,-1.017514,-0.9074747,-0.6111094,0.8517121,0.9089849,1
223.7874232,0.3093382,-0.3006271,1.40564,0.3441811,-0.04363532,-0.01147995,0.9378186,0.4134847,-0.07405825,-0.001901079,0.9074923,-0.007249534,0.001553995,-0.007867711,-0.06421623,0.00204594,-1.019789,-0.906516,-0.6121018,0.8498911,0.9125264,1
223.8562271,0.3091637,-0.300884,1.406148,0.3402666,-0.04204206,-0.01350433,0.9392916,0.4057427,-0.07095632,-0.002241373,0.9112261,-0.05000884,-0.02287989,-0.007867711,-0.06985984,0.01559321,-1.019506,-0.9038363,-0.6045769,0.8535199,0.9110637,1
223.9265485,0.3090046,-0.3011453,1.40667,0.3361975,-0.04072803,-0.01493988,0.9407918,0.3987767,-0.06832142,-0.002711989,0.9144955,-0.05000884,-0.004554478,-0.0103111,-0.06788263,0.01451359,-1.02391,-0.9083757,-0.6129815,0.8508055,0.9063408,1
223.9964165,0.308854,-0.3014046,1.407043,0.3323368,-0.03973317,-0.01548286,0.9421962,0.3987767,-0.06832142,-0.002711989,0.9144955,-0.01824478,-0.005776173,-0.01764126,-0.06739353,0.01430231,-1.020956,-0.9083798,-0.6120276,0.8508052,0.8961104,1
224.0669288,0.3087299,-0.3016993,1.40744,0.3283603,-0.03878704,-0.01607868,0.943619,0.3916505,-0.06616572,-0.002215225,0.9177292,-0.05367392,0.0003323,-0.007867711,-0.07282857,0.01148017,-1.020929,-0.9074665,-0.613017,0.8517125,0.8947192,1
224.1363647,0.308646,-0.3020267,1.407847,0.3245687,-0.03737963,-0.01758509,0.9449596,0.3844627,-0.06453799,-0.002740256,0.9208777,-0.03168342,0.0223228,-0.004202627,-0.0730754,0.01198755,-1.019954,-0.9045948,-0.6150406,0.8462493,0.8952608,1
224.2066157,0.3085529,-0.3023548,1.40817,0.3202318,-0.03589635,-0.01919329,0.9464644,0.3771178,-0.06272862,-0.004143294,0.9240292,-0.02313156,-0.01310634,-0.01275449,-0.05730771,0.001657815,-1.020257,-0.9093564,-0.6138945,0.8544458,0.8980061,1
224.2769773,0.308468,-0.3027348,1.408535,0.3158369,-0.03426716,-0.02054179,0.947972,0.3673435,-0.06022457,-0.006911024,0.9281076,-0.02435326,-0.02287989,-0.01153279,-0.07034389,0.01725158,-1.023709,-0.9047168,-0.6112181,0.8526144,0.8989261,1
224.3462486,0.3083721,-0.3030884,1.408821,0.3116257,-0.03257638,-0.02196635,0.9493924,0.3673435,-0.06022457,-0.006911024,0.9281076,0.00985419,-0.01677142,-0.005424321,-0.06445717,0.005996159,-1.017143,-0.9083537,-0.6110759,0.8489861,0.8945509,1
224.4170038,0.3082519,-0.3034207,1.409034,0.3072685,-0.03091022,-0.02370757,0.9508253,0.3609993,-0.05849443,-0.008793596,0.9306882,0.00985419,-0.02532328,-0.004202627,-0.0703693,0.007762068,-1.021361,-0.9110898,-0.6090617,0.8462645,0.9027368,1
224.4863197,0.308068,-0.3037732,1.409156,0.3024846,-0.02935179,-0.02626229,0.9523402,0.3559046,-0.05669675,-0.01083591,0.9327378,0.0281796,-0.02043651,-0.001759239,-0.07529398,0.01150773,-1.02241,-0.908303,-0.6053584,0.8444376,0.8995693,1
224.5568328,0.3078726,-0.3041005,1.409265,0.2975174,-0.02817604,-0.02889069,0.9538631,0.3505983,-0.05484299,-0.01388757,0.9348156,-0.02557495,0.001553995,-0.007867711,-0.07161937,0.000451633,-1.021996,-0.9147404,-0.602244,0.8417252,0.8929206,1
224.6267909,0.3077044,-0.3043983,1.40934,0.292416,-0.02724079,-0.03049205,0.9554167,0.3451223,-0.05322391,-0.01725796,0.9368883,-0.0145797,-0.009441256,-0.002980933,-0.06545667,-0.000109119,-1.018532,-0.9129095,-0.6051765,0.8435401,0.8925705,1
224.6966047,0.3076597,-0.3046701,1.409393,0.2872778,-0.02643376,-0.03060068,0.9569935,0.339487,-0.05194626,-0.01971023,0.9389684,-0.02313156,0.008884161,-0.01153279,-0.06791814,0.003633851,-1.01638,-0.9110952,-0.6042938,0.845354,0.9025655,1
224.7662384,0.3077579,-0.3049225,1.409437,0.2821646,-0.0255837,-0.02982243,0.9585611,0.3306564,-0.05051026,-0.01860143,0.9422148,-0.04634375,-0.006997867,-0.004202627,-0.06643865,0.001860008,-1.018808,-0.9128876,-0.6032709,0.8417207,0.912986,1
224.8371487,0.3080194,-0.3051785,1.40941,0.2765389,-0.02394747,-0.02948429,0.9602517,0.3306564,-0.05051026,-0.01860143,0.9422148,-0.007249534,-0.02532328,-0.007867711,-0.07038766,-0.000804172,-1.022712,-0.9139107,-0.6013204,0.8471792,0.9119579,1
224.9069837,0.3084308,-0.3054696,1.409478,0.2710649,-0.02200363,-0.02919145,0.9618667,0.3245429,-0.04862859,-0.01661093,0.9444739,0.01962775,-0.004554478,-0.004202627,-0.07137548,0.000478721,-1.019783,-0.9119837,-0.5985384,0.8417172,0.9028685,1
224.9776088,0.3089422,-0.3057835,1.409526,0.265715,-0.01939344,-0.029007,0.96342,0.3183461,-0.04595742,-0.01489972,0.9467424,-0.05000884,0.006440773,-0.01641957,-0.06940042,0.000676648,-1.020273,-0.9165671,-0.6002653,0.8399106,0.9018676,1
225.0465903,0.3094903,-0.3060958,1.409578,0.260348,-0.01661189,-0.02886332,0.9649404,0.3183461,-0.04595742,-0.01489972,0.9467424,-0.06100409,-0.002111089,-0.01641957,-0.06595892,-0.004762884,-1.020186,-0.9165891,-0.6021708,0.8417299,0.9020691,1
225.1163621,0.310038,-0.3063952,1.409665,0.2550811,-0.01390777,-0.02968079,0.966364,0.3114271,-0.0415073,-0.01018227,0.9493085,-0.06344748,0.005219078,-0.007867711,-0.07852142,0.004526737,-1.019859,-0.9175517,-0.6002246,0.8435507,0.902333,1
225.1863955,0.310553,-0.3067321,1.409722,0.2494316,-0.01114405,-0.03135849,0.9678205,0.3114271,-0.0415073,-0.01018227,0.9493085,-0.02801834,0.003997383,-0.006646017,-0.06545735,-0.001354693,-1.020234,-0.9100995,-0.6033818,0.8408042,0.9017351,1
225.2575171,0.3109921,-0.3070743,1.40973,0.2436971,-0.008729156,-0.03276275,0.9692586,0.3049747,-0.03862729,-0.01023864,0.9515216,-0.02557495,-0.01677142,-0.02008465,-0.06890407,0.001887576,-1.020289,-0.9110458,-0.6052507,0.8426259,0.9021839,1
225.3264146,0.3113928,-0.3073926,1.409804,0.2378879,-0.007059346,-0.03354006,0.9706877,0.2477237,-0.02085631,-0.01800722,0.9684387,0.01962775,-0.000889394,-0.007867711,-0.06939995,0.001423282,-1.019301,-0.9119796,-0.5994922,0.8417174,0.9026779,1
225.3981302,0.3117578,-0.3076599,1.409804,0.2320958,-0.005542277,-0.03423981,0.9720743,0.2477237,-0.02085631,-0.01800722,0.9684387,0.001302328,-0.03265345,-0.007867711,-0.064983,-0.00942111,-1.020116,-0.9174022,-0.5964208,0.833546,0.9045792,1
225.4667571,0.3121289,-0.3079197,1.409773,0.2260202,-0.004061558,-0.0346317,0.9734983,0.2477237,-0.02085631,-0.01800722,0.9684387,0.01351927,-0.009441256,0.001905847,-0.07359975,6.28596E-05,-1.017817,-0.9193152,-0.5953896,0.8371882,0.9059584,1
225.5373529,0.3125679,-0.3082879,1.409954,0.2198005,-0.002969901,-0.0337566,0.9749562,0.2477237,-0.02085631,-0.01800722,0.9684387,8.06339E-05,-0.01066295,-0.01764126,-0.06401332,-0.01726738,-1.020984,-0.920186,-0.5867749,0.8317319,0.9086746,1
225.60627,0.3130625,-0.308704,1.4101,0.2143179,-0.001711639,-0.03236266,0.9762262,0.2418269,-0.01811455,-0.01753585,0.9699919,-0.05123053,-0.01310634,-0.006646017,-0.07310838,-0.001928465,-1.019753,-0.9192384,-0.5887202,0.8308206,0.9056104,1
225.678205,0.3136484,-0.3091396,1.410262,0.2091047,0.000400083,-0.03163159,0.9773815,0.2418269,-0.01811455,-0.01753585,0.9699919,-0.02435326,-0.008219562,-0.01519788,-0.07188209,-0.007384402,-1.023849,-0.9155109,-0.5888686,0.8289923,0.9017699,1
225.7463109,0.3142878,-0.3096755,1.410583,0.2041286,0.002739462,-0.03121663,0.9784425,0.2418269,-0.01811455,-0.01753585,0.9699919,-0.0353485,-0.004554478,-0.01764126,-0.073142,-0.01583738,-1.019061,-0.9211735,-0.5895946,0.8362822,0.8939962,1
225.816602,0.3149603,-0.3103265,1.410998,0.1991609,0.004934486,-0.03086296,0.9794683,0.2345979,-0.0148765,-0.02108348,0.97175,-0.04756545,-0.01066295,0.000684153,-0.0763222,-0.004801708,-1.020211,-0.9257267,-0.5913236,0.8326567,0.8970459,1
225.8865089,0.3155752,-0.3109962,1.411309,0.1943166,0.007220361,-0.03029041,0.9804446,0.2345979,-0.0148765,-0.02108348,0.97175,-0.04878715,0.01987941,-0.007867711,-0.07410309,-0.00683436,-1.022634,-0.9173554,-0.5897493,0.8289973,0.8967013,1
225.9569139,0.3161116,-0.3117076,1.411802,0.1901275,0.009313601,-0.02980026,0.9812629,0.2345979,-0.0148765,-0.02108348,0.97175,-0.05123053,0.006440773,-0.000537541,-0.07041518,-0.0107713,-1.019619,-0.9127887,-0.594696,0.8335337,0.8929511,1
226.0262996,0.3165171,-0.3124259,1.412279,0.1857119,0.01107104,-0.03003785,0.9820827,0.2345979,-0.0148765,-0.02108348,0.97175,-0.004806144,-0.006997867,-0.01519788,-0.07261372,-0.001701208,-1.020247,-0.9146388,-0.5908086,0.8326281,0.8964515,1
226.0963746,0.3167772,-0.3131582,1.412807,0.1811583,0.01255654,-0.03038189,0.9829044,0.2295903,-0.01276449,-0.02184727,0.9729582,-0.004806144,-0.01066295,-0.001759239,-0.07064854,-0.00690635,-1.02287,-0.9192522,-0.5925333,0.8326404,0.8967699,1
226.166408,0.3168868,-0.3138143,1.413263,0.1768981,0.01323763,-0.03009338,0.9836799,0.2245986,-0.01092083,-0.02260406,0.9741278,-0.01702309,-0.01921481,0.001905847,-0.07658335,-0.01265551,-1.023293,-0.9193028,-0.5877622,0.8344581,0.890534,1
226.2367586,0.3169007,-0.3144694,1.41378,0.1725832,0.01352596,-0.02938518,0.9844637,0.2195428,-0.009971415,-0.0236314,0.9752656,-0.04145698,-0.01677142,-0.0103111,-0.06794481,-0.01185715,-1.023775,-0.915548,-0.590773,0.831721,0.8839623,1
226.3064271,0.3168178,-0.3152031,1.414269,0.1684186,0.01315048,-0.02711834,0.9852547,0.2135844,-0.009998303,-0.02843777,0.9764594,-0.01213631,-0.01066295,-0.01275449,-0.08076799,-0.006666841,-1.020195,-0.9202024,-0.5829597,0.831731,0.8818223,1
226.3768346,0.3166895,-0.3159574,1.414773,0.1649936,0.01249271,-0.02336298,0.9859388,0.2087353,-0.0103678,-0.02637947,0.9775612,-0.0353485,0.01010586,-0.0103111,-0.07215428,-0.01661777,-1.021013,-0.9210541,-0.5857887,0.8280964,0.8864034,1
226.4462748,0.3165098,-0.3167012,1.415227,0.1618453,0.01188881,-0.01932039,0.9865554,0.2087353,-0.0103678,-0.02637947,0.9775612,-0.08543798,0.001553995,-0.009089405,-0.07485422,-0.01020569,-1.020375,-0.9165107,-0.5888268,0.8335418,0.8899506,1
226.51674,0.3162883,-0.3173714,1.415678,0.1585364,0.01156101,-0.01617794,0.9871529,0.2015522,-0.01102119,-0.02111006,0.9791881,-0.06466917,-0.008219562,-0.001759239,-0.07040466,-0.006879263,-1.020658,-0.9155508,-0.5936335,0.8326312,0.8930125,1
226.5863196,0.3160465,-0.317957,1.416072,0.1547164,0.01134459,-0.0143099,0.9877902,0.197781,-0.01171233,-0.01728183,0.9800237,-0.07322104,-0.01554973,-0.02252804,-0.06744303,-0.007950016,-1.023093,-0.91557,-0.5926786,0.8335404,0.8937087,1
226.6573597,0.3157551,-0.3184309,1.416545,0.1510757,0.0110075,-0.0121688,0.988386,0.1938979,-0.01198213,-0.0149951,0.9808339,-0.06589086,-0.02287989,-0.1520277,-0.06741221,0.00273177,-1.027425,-0.9127393,-0.595653,0.8308056,0.8865281,1
226.7265499,0.315464,-0.318832,1.417008,0.1472427,0.01079603,-0.009715568,0.9889938,0.1893703,-0.01240109,-0.01288281,0.9817429,-0.1355274,-0.0668609,-0.02374974,-0.07877079,0.005062541,-1.016919,-0.8973793,-0.5886495,0.7943887,0.8780998,1
226.7966881,0.315181,-0.3191796,1.417362,0.1430105,0.01103227,-0.009456716,0.9896145,0.1855702,-0.01293941,-0.01002444,0.9824945,-0.1929471,-0.03509684,-0.01397618,-0.07973235,0.01482285,-1.018782,-0.8826255,-0.5844645,0.7952591,0.891305,1
226.8663842,0.3149225,-0.3194377,1.417776,0.13891,0.01152881,-0.01041697,0.9901831,0.1855702,-0.01293941,-0.01002444,0.9824945,-0.2295979,-0.02532328,-0.009089405,-0.08413511,0.03152306,-1.018296,-0.8660836,-0.5908374,0.8024933,0.8986601,1
226.9366032,0.3145714,-0.3196131,1.41806,0.134727,0.0115513,-0.01016382,0.9907633,0.1855702,-0.01293941,-0.01002444,0.9824945,-0.2308196,0.02110111,-0.002980933,-0.08187906,0.04411398,-1.022651,-0.8522666,-0.5942433,0.8060962,0.8983625,1
227.0064479,0.3141004,-0.3197252,1.418208,0.1305645,0.01129499,-0.008811985,0.9913364,0.1806304,-0.01250453,-0.01019333,0.9834187,-0.2271545,0.03576144,0.006792624,-0.08062416,0.0553804,-1.018632,-0.8449955,-0.6078768,0.8169937,0.8901477,1
227.0765233,0.3136005,-0.3198355,1.418592,0.126813,0.01070372,-0.007501804,0.9918406,0.1688439,-0.01218027,-0.01016101,0.9855151,-0.1575179,-0.006997867,-0.04085346,-0.07369622,0.06154144,-1.022145,-0.8394015,-0.6157278,0.8160719,0.8890658,1
227.1464054,0.3129936,-0.3198497,1.418832,0.1233556,0.009844312,-0.005796209,0.9922968,0.1688439,-0.01218027,-0.01016101,0.9855151,-0.1465227,0.01254924,-0.1251504,-0.07886358,0.07000884,-1.017856,-0.8363721,-0.6158553,0.8006044,0.8849242,1
227.2163334,0.312269,-0.3198433,1.418967,0.1197684,0.007928233,-0.002921487,0.992766,0.1640079,-0.01285128,-0.009211354,0.9863323,-0.1917254,0.003997383,-0.01641957,-0.07612171,0.08142257,-1.018505,-0.8232613,-0.6173327,0.7905678,0.887559,1
227.2865919,0.3114945,-0.3198434,1.419166,0.115838,0.00622303,-0.000922361,0.9932483,0.1640079,-0.01285128,-0.009211354,0.9863323,-0.1905037,-0.000889394,-0.1520277,-0.0815247,0.09102318,-1.020623,-0.807147,-0.6094005,0.7641519,0.8857107,1
227.3564531,0.310688,-0.3197162,1.419225,0.1118276,0.005051198,-0.00057533,0.9937146,0.159388,-0.01418479,-0.007729709,0.9870839,-0.2124942,0.0650821,-0.1263721,-0.08742942,0.1024811,-1.013184,-0.8030053,-0.6076706,0.736859,0.8804259,1
227.4265644,0.3099326,-0.3195466,1.419355,0.1083718,0.003670642,-0.000177842,0.9941037,0.1547189,-0.01614118,-0.005217673,0.9878129,-0.2112725,0.0650821,-0.07383921,-0.07163947,0.1046843,-1.008016,-0.796258,-0.6232022,0.724114,0.8925683,1
227.4962788,0.3092238,-0.3194212,1.41963,0.1047299,0.002340706,0.001906345,0.9944962,0.1547189,-0.01614118,-0.005217673,0.9878129,-0.1746217,0.05653024,-0.1862351,-0.07378876,0.1282394,-1.020158,-0.7968903,-0.6279536,0.7077477,0.9063805,1
227.5674985,0.3085372,-0.319231,1.419678,0.1011983,0.001456299,0.004291908,0.994856,0.1502159,-0.01790435,-0.003832374,0.9884835,-0.1709566,0.06019533,-0.1605795,-0.06514866,0.1335317,-1.013823,-0.7844323,-0.6294132,0.6813437,0.8881478,1
227.6369634,0.307934,-0.3190539,1.419813,0.09806097,0.000678301,0.006780225,0.9951571,0.1409544,-0.01865901,-0.001911923,0.9898384,-0.2222677,0.05042177,-0.1813483,-0.07007323,0.1382788,-1.013166,-0.7886961,-0.6387905,0.6622597,0.884216,1
227.706358,0.3073969,-0.3188882,1.420017,0.09496984,0.000154118,0.009339382,0.9954364,0.1344287,-0.01851699,0.004006112,0.9907421,-0.3102297,0.04186991,-0.05673549,-0.07177235,0.1535386,-1.007247,-0.7736064,-0.6460713,0.6458536,0.8864616,1
227.7765914,0.3069037,-0.3187611,1.420223,0.09179207,3.53202E-05,0.01082778,0.9957194,0.1344287,-0.01851699,0.004006112,0.9907421,-0.2027206,0.06752549,-0.2815273,-0.05890405,0.1688952,-1.00842,-0.767117,-0.657771,0.6476587,0.8936833,1
227.8464907,0.3063751,-0.3186062,1.420291,0.08854243,-0.000304826,0.0115498,0.9960054,0.1266687,-0.01743231,0.0127222,0.9917103,-0.1978339,0.07852074,-0.1361456,-0.05987445,0.1802589,-1.000721,-0.7579014,-0.6867408,0.6567363,0.8968579,1
227.9163403,0.3058451,-0.3184542,1.420314,0.08557417,-0.000964958,0.01192811,0.9962599,0.1216563,-0.017709,0.01791671,0.9922523,-0.2283762,0.08096413,-0.2289944,-0.05959721,0.1879315,-1.01017,-0.7376637,-0.6999346,0.6657815,0.9029597,1
227.9870254,0.3053579,-0.3183479,1.420419,0.08258766,-0.002010198,0.01318298,0.9964947,0.1148259,-0.0175949,0.02181397,0.9929902,-0.2418149,0.01499263,-0.2155558,-0.05167688,0.2025336,-1.002743,-0.7331041,-0.7277656,0.6766895,0.8886944,1
228.0561895,0.3049287,-0.3183404,1.420642,0.08032697,-0.002979566,0.01662526,0.9966255,0.1070976,-0.01777523,0.0209761,0.9938681,-0.1831735,0.06386041,-0.1056033,-0.06543721,0.2272357,-1.00215,-0.7183561,-0.7502791,0.6848418,0.8830997,1
228.1266012,0.3045512,-0.3183982,1.420805,0.07828051,-0.004034347,0.0219176,0.9966823,0.1070976,-0.01777523,0.0209761,0.9938681,-0.1428576,0.05408686,-0.0750609,-0.04451137,0.2087928,-0.9991293,-0.7083942,-0.7554348,0.6984584,0.8755233,1
228.1965301,0.3043031,-0.3185397,1.420955,0.07646397,-0.004392776,0.02552869,0.9967358,0.1019193,-0.01827034,0.01840463,0.9944544,-0.2027206,0.03576144,-0.1214853,-0.06000645,0.2308577,-0.9975196,-0.6936365,-0.7626926,0.7020599,0.8837527,1
228.2666853,0.3042381,-0.3187682,1.421132,0.07500511,-0.003944627,0.02616045,0.9968321,0.09840629,-0.01941864,0.02010572,0.9947535,-0.2320413,0.08340751,-0.2143341,-0.06092351,0.2611721,-0.9964846,-0.6854068,-0.7773186,0.7111363,0.8795182,1
228.3362415,0.3043048,-0.3191027,1.421281,0.07339884,-0.002557798,0.02439177,0.9970011,0.09540683,-0.02066917,0.02482571,0.9949139,-0.1905037,0.05775194,-0.09338632,-0.05428892,0.252322,-0.9914253,-0.6698717,-0.7960451,0.7265608,0.8662583,1
228.407465,0.3044868,-0.3195455,1.421531,0.07234658,-0.000629639,0.02135677,0.9971507,0.09290283,-0.02168127,0.03053794,0.9949704,-0.2515884,0.008884161,-0.2693104,-0.05325675,0.270843,-0.9926731,-0.6569149,-0.82135,0.7319902,0.8684218,1
228.4763019,0.3047215,-0.3200843,1.421754,0.07148796,0.001411101,0.0179905,0.9972783,0.09079479,-0.02188292,0.03451478,0.9950306,-0.2124942,0.01499263,-0.1337022,-0.04613264,0.2582678,-0.9912453,-0.6431872,-0.8390528,0.744691,0.8634605,1
228.5463034,0.3049413,-0.3207434,1.421936,0.07085075,0.00339439,0.01463533,0.9973738,0.09079479,-0.02188292,0.03451478,0.9950306,-0.2540318,0.002775689,-0.2607585,-0.0574253,0.285674,-0.9860159,-0.6349481,-0.8698894,0.757409,0.8689216,1
228.6177655,0.3051104,-0.32146,1.422083,0.07115166,0.005128962,0.01221703,0.9973776,0.08762276,-0.01940596,0.03459258,0.9953637,-0.2222677,0.03453975,-0.0762826,-0.05344862,0.3020633,-0.9786239,-0.6183858,-0.8915201,0.7673753,0.8747081,1
228.6865888,0.3051938,-0.3222749,1.422258,0.07143042,0.006402041,0.01003526,0.9973745,0.08762276,-0.01940596,0.03459258,0.9953637,-0.2027206,0.01743602,-0.1495843,-0.05540511,0.3064188,-0.9840983,-0.6037639,-0.8987685,0.7791616,0.8728436,1
228.7566522,0.3051665,-0.3231035,1.422495,0.07190307,0.006966927,0.008370718,0.9973522,0.08762276,-0.01940596,0.03459258,0.9953637,-0.2124942,-0.03876192,-0.2497632,-0.05568445,0.2952608,-0.9792686,-0.592653,-0.9211399,0.7836856,0.8620936,1
228.8265275,0.3049896,-0.3238203,1.422587,0.07247538,0.006835959,0.006541761,0.9973253,0.08762276,-0.01940596,0.03459258,0.9953637,-0.1501878,0.02354449,-0.08849955,-0.07237852,0.3337537,-0.9747038,-0.5807412,-0.9464,0.7963929,0.864741,1
228.8973,0.3047512,-0.3245111,1.422751,0.07229006,0.006661818,0.004140417,0.9973528,0.08762276,-0.01940596,0.03459258,0.9953637,-0.1721783,0.0223228,0.000684153,-0.05714097,0.3105618,-0.9701539,-0.5706448,-0.9477509,0.8009142,0.8593006,1
228.9663068,0.304422,-0.3250672,1.422735,0.07208608,0.006476658,0.002033925,0.9973754,0.08762276,-0.01940596,0.03459258,0.9953637,-0.2796874,-0.0436487,-0.1251504,-0.06863869,0.3600628,-0.9571335,-0.558681,-0.9711075,0.8099834,0.8767731,1
229.0369092,0.3040744,-0.3255214,1.422642,0.07150642,0.00610323,-0.000142596,0.9974214,0.08762276,-0.01940596,0.03459258,0.9953637,-0.2210461,-0.01677142,-0.1239287,-0.07459512,0.3477893,-0.9527931,-0.5468526,-0.9839658,0.8245065,0.8872035,1
229.1062683,0.3037692,-0.3259122,1.422601,0.07079029,0.005911451,-0.002672652,0.9974702,0.08762276,-0.01940596,0.03459258,0.9953637,-0.2198244,0.01254924,-0.08361276,-0.06958658,0.3811992,-0.9490848,-0.5293783,-1.002772,0.8344696,0.9032673,1
229.1765146,0.303494,-0.3262788,1.422516,0.0699972,0.00573925,-0.004960227,0.9975184,0.08762276,-0.01940596,0.03459258,0.9953637,-0.3542108,-0.1230588,-0.2570934,-0.02203879,0.271788,-0.901186,-0.5701008,-0.5513121,0.2751831,0.9022324,1
229.2467298,0.3032818,-0.3266793,1.422572,0.06962533,0.005809956,-0.006514878,0.9975351,0.08762276,-0.01940596,0.03459258,0.9953637,-0.06711256,0.02965297,-0.1043816,-0.06926562,0.4146985,-0.945635,-0.5597006,-0.4935651,0.2460413,0.9022124,1
229.3165393,0.3030951,-0.3270763,1.422624,0.06922176,0.005953846,-0.008216828,0.9975497,0.08762276,-0.01940596,0.03459258,0.9953637,-0.1025417,0.01621433,-0.05062702,-0.09071618,0.4319989,-0.9270135,-0.560536,-0.5002094,0.2424075,0.8746191,1
229.3862554,0.3029199,-0.3274197,1.422669,0.06861412,0.006303052,-0.01003191,0.997573,0.08762276,-0.01940596,0.03459258,0.9953637,-0.1868386,0.09195938,-0.0982731,-0.08944466,0.4480913,-0.9269968,-0.5540876,-0.5128598,0.2469411,0.864872,1
229.4566328,0.3027486,-0.3277494,1.422787,0.06799819,0.006547198,-0.01151348,0.9975976,0.08762276,-0.01940596,0.03459258,0.9953637,-0.3138948,0.1188367,-0.2644235,-0.07740144,0.4328358,-0.9183912,-0.5402972,-0.548684,0.2605556,0.8580251,1
229.5262881,0.3025373,-0.3279885,1.422797,0.06749187,0.006463312,-0.01182551,0.9976289,0.08762276,-0.01940596,0.03459258,0.9953637,-0.4152955,0.1139499,-0.418357,-0.08796269,0.4615795,-0.9040859,-0.5272859,-0.6111805,0.27236,0.8840847,1
229.5964379,0.3022939,-0.328106,1.422785,0.06700551,0.005780407,-0.009488895,0.9976907,0.08762276,-0.01940596,0.03459258,0.9953637,-0.4311775,0.1078414,-0.2070039,-0.08841986,0.4807318,-0.897482,-0.5087246,-0.6748502,0.2841504,0.9025595,1
229.6666129,0.3020252,-0.3281425,1.422686,0.06634492,0.005124074,-0.005369862,0.9977692,0.08762276,-0.01940596,0.03459258,0.9953637,-0.453168,0.1579309,-0.2070039,-0.0851869,0.5019379,-0.8788562,-0.4783129,-0.738984,0.3059138,0.9098072,1
229.7370438,0.3017795,-0.3281743,1.422573,0.06561255,0.004791978,-0.001478771,0.9978326,0.08593605,-0.01719556,0.03125779,0.9956617,-0.6645212,0.177478,-0.3193998,-0.09203141,0.5304306,-0.8768265,-0.4548846,-0.7160823,0.2803848,0.9180396,1
229.8062512,0.3015584,-0.3282236,1.422495,0.06516481,0.004620805,0.00095477,0.9978634,0.08593605,-0.01719556,0.03125779,0.9956617,-0.641309,0.1591526,-0.2766405,-0.07745771,0.5487548,-0.8561651,-0.4285791,-0.6894834,0.2475723,0.9020004,1
229.8770487,0.3013773,-0.3282697,1.422443,0.06445625,0.004778926,0.001435701,0.9979081,0.08488768,-0.01468183,0.02744732,0.9959042,-0.6327571,0.205577,-0.3193998,-0.114353,0.6286601,-0.801866,-0.4033989,-0.7248136,0.2429695,0.9032061,1
229.9463327,0.301229,-0.3282817,1.422365,0.06353395,0.005211336,0.000232692,0.9979661,0.08488768,-0.01468183,0.02744732,0.9959042,-0.6791815,0.1664828,-0.2326595,-0.1034781,0.6367565,-0.8012187,-0.3770515,-0.7535224,0.2219929,0.8940644,1
230.017004,0.301091,-0.3282763,1.422306,0.06259216,0.005751878,-0.001341095,0.9980218,0.08488768,-0.01468183,0.02744732,0.9959042,-0.7060587,0.2006902,-0.2509849,-0.09598994,0.7000575,-0.7534524,-0.3691723,-0.7261962,0.18559,0.8764743,1
230.0864956,0.3009565,-0.328312,1.422292,0.06176681,0.006248836,-0.002334984,0.9980684,0.08488768,-0.01468183,0.02744732,0.9959042,-0.8282282,0.1163933,-0.1398107,-0.0970485,0.7186794,-0.6659862,-0.382694,-0.5950375,0.1310281,0.8699683,1
230.1566305,0.3007925,-0.3283473,1.422269,0.06114031,0.006511061,-0.002186307,0.9981056,0.08432415,-0.01237748,0.02391411,0.9960743,-0.8135679,0.1823648,-0.1703531,-0.09426672,0.7156076,-0.7227064,-0.4156488,-0.4650162,0.07833526,0.908007,1
230.2263724,0.3005848,-0.3284022,1.422272,0.06087654,0.0063947,-0.00039523,0.9981247,0.08287606,-0.01058959,0.01457562,0.9963968,-0.776917,0.06752549,-0.04451855,-0.1386329,0.7656054,-0.6697145,-0.4580719,-0.3384278,0.0402179,0.911427,1
230.2971283,0.3003835,-0.3285109,1.422291,0.0606435,0.006498667,-1.29504E-05,0.9981384,0.08287606,-0.01058959,0.01457562,0.9963968,-0.7622567,0.01010586,-0.02619313,-0.0850528,0.797187,-0.6412841,-0.4745798,-0.2443048,0.06388093,0.8964335,1
230.3679853,0.3002082,-0.3287016,1.422354,0.06089738,0.006839599,-0.001537742,0.9981195,0.08184376,-0.00915633,0.005923511,0.9965854,-0.6242052,-0.02776667,0.01900957,-0.1052871,0.8389724,-0.56575,-0.4672502,-0.2970647,0.02568077,0.8912782,1
230.4367157,0.3000151,-0.3289117,1.422382,0.06094074,0.007155875,-0.003505676,0.9981096,0.08242938,-0.008934803,0.002604431,0.9965534,-0.5875544,0.03942652,-0.02008465,-0.1008294,0.8635127,-0.5343896,-0.4673467,-0.3457156,-0.01159193,0.9069575,1
230.5079092,0.2998293,-0.329082,1.422405,0.06112782,0.007441208,-0.005113629,0.9980892,0.08242004,-0.009120645,0.000233322,0.9965559,-0.6584127,0.1689261,-0.06773074,-0.107242,0.8834136,-0.5010229,-0.4909154,-0.3123767,-0.04791551,0.9127431,1
230.5762147,0.2996714,-0.3292526,1.422382,0.06109854,0.007865741,-0.006765456,0.9980779,0.07195815,-0.006342954,-0.005285302,0.9973735,-0.581446,0.1799214,-0.07750429,-0.1077077,0.9104326,-0.4738883,-0.5142888,-0.2323008,-0.05242255,0.9059979,1
230.647256,0.2995736,-0.3294738,1.422334,0.06105719,0.008280394,-0.008146101,0.9980667,0.06960651,-0.007114015,0.002416243,0.9975462,-0.5008141,0.1970251,-0.06895243,-0.1119288,0.9070562,-0.4598415,-0.5334631,-0.1523785,-0.03147728,0.883864,1
230.7164739,0.2995203,-0.3296951,1.422353,0.06159155,0.008706855,-0.008014112,0.9980313,0.06960651,-0.007114015,0.002416243,0.9975462,-0.3163382,-0.09862495,0.05077362,-0.1072241,0.9333432,-0.4255565,-0.5512019,-0.1211584,-0.02871135,0.8806328,1
230.7862684,0.2994545,-0.3299398,1.422438,0.06206411,0.009056681,-0.006366788,0.9980109,0.06492864,-0.005054636,0.001579175,0.9978758,-0.3847531,-0.04975717,0.03489159,-0.09319788,0.9462689,-0.3736067,-0.5534662,-0.1306192,-0.05689439,0.8710526,1
230.8573898,0.2993913,-0.3302667,1.422476,0.06282108,0.009304544,-0.005257513,0.9979676,0.06193474,-0.002494286,-0.001133752,0.9980763,-0.4030785,-0.005776173,0.02756143,-0.09148581,0.9474066,-0.3601019,-0.5766084,-0.09728241,-0.06320905,0.8856687,1
230.9267281,0.2992933,-0.3306577,1.422507,0.06388776,0.009254825,-0.003328311,0.9979087,0.06153787,-0.002372822,-0.000114564,0.9981018,-0.4421728,0.05653024,0.01656618,-0.1252654,0.9696293,-0.3388783,-0.6055622,-0.004561252,-0.01314124,0.8964736,1
230.9962284,0.2991774,-0.3310587,1.42263,0.06495424,0.009208166,-0.001565511,0.9978445,0.06153787,-0.002372822,-0.000114564,0.9981018,-0.4287341,0.05530855,-0.02863652,-0.1015797,0.9669094,-0.3424674,-0.6291813,0.06697741,0.05510607,0.8696138,1
231.0670128,0.299039,-0.3313975,1.422747,0.06617884,0.008937303,-0.000608705,0.9977676,0.06135071,-0.001453107,-0.002550152,0.9981118,-0.3554325,0.02476619,0.01534449,-0.09470202,0.9783984,-0.2983788,-0.6444271,0.08952551,0.07696506,0.8572835,1
231.1365543,0.298894,-0.3316819,1.422773,0.06677131,0.008426939,0.000107424,0.9977328,0.06135071,-0.001453107,-0.002550152,0.9981118,-0.4519463,0.07974244,-0.009089405,-0.09944054,0.9720426,-0.2715106,-0.6593233,0.1044211,0.07972778,0.8679838,1
231.2067208,0.2988012,-0.3319234,1.422826,0.06711426,0.008013831,-1.31548E-05,0.9977132,0.06130398,-0.000763948,-0.005015429,0.9981061,-0.39697,0.0223228,0.003127541,-0.09746085,0.9832172,-0.2559381,-0.6777797,0.1156394,0.07522544,0.9007378,1
231.2766357,0.2987395,-0.3320646,1.422909,0.06701393,0.007553025,-0.000309389,0.9977234,0.06123929,-0.000157009,-0.006923721,0.9980989,-0.4482812,0.0650821,0.001905847,-0.09354489,0.9947755,-0.2111205,-0.6895764,0.1246814,0.05979377,0.9104571,1
231.3463728,0.2986916,-0.332103,1.422969,0.06656118,0.007173836,-0.000306666,0.9977565,0.06040245,0.00080929,-0.008368373,0.9981386,-0.4421728,0.04920008,-0.002980933,-0.09996438,0.9997154,-0.1991651,-0.7132261,0.1637746,0.08257959,0.90958,1
231.4167054,0.298674,-0.3320745,1.423032,0.06583486,0.006848335,-0.000142437,0.997807,0.06040245,0.00080929,-0.008368373,0.9981386,-0.4580548,0.01254924,0.003127541,-0.1019802,1.005991,-0.156252,-0.7338055,0.1827133,0.09263106,0.9028047,1
231.4867515,0.2986798,-0.3320237,1.423046,0.06497289,0.006584975,-0.000375103,0.9978653,0.06040245,0.00080929,-0.008368373,0.9981386,-0.3481023,0.01865772,-0.002980933,-0.09877356,1.001176,-0.1640391,-0.759862,0.2219183,0.1490706,0.9024187,1
231.5575401,0.2987261,-0.331962,1.423085,0.06422409,0.006433641,-0.001134175,0.9979141,0.05905969,0.001812392,-0.007251654,0.9982265,-0.1831735,-0.006997867,-0.005424321,-0.08991781,1.001549,-0.1428871,-0.7735322,0.2377374,0.1891152,0.9135984,1
231.6265175,0.2987972,-0.3318799,1.423157,0.06346374,0.006200308,-0.002025621,0.9979629,0.05956687,0.002517631,-0.004730689,0.9982099,-0.2540318,-0.000889394,-0.004202627,-0.09734954,1.010052,-0.1054263,-0.7808733,0.2466081,0.1836754,0.9270405,1
231.6967904,0.2988776,-0.3317724,1.423198,0.06264473,0.006001193,-0.00277544,0.9980141,0.06114787,0.003548441,-0.00265752,0.9981189,-0.201499,-0.006997867,0.008014318,-0.1010421,1.010532,-0.1110948,-0.7918966,0.255624,0.1773357,0.9252631,1
231.7666753,0.2989874,-0.3316775,1.42329,0.06157273,0.005848635,-0.003884394,0.998078,0.06330517,0.003119723,-0.000761141,0.9979891,-0.1868386,-0.0888514,0.004349235,-0.08947109,1.014097,-0.0850669,-0.7989469,0.263521,0.154617,0.9189183,1
231.8368443,0.2991286,-0.331549,1.423416,0.06061189,0.005776959,-0.005353404,0.9981303,0.0642049,0.002505881,-0.00060523,0.9979333,-0.161183,-0.1279456,0.0116794,-0.09837083,1.010208,-0.07913432,-0.8030075,0.2665256,0.1200697,0.9170074,1
231.9067424,0.2992907,-0.3313995,1.423446,0.05949726,0.005643552,-0.006461784,0.9981917,0.06374408,0.001670068,-0.000791539,0.9979644,-0.1819518,-0.03998362,0.01290109,-0.09195188,1.013796,-0.07548387,-0.805443,0.2723331,0.09824903,0.922113,1
231.9767292,0.2994849,-0.3312258,1.423535,0.05844497,0.005656547,-0.007191401,0.9982487,0.06374408,0.001670068,-0.000791539,0.9979644,-0.2295979,-0.03998362,0.0116794,-0.09196977,1.013496,-0.06245413,-0.8154022,0.2803492,0.08372229,0.9214043,1
232.0466763,0.2997236,-0.3310521,1.423611,0.05744271,0.005910641,-0.008381662,0.9982961,0.06374408,0.001670068,-0.000791539,0.9979644,-0.10132,-0.09740326,0.01045771,-0.08901078,1.012956,-0.06194755,-0.815306,0.2860638,0.07644546,0.9228863,1
232.1163951,0.2999977,-0.3309044,1.423676,0.05658852,0.006329622,-0.009861083,0.9983289,0.06289607,0.001414527,-0.000733432,0.9980188,-0.1819518,-0.05220056,0.009236012,-0.08831973,1.006978,-0.03531718,-0.8186384,0.2890453,0.05371841,0.9308624,1
232.1864789,0.3002744,-0.3307487,1.423662,0.05565487,0.006818579,-0.01111692,0.9983649,0.06075836,0.001539776,-0.001945111,0.9981493,-0.2833525,-0.03998362,0.1595044,-0.09839525,1.026023,-0.03242175,-0.8192076,0.2871502,0.03280427,0.9394758,1
232.256387,0.3005846,-0.3306271,1.423694,0.05496843,0.007369543,-0.01192736,0.9983897,0.05978324,0.001543896,-0.002701812,0.9982064,-0.2601403,0.04064822,0.03489159,-0.06531579,1.049986,-0.001720022,-0.7958087,0.2642844,0.02092775,0.8914709,1
232.3272207,0.3008919,-0.3305338,1.423684,0.05456504,0.007998567,-0.01269378,0.9983975,0.05978324,0.001543896,-0.002701812,0.9982064,-0.1257539,0.09562446,0.003127541,-0.1019326,1.006222,-0.004865061,-0.7815211,0.2971352,0.0981813,0.8363082,1
232.3964063,0.3011965,-0.3304983,1.423711,0.05431651,0.008605517,-0.01328944,0.9983982,0.05825563,0.001431287,-0.004843291,0.9982889,-0.05978239,0.02720958,-0.01886296,-0.09326936,1.012508,-0.01427347,-0.776149,0.3207936,0.1581816,0.8798001,1
232.4663934,0.301498,-0.3304725,1.423799,0.05413127,0.009156626,-0.01373463,0.9983974,0.05711883,0.001615744,-0.006054979,0.9983477,-0.04756545,-0.006997867,-0.004202627,-0.07377298,1.021594,-0.00083969,-0.779003,0.3256766,0.1618253,0.9065312,1
232.536431,0.3017806,-0.3304287,1.423891,0.0539128,0.009572295,-0.01404649,0.998401,0.05711883,0.001615744,-0.006054979,0.9983477,-0.117202,0.03087466,-0.02497143,-0.0710985,1.01196,0.01208556,-0.7631605,0.31265,0.1572409,0.9086004,1
232.6064902,0.3020718,-0.3303982,1.424011,0.05345244,0.009994257,-0.01430152,0.998418,0.05482493,0.002278827,-0.004985784,0.9984809,-0.013358,-0.01066295,-0.005424321,-0.07651486,1.016196,0.01053656,-0.7640697,0.3126855,0.1563338,0.9246954,1
232.6764221,0.3023794,-0.3303433,1.424094,0.05303668,0.01038218,-0.01428671,0.9984365,0.05345655,0.002710668,-0.004957638,0.9985542,-0.04267867,-0.004554478,-0.03718838,-0.08119438,1.018451,0.00803491,-0.7613146,0.3097164,0.1581462,0.9252987,1
232.7462343,0.3026856,-0.3302769,1.424181,0.05258418,0.01076388,-0.01400999,0.9984602,0.05345655,0.002710668,-0.004957638,0.9985542,-0.02924003,-0.006997867,0.006792624,-0.07652107,1.012757,0.009111582,-0.7575926,0.3038472,0.1581382,0.9226961,1
232.8168129,0.3029885,-0.3301954,1.424182,0.0521316,0.01120402,-0.01378699,0.9984822,0.05185462,0.003356744,-0.004664852,0.9986379,-0.04390037,-0.000889394,-0.009089405,-0.0779992,1.014014,0.009581344,-0.7519781,0.3017159,0.1544867,0.9330209,1
232.8862829,0.3032937,-0.3301587,1.424244,0.05174259,0.01183667,-0.0135542,0.9984984,0.05185462,0.003356744,-0.004664852,0.9986379,-0.03168342,-0.006997867,-0.01764126,-0.07651302,1.016426,0.009550196,-0.7556836,0.3037699,0.1544957,0.937165,1
232.9565254,0.3035701,-0.3301201,1.4242,0.05143399,0.01237947,-0.01321591,0.9985123,0.05045943,0.004169017,-0.004865674,0.9987055,-0.02068817,-0.009441256,-0.0103111,-0.08785906,1.017614,0.00852215,-0.7529298,0.304615,0.1553978,0.9323202,1
233.0265268,0.3038482,-0.3300932,1.42424,0.05124744,0.01316009,-0.01328138,0.998511,0.05045943,0.004169017,-0.004865674,0.9987055,-0.02924003,-0.006997867,-0.01275449,-0.06739554,1.009859,0.006963938,-0.759418,0.3020117,0.1572339,0.9297801,1
233.0967343,0.3041397,-0.3300803,1.424285,0.05103077,0.0137983,-0.01324009,0.9985141,0.04923768,0.005240793,-0.005895826,0.9987559,-0.02924003,0.007662467,-0.0103111,-0.07701389,1.01276,0.008618807,-0.7519891,0.3007632,0.1553963,0.9461292,1
233.1663776,0.3044168,-0.3300877,1.424318,0.05076675,0.01436394,-0.0130073,0.9985226,0.04879241,0.00614819,-0.007241507,0.9987637,-0.04634375,-0.000889394,-0.0103111,-0.08046718,1.014321,0.0105539,-0.7538377,0.3008363,0.1554011,0.950466,1
233.2373373,0.3047095,-0.3301307,1.424429,0.05070532,0.01485595,-0.0121973,0.9985287,0.04248555,0.03263357,-0.001557098,0.9985626,-0.0365702,-0.008219562,-0.002980933,-0.07529004,1.013263,0.01205646,-0.7492326,0.2939799,0.1581191,0.9478904,1
233.3063253,0.3050072,-0.3301409,1.424566,0.05071377,0.01541957,-0.01184756,0.998524,0.04261306,0.03309008,-0.001725245,0.998542,-0.0353485,-0.002111089,-0.02008465,-0.07850844,1.008186,0.01113875,-0.7548129,0.2951552,0.159952,0.9519539,1
233.3775702,0.3052839,-0.3301389,1.424638,0.05050049,0.01606506,-0.01174633,0.9985257,0.04261306,0.03309008,-0.001725245,0.998542,-0.03046173,-0.01188464,-0.0103111,-0.07898922,1.013818,0.01154785,-0.7547635,0.2941983,0.1572239,0.9623067,1
233.4466253,0.3055385,-0.3301426,1.424673,0.05027845,0.01644493,-0.01094406,0.9985399,0.04261306,0.03309008,-0.001725245,0.998542,-0.03412681,0.0003323,-0.009089405,-0.077254,1.017202,0.0115033,-0.7519659,0.2883657,0.1572182,0.9554551,1
233.5164428,0.3057677,-0.3301743,1.424706,0.05030467,0.01677057,-0.009164174,0.9985511,0.04264759,0.03334717,-0.001733923,0.9985319,-0.03168342,-0.006997867,-0.004202627,-0.07308035,1.008078,0.01115363,-0.7556303,0.2913703,0.1544987,0.9475997,1
233.5862746,0.3059618,-0.3301829,1.424724,0.05015299,0.01704829,-0.007946061,0.9985645,0.04264759,0.03334717,-0.001733923,0.9985319,-0.01946648,-0.02043651,-0.01519788,-0.0765198,1.012743,0.008128737,-0.7529808,0.2884085,0.1626772,0.9598892,1
233.6570988,0.3061201,-0.3302004,1.424697,0.05006986,0.0172436,-0.007160731,0.9985712,0.04255922,0.03393613,-0.0020474,0.9985152,-0.03046173,-0.01921481,-0.009089405,-0.0750391,1.014214,0.01056879,-0.753927,0.2865396,0.1644988,0.9593385,1
233.7268671,0.3062466,-0.3302106,1.424747,0.04996425,0.01729645,-0.006407977,0.9985806,0.04255922,0.03393613,-0.0020474,0.9985152,-0.0365702,-0.01066295,-0.0103111,-0.07799499,1.016473,0.01077469,-0.7482933,0.2834534,0.1599382,0.9519001,1
233.7964927,0.3063121,-0.3302281,1.424791,0.04980064,0.01728376,-0.005531264,0.9985944,0.04255922,0.03393613,-0.0020474,0.9985152,-0.02557495,-0.006997867,-0.006646017,-0.07454111,1.01666,0.01151778,-0.7464899,0.2833834,0.1626617,0.9414993,1
233.8666529,0.3063638,-0.3302085,1.424865,0.04962496,0.01707945,-0.004720798,0.9986107,0.04232822,0.03467818,-0.001810589,0.9985,-0.04267867,-0.006997867,-0.01397618,-0.07850328,1.010634,0.01159497,-0.7529945,0.2845953,0.1644969,0.9382761,1
233.9362134,0.3063847,-0.3301352,1.424874,0.04933842,0.01712935,-0.005106275,0.9986222,0.04232822,0.03467818,-0.001810589,0.9985,-0.03290512,0.001553995,-0.01153279,-0.08070676,1.016251,0.008559372,-0.7548281,0.2846674,0.1635922,0.9457141,1
234.0067444,0.3064298,-0.3300324,1.424969,0.04876839,0.01719055,-0.005407469,0.9986475,0.04232822,0.03467818,-0.001810589,0.9985,-0.04390037,0.007662467,0.000684153,-0.0725738,1.014689,0.01302562,-0.7529753,0.2836405,0.1635877,0.9410272,1
234.0766862,0.3064142,-0.3299477,1.425,0.04818922,0.01719574,-0.004369563,0.9986807,0.04203391,0.03535791,-0.001449779,0.9984892,-0.03901359,-0.004554478,-0.004202627,-0.07701921,1.011065,0.009626296,-0.7530206,0.2836436,0.166316,0.9425603,1
234.1462846,0.3063484,-0.3299147,1.425019,0.04791293,0.01700161,-0.002784735,0.9987029,0.04203391,0.03535791,-0.001449779,0.9984892,-0.01824478,-0.004554478,-0.01153279,-0.08071381,1.013824,0.009577423,-0.7483495,0.2825038,0.1635761,0.9500456,1
234.2164223,0.3062798,-0.3299232,1.425065,0.04773937,0.0168088,-0.001878754,0.9987167,0.04178832,0.0360897,-0.00082117,0.9984741,-0.04023528,0.0003323,-0.001759239,-0.08564912,1.01418,0.01054322,-0.7473786,0.2786498,0.1617558,0.9484644,1
234.2866455,0.3061824,-0.329987,1.425121,0.04781367,0.01665994,-0.001330783,0.9987165,0.04178832,0.0360897,-0.00082117,0.9984741,-0.0365702,-0.004554478,-0.007867711,-0.07800292,1.013806,0.01204198,-0.7520798,0.2797918,0.1663146,0.9449859,1
234.3566504,0.3060522,-0.3301634,1.425204,0.04812676,0.01633039,-0.000630524,0.9987076,0.04178832,0.0360897,-0.00082117,0.9984741,-0.03046173,0.0003323,-0.01397618,-0.06295832,1.009063,0.008706656,-0.751128,0.2873816,0.1626727,0.9486394,1
234.4263385,0.3058617,-0.3303859,1.425289,0.04864227,0.01573736,0.000689641,0.998692,0.0418618,0.03649433,-0.000315898,0.9984565,-0.0353485,-0.004554478,-0.0103111,-0.08465151,1.017299,0.008043042,-0.7474567,0.2862835,0.1644823,0.9580643,1
234.4966518,0.3056058,-0.3306257,1.42537,0.04940869,0.01490204,0.002742215,0.9986638,0.0418618,0.03649433,-0.000315898,0.9984565,-0.03901359,0.001553995,-0.007867711,-0.07923532,1.01532,0.01373745,-0.7512665,0.2950194,0.1690369,0.9454833,1
234.5665341,0.3052898,-0.3308693,1.425431,0.05017146,0.01380449,0.005164361,0.9986319,0.0418618,0.03649433,-0.000315898,0.9984565,-0.03046173,-0.002111089,-0.000537541,-0.07578161,1.013252,0.01058084,-0.7531179,0.2922322,0.1699517,0.9404842,1
234.6367658,0.304988,-0.3311418,1.425493,0.05074365,0.01305034,0.005875354,0.9986092,0.04176164,0.03726836,-0.000744388,0.9984319,-0.0353485,-0.01677142,-0.02741482,-0.0811978,1.016735,0.007568132,-0.7549678,0.2961195,0.1690461,0.941651,1
234.7066579,0.3046924,-0.331361,1.42546,0.05112262,0.01239908,0.005619708,0.9985996,0.04176164,0.03726836,-0.000744388,0.9984319,-0.02924003,0.001553995,-0.002980933,-0.07651991,1.013245,0.009104541,-0.7569153,0.2981066,0.1745069,0.9371948,1
234.777305,0.3044202,-0.3315471,1.425496,0.0514066,0.01190531,0.005856002,0.9985898,0.04210892,0.03813462,-0.001059338,0.9983844,-0.02924003,-0.000889394,-0.01397618,-0.07652059,1.013504,0.01008387,-0.7533208,0.300828,0.1799534,0.941303,1
234.8462648,0.3041605,-0.3317338,1.425503,0.05158385,0.01143227,0.00646775,0.9985823,0.04210892,0.03813462,-0.001059338,0.9983844,-0.02557495,-0.005776173,-0.007867711,-0.07726489,1.012061,0.01059438,-0.7541916,0.2989538,0.1772279,0.9457644,1
234.9165636,0.3039695,-0.3318834,1.42559,0.05164069,0.01109179,0.007031207,0.9985794,0.04210892,0.03813462,-0.001059338,0.9983844,-0.02679664,-0.000889394,-0.002980933,-0.07825002,1.011057,0.007411513,-0.7505245,0.2988096,0.1790373,0.9519073,1
234.9866016,0.3037942,-0.3319922,1.425631,0.05160504,0.01078131,0.007868633,0.9985784,0.04230828,0.03846909,-0.001457091,0.9983625,-0.04023528,-0.01310634,-0.009089405,-0.06789017,1.010884,0.009651327,-0.7532454,0.3008227,0.1754062,0.9588106,1
235.0562547,0.3036468,-0.332088,1.42568,0.0516681,0.01062238,0.00914934,0.9985659,0.04230828,0.03846909,-0.001457091,0.9983625,-0.03046173,-0.003332783,0.003127541,-0.07603838,1.010111,0.01259162,-0.7541806,0.2999066,0.1763183,0.9653383,1
235.1266642,0.3035671,-0.3322195,1.425795,0.05183352,0.01063339,0.009913387,0.9985499,0.04230828,0.03846909,-0.001457091,0.9983625,-0.0365702,-0.003332783,-0.006646017,-0.07208201,1.010687,0.007186235,-0.7523471,0.2998345,0.177223,0.9696691,1
235.1968194,0.3035378,-0.3323239,1.425854,0.05180322,0.01077989,0.01002347,0.9985488,0.04231931,0.03871493,-0.002095386,0.9983515,-0.03168342,-0.006997867,-0.0103111,-0.06788653,1.011595,0.008166497,-0.7523128,0.2988786,0.1754043,0.9712386,1
235.2664083,0.3035722,-0.3323985,1.425899,0.05177361,0.01119061,0.009759124,0.9985486,0.04231931,0.03871493,-0.002095386,0.9983515,-0.02557495,-0.005776173,-0.01397618,-0.07650886,1.016129,0.005868047,-0.7532481,0.2979624,0.1763164,0.9672259,1
235.3372028,0.303644,-0.3324424,1.425894,0.05168098,0.01171836,0.009639701,0.9985484,0.04206826,0.03902666,-0.00254239,0.998349,-0.02679664,-0.009441256,-0.02374974,-0.07972226,1.015757,0.009551964,-0.7467846,0.2957998,0.1772097,0.953095,1
235.4070364,0.3037672,-0.3324951,1.425929,0.05164511,0.0124254,0.009294462,0.9985451,0.04206826,0.03902666,-0.00254239,0.998349,-0.02557495,0.01132755,-0.005424321,-0.07650761,1.016115,0.004885202,-0.7477309,0.2939308,0.1790314,0.9428378,1
235.4763516,0.3039181,-0.3325676,1.425943,0.05161419,0.01313724,0.008974867,0.9985403,0.04180503,0.0393416,-0.003230527,0.9983456,-0.02068817,-0.005776173,-0.01275449,-0.07479706,1.012507,0.01108553,-0.7514516,0.2959858,0.1799498,0.9393103,1
235.5470308,0.3040809,-0.3326985,1.425984,0.05171078,0.0137918,0.00904026,0.998526,0.04180503,0.0393416,-0.003230527,0.9983456,-0.03779189,-0.008219562,-0.01275449,-0.08318707,1.013689,0.01375127,-0.7504395,0.2930825,0.175401,0.9444094,1
235.6174979,0.3042338,-0.3328285,1.426028,0.05200689,0.01434735,0.009244161,0.9985008,0.04180503,0.0393416,-0.003230527,0.9983456,-0.02679664,-0.01066295,-0.02985821,-0.06739616,1.009866,0.007455361,-0.7486141,0.294918,0.1763052,0.9481158,1
235.6872282,0.3043682,-0.3329603,1.426071,0.05226887,0.01498479,0.0092198,0.9984781,0.04136543,0.03996846,-0.004302531,0.998335,-0.01824478,-0.01066295,0.008014318,-0.09749521,1.0152,0.01418585,-0.7468396,0.2910359,0.181758,0.9557158,1
235.7573647,0.3045113,-0.3331217,1.426193,0.0525089,0.01564353,0.00885057,0.9984587,0.04136543,0.03996846,-0.004302531,0.998335,-0.03290512,0.01743602,0.01534449,-0.05161675,1.008177,0.01366256,-0.7505217,0.30167,0.1781272,0.9510972,1
235.8263734,0.3046289,-0.333229,1.426232,0.05261185,0.0162033,0.008213768,0.9984498,0.04113868,0.0405713,-0.004611354,0.9983186,-0.04023528,0.0663038,-0.001759239,-0.05800466,1.017273,0.009091906,-0.7552965,0.3304695,0.179951,0.9615988,1
235.8972345,0.3047484,-0.3332951,1.42628,0.05256679,0.01657419,0.007522454,0.9984515,0.04113868,0.0405713,-0.004611354,0.9983186,-0.02924003,0.01377094,-0.01641957,-0.07578423,1.010775,0.008158931,-0.7563384,0.3648413,0.1781263,0.9553624,1
235.9665384,0.3048461,-0.3333095,1.426325,0.05235461,0.0170369,0.007066125,0.9984582,0.04113868,0.0405713,-0.004611354,0.9983186,-0.04634375,0.08585091,-0.006646017,-0.1088612,1.007839,0.01303532,-0.7583812,0.4135581,0.1772099,0.9595231,1
236.0378365,0.3049156,-0.3332818,1.426325,0.05203608,0.0172992,0.006839461,0.998472,0.04124881,0.04107269,-0.004767971,0.9982929,-0.0365702,0.06996889,-0.02008465,-0.09180129,1.021641,0.01140353,-0.758541,0.4612457,0.1744701,0.9563162,1
236.1062989,0.3049703,-0.3332728,1.426361,0.05174847,0.01759152,0.006446159,0.9984844,0.04124881,0.04107269,-0.004767971,0.9982929,-0.06466917,0.01865772,-0.0542921,-0.09331571,1.003755,0.005267985,-0.753095,0.4772432,0.1762709,0.9374848,1
236.1766221,0.3049908,-0.33323,1.426325,0.05128888,0.01777391,0.006214744,0.9985064,0.04124881,0.04107269,-0.004767971,0.9982929,-0.0365702,0.01743602,-0.02985821,-0.1012087,1.007645,0.01010775,-0.7438598,0.4787851,0.1762468,0.9551684,1
236.246718,0.3050145,-0.3331974,1.426356,0.05110023,0.01798119,0.00640728,0.9985112,0.04124881,0.04107269,-0.004767971,0.9982929,-0.00358445,-0.01310634,0.06299056,-0.08908688,1.021332,0.01067736,-0.7458165,0.4969828,0.178066,0.9583552,1
236.3166429,0.3050378,-0.3332037,1.42634,0.05093381,0.01798493,0.006593203,0.9985183,0.04124881,0.04107269,-0.004767971,0.9982929,-0.04634375,-0.005776173,-0.02008465,-0.07554856,1.009391,0.0140778,-0.7486855,0.5018669,0.1826191,0.9388803,1
236.3865481,0.3050719,-0.3332526,1.426321,0.05099624,0.01798487,0.006825749,0.9985136,0.04124881,0.04107269,-0.004767971,0.9982929,-0.01946648,-0.009441256,-0.01397618,-0.08686888,1.023072,0.01581874,-0.7462333,0.5132218,0.1989791,0.9416806,1
236.4568477,0.3051027,-0.3333101,1.426322,0.05101383,0.01804933,0.006957748,0.9985106,0.04151978,0.04166581,-0.004699339,0.9982575,-0.07810781,0.1420489,-0.1190419,-0.02387556,0.9605667,0.03555317,-0.7074388,0.5165102,0.3107341,0.9276047,1
236.5263818,0.3051206,-0.3333648,1.426349,0.05122654,0.01805853,0.007127366,0.9984984,0.04151978,0.04166581,-0.004699339,0.9982575,-0.2198244,0.1432706,-0.1459192,-0.1200558,1.0948,0.05009238,-0.6003929,0.4485032,0.5605595,0.8930705,1
236.5973923,0.3051164,-0.3334097,1.426302,0.05131684,0.01822008,0.007440877,0.9984885,0.04195571,0.04198711,-0.004375451,0.9982271,-0.09521154,-0.01310634,0.03122651,-0.05761895,0.9843872,0.0321775,-0.3805105,-0.1370533,0.7720305,0.7506357,1
236.666281,0.3051267,-0.3334333,1.426288,0.05135519,0.01834091,0.008087097,0.9984794,0.04200308,0.04202903,-0.003236413,0.9982278,-0.02313156,-0.03021006,0.03000482,-0.0411353,0.9424827,-0.006008094,-0.2820376,-0.4880776,0.7764127,0.8119528,1
236.7364654,0.3051261,-0.3334421,1.426241,0.05122907,0.01843094,0.008620715,0.9984797,0.04200308,0.04202903,-0.003236413,0.9982278,0.003745716,0.008884161,-0.009089405,-0.07182112,1.018294,0.01002631,-0.2688109,-0.6622074,0.6927581,0.8718886,1
236.806405,0.3051484,-0.3334416,1.426239,0.05109558,0.01858938,0.009004318,0.9984801,0.04200308,0.04202903,-0.003236413,0.9982278,0.07949077,-0.0668609,0.02023126,-0.06439652,1.031678,0.0169786,-0.2863421,-0.7207161,0.5391302,0.8845752,1
236.8765262,0.3051671,-0.3334196,1.426238,0.05105928,0.01871508,0.009321802,0.9984768,0.04200308,0.04202903,-0.003236413,0.9982278,0.04650503,-0.03143176,-0.004202627,-0.1268561,1.018287,0.01849295,-0.288538,-0.6568148,0.3763382,0.8661227,1
236.9462413,0.3051624,-0.3334102,1.426201,0.05104508,0.01879157,0.009779965,0.9984717,0.0416123,0.04247015,-0.001888736,0.9982289,0.01718435,-0.01921481,-0.03963177,-0.07256384,1.009313,-0.004100233,-0.2524995,-0.5409835,0.2907333,0.8749993,1
237.0165514,0.305145,-0.3334139,1.42612,0.05094864,0.01887831,0.009875917,0.998474,0.0416123,0.04247015,-0.001888736,0.9982289,-0.04145698,-0.000889394,-0.06284396,-0.1108529,0.9940428,0.00192434,-0.2046412,-0.4456109,0.2778548,0.9171715,1
237.0861957,0.3051619,-0.3334383,1.426109,0.05110871,0.01900004,0.009771364,0.9984645,0.04168725,0.0429187,-0.000402655,0.9982083,0.06849552,-0.05464395,-0.04818363,-0.08319122,1.006467,0.004024917,-0.1679262,-0.3869835,0.2777457,0.9524469,1
237.1572477,0.3051806,-0.3334298,1.426074,0.0512127,0.01912862,0.009865334,0.9984558,0.04168725,0.0429187,-0.000402655,0.9982083,-0.008471228,0.02476619,-0.02985821,-0.09377771,1.008424,-0.01028359,-0.1386667,-0.3595258,0.2894857,0.9713701,1
237.2265398,0.3052157,-0.3334483,1.426024,0.05128549,0.01937302,0.009752909,0.9984485,0.04168725,0.0429187,-0.000402655,0.9982083,0.06238705,-0.08396462,0.02389634,-0.09843678,1.031754,0.009275232,-0.1232805,-0.3401007,0.3039916,0.9601147,1
237.2968409,0.3052768,-0.3334666,1.426044,0.05120529,0.01959867,0.009469888,0.9984509,0.04168725,0.0429187,-0.000402655,0.9982083,0.008632496,-0.0644175,0.03000482,-0.1009785,0.9840131,-0.01953389,-0.104957,-0.3379603,0.313038,0.916647,1
237.3668269,0.305317,-0.333419,1.425947,0.05113013,0.01990258,0.009204494,0.9984513,0.04168725,0.0429187,-0.000402655,0.9982083,-0.03046173,-0.06075242,-0.000537541,-0.08508772,1.028194,-0.01595425,-0.09951381,-0.335312,0.3184796,0.9257644,1
237.4365347,0.3053813,-0.3333773,1.425933,0.05097279,0.02025083,0.009024783,0.998454,0.03961264,0.04500308,0.002483717,0.9981979,-0.04267867,-0.04853548,-0.08361276,-0.1107817,1.003017,-0.0360525,-0.09385397,-0.3374465,0.3120999,0.9087836,1
237.5069841,0.3054611,-0.3333862,1.425876,0.05080871,0.02056115,0.009269328,0.9984537,0.03961264,0.04500308,0.002483717,0.9981979,0.01596266,-0.003332783,-0.0103111,-0.07714777,1.039317,-0.02961219,-0.08452962,-0.3320967,0.3057088,0.9166745,1
237.5764448,0.3055553,-0.3333931,1.425812,0.05088359,0.02095717,0.009750888,0.9984371,0.03961264,0.04500308,0.002483717,0.9981979,0.02451452,-0.02410159,0.01412279,-0.102644,1.005662,-0.02771472,-0.07814291,-0.3304398,0.310239,0.8796052,1
237.6473644,0.3056362,-0.3333865,1.425744,0.05086544,0.02118173,0.0103176,0.9984276,0.03961264,0.04500308,0.002483717,0.9981979,-0.008471228,0.02843127,-0.02619313,-0.07125963,1.027294,-0.02549207,-0.06795457,-0.3251224,0.3074832,0.9002773,1
237.7162809,0.3056931,-0.3334217,1.425673,0.05108673,0.02156376,0.01036597,0.9984075,0.03948608,0.0460404,0.002895125,0.9981544,-0.03168342,0.05286516,-0.000537541,-0.1038775,1.0112,-0.0179671,-0.05958341,-0.3235481,0.3038237,0.8935181,1
237.7863125,0.3057264,-0.3335138,1.425624,0.05146605,0.02189714,0.01040486,0.9983805,0.03948608,0.0460404,0.002895125,0.9981544,0.0281796,-0.01554973,0.02756143,-0.0658237,1.024341,-0.03649546,-0.05312258,-0.3180823,0.3028964,0.9038619,1
237.8564927,0.3057367,-0.3335854,1.425586,0.05182748,0.02229659,0.01039615,0.998353,0.03948608,0.0460404,0.002895125,0.9981544,0.003745716,-0.03631853,0.04100007,-0.1127544,1.00956,-0.02533815,-0.0493621,-0.3153724,0.2983391,0.8998562,1
237.92637,0.3057294,-0.3335951,1.425507,0.05202819,0.02257436,0.01012937,0.9983391,0.03959367,0.04686104,0.003434989,0.9981105,-0.04878715,0.002775689,0.01778787,-0.0994441,0.9939038,-0.04277455,-0.05211314,-0.3133571,0.2965268,0.9211159,1
237.9962134,0.3057393,-0.3335921,1.425481,0.05196727,0.0227531,0.009607832,0.9983433,0.03959367,0.04686104,0.003434989,0.9981105,-0.06100409,0.07241227,0.009236012,-0.06193992,0.9956554,-0.03902127,-0.04294654,-0.3099034,0.30014,0.9525636,1
238.0663729,0.3057141,-0.3335558,1.425352,0.05194916,0.02300852,0.009280464,0.9983415,0.03959367,0.04686104,0.003434989,0.9981105,-0.06955595,0.05408686,-0.03107991,-0.09840689,1.027407,-0.02113664,-0.03921214,-0.3081452,0.2974018,0.9586549,1
238.1362922,0.3056816,-0.3335073,1.425248,0.05171866,0.02311588,0.00908262,0.9983528,0.03976642,0.04780835,0.004522225,0.9980543,0.04528333,-0.009441256,-0.01153279,-0.07762098,1.05088,-0.02437337,-0.03456439,-0.3073764,0.2955708,0.8994604,1
238.2066293,0.3056416,-0.3334441,1.425188,0.05154716,0.02323177,0.008759523,0.9983619,0.03976642,0.04780835,0.004522225,0.9980543,0.002524022,0.01254924,-0.02252804,-0.1066084,0.9954012,-0.03347475,-0.02535253,-0.3039258,0.2964557,0.8370671,1
238.2771933,0.3055767,-0.3333735,1.425096,0.05141623,0.02350607,0.008553253,0.998364,0.03976642,0.04780835,0.004522225,0.9980543,-0.1196454,0.1139499,-0.02619313,-0.09592116,1.02665,-0.03635693,-0.02433635,-0.3077829,0.291907,0.8726869,1
238.3462923,0.3055027,-0.3333146,1.425004,0.05146533,0.02376658,0.008693746,0.9983542,0.03986574,0.04883793,0.006156609,0.9979918,-0.0353485,-0.003332783,-0.01519788,-0.07368527,1.041913,-0.03111572,-0.01608999,-0.3052464,0.2955228,0.8576602,1
238.4166659,0.3054373,-0.3332819,1.424961,0.05141683,0.02396081,0.008837423,0.9983507,0.03986574,0.04883793,0.006156609,0.9979918,0.006189108,-0.05830903,0.03000482,-0.06529699,1.032479,-0.0471794,-0.01333339,-0.3015409,0.2955148,0.8172224,1
238.4864985,0.3053401,-0.3332232,1.424883,0.05152164,0.0242119,0.008969432,0.998338,0.03986574,0.04883793,0.006156609,0.9979918,-0.03412681,0.005219078,0.01900957,-0.1084698,1.038791,-0.04147816,-0.00406396,-0.3009549,0.293672,0.8022202,1
238.5567301,0.3052287,-0.3331496,1.4248,0.05176397,0.02434416,0.00942257,0.9983182,0.03986574,0.04883793,0.006156609,0.9979918,-0.02679664,-0.01677142,-0.005424321,-0.101601,1.022307,-0.04048621,0.004186505,-0.2993723,0.297288,0.7881435,1
238.6266468,0.3051025,-0.3330871,1.424719,0.05175893,0.02437329,0.01034544,0.9983085,0.03986982,0.05005844,0.008478506,0.9979141,0.01107588,-0.08029953,0.001905847,-0.1029014,0.9874895,-0.05202952,0.001390207,-0.2973539,0.2982041,0.8231621,1
238.6979797,0.3049889,-0.3330247,1.424593,0.0516958,0.02447821,0.01140557,0.9982978,0.03980646,0.05142862,0.01119957,0.9978201,0.002524022,-0.05708734,-0.02374974,-0.1028432,1.01942,-0.03921879,0.004193388,-0.2974657,0.2963781,0.8814429,1
238.7665815,0.3049068,-0.3329347,1.424566,0.05182556,0.02465094,0.01266336,0.9982716,0.03980646,0.05142862,0.01119957,0.9978201,-0.00358445,0.01621433,-0.03474499,-0.1021544,0.9954188,-0.04304883,0.00784825,-0.2947485,0.2981868,0.8982403,1
238.8391807,0.3048416,-0.3328558,1.424554,0.05185475,0.02493872,0.01374273,0.9982486,0.03980646,0.05142862,0.01119957,0.9978201,0.04894841,0.007662467,-0.002980933,-0.08840243,0.9673024,-0.04334673,0.01242466,-0.2949282,0.3009033,0.9351664,1
238.909179,0.3047871,-0.332791,1.424489,0.05189899,0.0254548,0.01436047,0.9982246,0.03980646,0.05142862,0.01119957,0.9978201,0.1674528,-0.09495987,0.1424007,-0.2063897,0.9639335,-0.01606242,0.01425414,-0.2940465,0.3018078,0.9635311,1
238.9765989,0.3047485,-0.3327191,1.424499,0.05216091,0.02616869,0.01471416,0.9981874,0.03980646,0.05142862,0.01119957,0.9978201,-0.08299459,0.01254924,-0.06773074,-0.0874902,1.027012,-0.06730763,0.01594241,-0.2883873,0.3099866,0.9644349,1
239.0481356,0.304712,-0.3326069,1.424508,0.05234135,0.02687206,0.01485058,0.9981572,0.03927101,0.05385839,0.01554895,0.9976549,-0.002362756,0.01132755,-0.006646017,-0.06155298,1.040444,-0.06547158,0.02057918,-0.2885712,0.3090653,0.9071766,1
239.1174754,0.3046818,-0.3325053,1.424535,0.05250525,0.02755993,0.01504206,0.9981269,0.03927101,0.05385839,0.01554895,0.9976549,-0.03779189,-0.04609209,-0.01275449,-0.08156908,1.027401,-0.06606988,0.0204557,-0.2914232,0.3172509,0.8475898,1
239.1865672,0.3046834,-0.3323845,1.424632,0.05265101,0.02822305,0.01559495,0.9980922,0.03927101,0.05385839,0.01554895,0.9976549,-0.009692922,0.02110111,-0.01153279,-0.1204109,0.9927549,-0.04969085,0.02511033,-0.2887478,0.31451,0.8470724,1
239.2573362,0.3046953,-0.3322119,1.424672,0.05286994,0.02904125,0.01640131,0.9980444,0.03862137,0.05590377,0.0176307,0.997533,-0.02313156,-0.002111089,0.02511804,-0.1025927,1.01486,-0.05021175,0.02876929,-0.2869844,0.316319,0.8953205,1
239.3269778,0.3047202,-0.3320044,1.424728,0.05294132,0.02993224,0.0180533,0.9979857,0.03862137,0.05590377,0.0176307,0.997533,-0.04878715,0.003997383,0.01290109,-0.07515123,1.028746,-0.06558199,0.02958391,-0.2860599,0.3226824,0.9002268,1
239.3971591,0.3047531,-0.3317424,1.42478,0.05287758,0.03101541,0.01994051,0.99792,0.03862137,0.05590377,0.0176307,0.997533,-0.02190987,-0.01799312,0.05077362,-0.1186792,0.9934212,-0.05190807,0.02402003,-0.2886998,0.3245162,0.8853719,1
239.4667556,0.304808,-0.3314371,1.424921,0.05257199,0.03221818,0.02247668,0.9978442,0.03850782,0.0582843,0.01999412,0.9973566,-0.09887662,0.03331805,-0.02619313,-0.1067684,1.014231,-0.06569601,0.03140241,-0.2861309,0.3244966,0.9160191,1
239.5373835,0.3048686,-0.3310685,1.425025,0.05237442,0.03344512,0.02538095,0.9977446,0.03850782,0.0582843,0.01999412,0.9973566,-0.05489562,-0.01310634,-0.004202627,-0.08795274,1.047729,-0.05384488,0.03420969,-0.2871965,0.3226708,0.8985179,1
239.6070286,0.3049422,-0.3306759,1.425102,0.05193172,0.03483585,0.0280306,0.9976492,0.03850782,0.0582843,0.01999412,0.9973566,-0.05367392,-0.04242701,0.004349235,-0.09318464,1.021581,-0.06232799,0.03514633,-0.2900946,0.3226691,0.833198,1
239.6776962,0.3050582,-0.3302446,1.425141,0.0510877,0.03655245,0.02971592,0.9975826,0.03794633,0.06062562,0.0221206,0.9971937,0.03550977,-0.04975717,-0.01764126,-0.08588672,0.9872624,-0.04436579,0.03509697,-0.2891376,0.3253972,0.8460435,1
239.7464218,0.3051625,-0.3297982,1.425272,0.05052764,0.03864143,0.03146614,0.9974787,0.03794633,0.06062562,0.0221206,0.9971937,0.04650503,-0.0876297,-0.01397618,-0.06868592,1.044095,-0.0761096,0.03965419,-0.2883625,0.3290229,0.8792502,1
239.8165955,0.305238,-0.3293944,1.425413,0.04995768,0.04078661,0.03362712,0.9973515,0.03794633,0.06062562,0.0221206,0.9971937,0.01962775,-0.0656392,0.04100007,-0.09891043,0.9929403,-0.07495433,0.03774239,-0.2911455,0.3335754,0.8455684,1
239.8861529,0.3053043,-0.3290899,1.425591,0.0495052,0.04265323,0.03573975,0.9972225,0.03794633,0.06062562,0.0221206,0.9971937,-0.04267867,0.02110111,0.009236012,-0.06159095,1.01731,-0.07791763,0.03592389,-0.2910745,0.3317614,0.8860523,1
239.9568538,0.305354,-0.3288476,1.425778,0.04933496,0.04453212,0.03752192,0.9970832,0.03752259,0.06266034,0.02414392,0.997037,-0.03168342,-0.009441256,-0.02741482,-0.06969836,1.033623,-0.07546949,0.03956645,-0.2854958,0.3335693,0.8898644,1
240.0262625,0.3053839,-0.3286854,1.426029,0.0497671,0.04647461,0.03923179,0.9969074,0.04156878,0.1368321,-0.002742524,0.9897177,-0.02679664,-0.003332783,0.02878312,-0.08535516,0.9813095,-0.0838465,0.03864065,-0.2921338,0.3353921,0.8680515,1
240.0963293,0.3053975,-0.3286203,1.426292,0.05058495,0.04823484,0.04112777,0.9967061,0.04156878,0.1368321,-0.002742524,0.9897177,-0.03779189,-0.02043651,0.01900957,-0.1040506,1.008622,-0.0783881,0.03486933,-0.2853077,0.3381283,0.907051,1
240.1670388,0.3053721,-0.3285725,1.426529,0.05152184,0.05006177,0.04251373,0.99651,0.04156878,0.1368321,-0.002742524,0.9897177,-0.05978239,0.03209636,-0.03107991,-0.07468796,1.004512,-0.08587537,0.03306314,-0.2880981,0.3363149,0.9309217,1
240.2362821,0.3053327,-0.3285182,1.426686,0.05227349,0.05209391,0.04190466,0.9963924,0.04156878,0.1368321,-0.002742524,0.9897177,-0.02435326,-0.01554973,0.01900957,-0.08676153,1.023368,-0.06504139,0.03761758,-0.2901834,0.3408507,0.9429443,1
240.3069433,0.3053015,-0.3284874,1.426796,0.0526856,0.05439957,0.03901218,0.9963649,0.04156878,0.1368321,-0.002742524,0.9897177,-0.08421628,0.03453975,0.005570929,-0.1194071,0.9917933,-0.06417455,0.03392156,-0.2938513,0.3417705,0.9240376,1
240.3765106,0.3052503,-0.3284728,1.426943,0.05277732,0.05676426,0.03566822,0.9963535,0.04052789,0.139444,-0.001776765,0.9893986,-0.07199934,0.05286516,-0.01641957,-0.08879194,1.000231,-0.06348378,0.03112116,-0.290879,0.3426864,0.9478446,1
240.4468549,0.3051412,-0.3283901,1.427151,0.05295745,0.05911836,0.03394523,0.9962672,0.04052789,0.139444,-0.001776765,0.9893986,-0.02068817,0.02476619,-0.009089405,-0.08651233,1.022081,-0.0692002,0.03762579,-0.292091,0.3408512,0.9587624,1
240.5164553,0.3049831,-0.3282623,1.427533,0.05338031,0.06127583,0.03395893,0.9961138,0.04052789,0.139444,-0.001776765,0.9893986,-0.07566442,0.03331805,-0.009089405,-0.07399943,0.9835224,-0.0840963,0.03481982,-0.2948396,0.3435872,0.9356609,1
240.5869986,0.3047584,-0.3281931,1.427786,0.05397933,0.06345735,0.03632976,0.9958613,0.03951539,0.1422022,-0.000174738,0.9890484,0.003745716,0.01499263,0.01778787,-0.08775856,1.015981,-0.07058983,0.03848977,-0.2921233,0.3444865,0.9468139,1
240.6566906,0.3045179,-0.3281718,1.427973,0.05466537,0.06602765,0.03781413,0.9956014,0.03951539,0.1422022,-0.000174738,0.9890484,0.01107588,0.01010586,0.000684153,-0.06579953,1.011286,-0.07808682,0.0319371,-0.2937687,0.3499601,0.9379413,1
240.7265721,0.3042893,-0.3281546,1.428144,0.05551321,0.0687777,0.03724031,0.9953899,0.03827268,0.1452842,0.001021759,0.9886488,-0.01213631,0.0223228,0.004349235,-0.03363638,1.050014,-0.07463432,0.03288341,-0.2918997,0.3481385,0.9167972,1
240.7966923,0.3040879,-0.3281756,1.428356,0.05646941,0.07163404,0.03464944,0.9952282,0.03827268,0.1452842,0.001021759,0.9886488,0.001302328,0.01254924,-0.009089405,-0.1107375,0.9992606,-0.07630338,0.02922312,-0.289849,0.3454191,0.8553746,1
240.8667782,0.3039002,-0.328278,1.428733,0.05709754,0.07465333,0.03064575,0.9951018,0.03827268,0.1452842,0.001021759,0.9886488,-0.08543798,0.06752549,-0.000537541,-0.09592993,1.002435,-0.07287212,0.03100866,-0.2927783,0.3499623,0.8976703,1
240.9363281,0.3036415,-0.3283547,1.428972,0.05802839,0.07747253,0.02780351,0.994916,0.03827268,0.1452842,0.001021759,0.9886488,0.02329283,-0.02410159,0.03977837,-0.03788999,1.02294,-0.07818641,0.02733461,-0.2945407,0.3490628,0.9314801,1
241.0071871,0.3033471,-0.3284016,1.429056,0.05904121,0.08011173,0.02646813,0.9946838,0.03754123,0.1494098,0.002688279,0.9880587,0.01107588,0.006440773,0.01412279,-0.07748339,0.9751526,-0.07661121,0.0263842,-0.2954559,0.3508842,0.9235294,1
241.0763283,0.3030374,-0.3284271,1.429159,0.0599739,0.08262753,0.0248952,0.9944628,0.03754123,0.1494098,0.002688279,0.9880587,-0.001141062,-0.006997867,-0.007867711,-0.03190747,1.039933,-0.09389996,0.02165691,-0.2952657,0.3572621,0.9261986,1
241.146265,0.3026969,-0.3283685,1.429209,0.06081334,0.08500541,0.02454652,0.99422,0.03531341,0.1560515,0.002575079,0.9871141,-0.03290512,0.03820483,-0.0103111,-0.09147366,0.9994199,-0.08952959,0.02351935,-0.2915256,0.3554376,0.8813698,1
241.216775,0.3023049,-0.328231,1.429327,0.06162061,0.08759589,0.02515439,0.9939302,0.03531341,0.1560515,0.002575079,0.9871141,-0.06955595,0.1005112,-0.03596668,-0.1166203,1.015735,-0.07655549,0.02627038,-0.2935409,0.3572498,0.9062686,1
241.2862316,0.3018721,-0.3280485,1.429394,0.0622751,0.08989323,0.02735545,0.9936261,0.03531341,0.1560515,0.002575079,0.9871141,-0.06833426,0.09562446,-0.01275449,-0.1181505,0.9950199,-0.07576887,0.01981923,-0.2942397,0.3563572,0.9123707,1
241.3569585,0.3013716,-0.3277743,1.429271,0.06268352,0.09208307,0.02931508,0.9933439,0.03351328,0.1602885,0.001883248,0.9864992,-0.001141062,-0.03021006,-0.01886296,-0.05784001,1.035723,-0.08284356,0.01885651,-0.2922934,0.358178,0.9231417,1
241.4266591,0.3008103,-0.327435,1.429096,0.06269719,0.09451436,0.0292829,0.9931157,0.03351328,0.1602885,0.001883248,0.9864992,0.02451452,-0.002111089,0.005570929,-0.0434882,1.046754,-0.0940268,0.02065846,-0.2990381,0.362722,0.863342,1
241.4964298,0.3002234,-0.3270539,1.428827,0.06216835,0.09709662,0.02731201,0.9929559,0.03251814,0.164206,0.002397822,0.9858869,-0.07199934,0.08096413,-0.004202627,-0.08060518,0.9990664,-0.09908256,0.01874943,-0.2989607,0.3663644,0.8175939,1
241.5666783,0.2996673,-0.3266142,1.428644,0.06154743,0.09959926,0.02395897,0.9928333,0.03251814,0.164206,0.002397822,0.9858869,-0.03779189,0.05164347,-0.0323016,-0.09986336,0.9975904,-0.09247296,0.02063926,-0.2980832,0.3636312,0.8770466,1
241.6364821,0.2991383,-0.3261401,1.428517,0.06040179,0.1018193,0.02079217,0.9927499,0.03251814,0.164206,0.002397822,0.9858869,0.06605213,-0.03876192,0.005570929,-0.03407948,1.048705,-0.1151675,0.01967655,-0.2961369,0.365452,0.9013881,1
241.706384,0.2985452,-0.3255816,1.428214,0.05933275,0.1041888,0.01924125,0.9925997,0.03234626,0.1686442,0.00316652,0.985141,-0.08177289,0.05042177,-0.01275449,-0.09642627,0.9786653,-0.1130814,0.01877829,-0.2951486,0.3636352,0.8446825,1
241.7762936,0.297953,-0.3249939,1.427856,0.05799662,0.1066297,0.01883893,0.9924272,0.03234626,0.1686442,0.00316652,0.985141,-0.08910306,0.09684616,-0.02985821,-0.04891823,1.041119,-0.1028063,0.01131226,-0.2958046,0.3682016,0.8662814,1
241.8465237,0.2973823,-0.3243763,1.427434,0.0569157,0.1086067,0.01913293,0.9922697,0.03234626,0.1686442,0.00316652,0.985141,-0.02557495,0.01987941,-0.009089405,0.00641813,1.068829,-0.1033159,0.01319111,-0.2958798,0.3663779,0.8055177,1
241.9168946,0.2968087,-0.3237082,1.427041,0.05624761,0.1109947,0.0196734,0.992033,0.03234626,0.1686442,0.00316652,0.985141,-0.01091462,-0.03143176,-0.009089405,-0.02373283,1.052941,-0.09505059,0.01596002,-0.2950357,0.3663706,0.7140525,1
241.986802,0.2961959,-0.3229652,1.426589,0.05520781,0.1133135,0.02088902,0.9918043,0.03272833,0.1735506,0.002756793,0.9842772,0.007410802,0.02354449,0.02023126,-0.04206095,1.023762,-0.09467465,0.01502469,-0.295952,0.3672826,0.6979513,1
242.0569536,0.2956118,-0.322224,1.426118,0.05405523,0.1157141,0.02225507,0.9915609,0.03272833,0.1735506,0.002756793,0.9842772,0.06116536,-0.03387515,0.02389634,-0.06030363,1.019689,-0.1143218,0.01498763,-0.2978564,0.3700114,0.7539647,1
242.1267166,0.2950981,-0.3214998,1.425829,0.05251246,0.1185363,0.02266297,0.9913012,0.03272833,0.1735506,0.002756793,0.9842772,-0.04023528,0.01377094,-0.01153279,-0.06425848,1.023858,-0.1016119,0.0158544,-0.2950284,0.3727367,0.7989564,1
242.1967382,0.2945848,-0.3206929,1.425454,0.0505585,0.1218276,0.02224687,0.9910132,0.03339664,0.1789286,0.001247789,0.9832941,-0.05123053,0.1567092,-0.05673549,0.1862121,0.931751,-0.09843921,0.008456938,-0.2975962,0.3736657,0.8312007,1
242.2667593,0.2941087,-0.3199301,1.42514,0.04909242,0.1255768,0.02101802,0.9906456,0.03339664,0.1789286,0.001247789,0.9832941,8.06339E-05,0.1457139,-0.04085346,-0.0466332,1.058146,-0.1212328,0.004725317,-0.296494,0.3754938,0.8587552,1
242.3368185,0.2936702,-0.3192438,1.424872,0.04721132,0.1291048,0.01966971,0.9903112,0.03339664,0.1789286,0.001247789,0.9832941,0.1149199,0.06019533,0.05810379,-0.006021053,1.016338,-0.1195469,0.006546596,-0.2937047,0.3763978,0.7919671,1
242.4067395,0.2932352,-0.3186695,1.424686,0.04624657,0.1328298,0.01980613,0.9898613,0.03339664,0.1789286,0.001247789,0.9832941,0.06849552,0.0223228,-0.0542921,-0.02966589,1.035893,-0.1169379,0.005586663,-0.2888979,0.3773085,0.8043696,1
242.4766931,0.2928225,-0.3181983,1.424447,0.04614923,0.1367063,0.02047401,0.9893242,0.03339664,0.1789286,0.001247789,0.9832941,0.04894841,-0.1059551,0.3757443,-0.1169385,1.196485,-0.07424854,0.006427356,-0.2870217,0.3818528,0.7052642,1
242.5463304,0.2924622,-0.3178606,1.424332,0.04661051,0.1407816,0.02115192,0.9887167,0.03339664,0.1789286,0.001247789,0.9832941,-0.07199934,-0.09740326,0.1314054,-0.02869621,1.020527,-0.1312139,0.006458851,-0.2908379,0.3809443,0.4840328,1
242.6170963,0.2921457,-0.3176495,1.424116,0.04708274,0.1452678,0.02047166,0.9880595,0.03339664,0.1789286,0.001247789,0.9832941,-0.08665967,-0.1621531,0.1619478,-0.03932244,1.015161,-0.1284592,0.009310078,-0.2880926,0.3754799,0.5774403,1
242.6865485,0.2919184,-0.3175189,1.424015,0.04795012,0.1503097,0.0189725,0.9872932,0.03448546,0.1844124,-0.000283572,0.9822437,-0.09643323,-0.1682615,0.2022637,-0.03094342,1.021372,-0.1096044,0.005575676,-0.2898507,0.3782181,0.7098275,1
242.7572503,0.2917796,-0.3174587,1.424065,0.0486401,0.1551547,0.01743131,0.9865381,0.03448546,0.1844124,-0.000283572,0.9822437,-0.09521154,-0.1878086,0.2804522,-0.02656918,0.9949665,-0.1057721,0.005589302,-0.2965264,0.3791292,0.7898386,1
242.8264076,0.2916362,-0.3174345,1.424216,0.04993597,0.1598012,0.0176402,0.9857275,0.03714515,0.1926558,0.003472648,0.980557,-0.1636264,-0.2073558,0.03489159,-0.1383568,0.9116802,-0.0574128,0.02042262,-0.2933005,0.3754527,0.8559433,1
242.8964465,0.2914425,-0.3174901,1.424294,0.05207498,0.1645679,0.02158409,0.9847536,0.03714515,0.1926558,0.003472648,0.980557,-0.08299459,-0.06808259,0.09475462,-0.04113053,0.9973075,-0.09896024,0.02127972,-0.2952395,0.3799979,0.8601973,1
242.9663826,0.2912622,-0.3176143,1.42448,0.05430066,0.1692804,0.02638027,0.9837173,0.03970451,0.198037,0.008572867,0.9793525,-0.09032475,-0.06075242,-0.2436547,-0.04532927,0.9954339,-0.09918928,0.03332215,-0.2947632,0.3781481,0.9085402,1
243.0366864,0.2909448,-0.3176484,1.424453,0.0572338,0.1739066,0.03280955,0.9825499,0.03970451,0.198037,0.008572867,0.9793525,-0.1135369,-0.07419106,-0.1324805,-0.06598944,1.021178,-0.1035436,0.03251163,-0.2966416,0.3717848,0.9363509,1
243.1064953,0.2906168,-0.317764,1.424577,0.06035543,0.1783102,0.04111655,0.9812605,0.03970451,0.198037,0.008572867,0.9793525,-0.1636264,0.04064822,-0.1263721,-0.09166411,1.023857,-0.08865377,0.03805486,-0.2997215,0.3726808,0.9084374,1
243.1764919,0.2902718,-0.3178586,1.424718,0.06339524,0.1822501,0.04915832,0.9799743,0.04252857,0.2030532,0.01494156,0.9781295,-0.1428576,0.02476619,0.05443871,-0.03467032,1.045535,-0.2340726,0.03531335,-0.3034281,0.3717794,0.8533524,1
243.2462367,0.2898709,-0.317903,1.424697,0.06593973,0.1856165,0.05736945,0.9787275,0.04252857,0.2030532,0.01494156,0.9781295,-0.1514095,-0.02532328,0.009236012,-0.1432952,1.015812,-0.2432496,0.03348798,-0.3052636,0.3708751,0.7521331,1
243.3168714,0.2894906,-0.3179116,1.424746,0.06835822,0.1891606,0.06492409,0.9774101,0.04623919,0.2080476,0.0237703,0.9767359,-0.1098719,-0.07541276,-0.08239107,-0.08624234,1.123816,-0.09254012,0.03814393,-0.3064024,0.3690447,0.6726528,1
243.3863359,0.2891008,-0.3178502,1.424719,0.0697678,0.192424,0.07136633,0.9762235,0.04995964,0.2124836,0.03247292,0.9753461,-0.04878715,-0.03876192,-0.04818363,-0.09145571,0.9398274,-0.02231375,0.03916831,-0.3121671,0.3644965,0.5624058,1
243.4568655,0.2887105,-0.3177257,1.424608,0.07070402,0.1957988,0.07684718,0.9750683,0.05325419,0.216419,0.04097286,0.9739856,-0.03779189,-0.02287989,0.000684153,0.01346414,1.065153,-0.02681321,0.03726896,-0.3073228,0.3663189,0.6513451,1
243.5264338,0.2883151,-0.3175583,1.424463,0.07143978,0.199571,0.08158454,0.9738643,0.05325419,0.216419,0.04097286,0.9739856,-0.07810781,-0.0436487,0.02267465,-0.05961936,1.007019,-0.09447625,0.04287386,-0.314221,0.3644875,0.6796833,1
243.5966868,0.2879508,-0.3173879,1.424335,0.07181168,0.2033296,0.0867812,0.9726095,0.05683088,0.2222472,0.05188437,0.9719487,-0.05489562,0.002775689,0.02145296,-0.1155652,1.042521,-0.08038001,0.04191803,-0.3103682,0.3653984,0.7589067,1
243.6661497,0.2875401,-0.3171397,1.424019,0.07220879,0.2070046,0.09240496,0.971286,0.05885096,0.2305868,0.06284576,0.9692351,-0.07444273,-0.03631853,-0.08239107,-0.1035182,1.034241,-0.06229024,0.04377491,-0.3123489,0.3653941,0.7524132,1
243.7369272,0.2871576,-0.3168918,1.423905,0.07285536,0.2106869,0.09842128,0.9698539,0.05885096,0.2305868,0.06284576,0.9692351,-0.07932951,-0.03876192,-0.006646017,-0.06747221,1.032514,-0.08159211,0.04112114,-0.3189222,0.3599462,0.7554321,1
243.8067444,0.2867864,-0.3166456,1.423743,0.07358558,0.2143569,0.1055922,0.968239,0.05944134,0.2345475,0.06825487,0.9678819,-0.1037634,-0.03387515,0.005570929,-0.07913544,1.013695,-0.06488312,0.05120665,-0.310737,0.3626464,0.7801219,1
243.8764285,0.286422,-0.3164055,1.423488,0.07505932,0.2178296,0.1141487,0.966378,0.06052393,0.2410602,0.0762865,0.9656123,-0.1098719,-0.06930429,0.04222176,-0.06859288,1.010978,-0.01861454,0.04942507,-0.3192503,0.3608343,0.840289,1
243.9469483,0.2861203,-0.3162,1.423396,0.07658499,0.2214128,0.1225997,0.9644068,0.06235581,0.2466862,0.08462811,0.9633772,-0.07688612,-0.02287989,0.02511804,-0.08114375,1.011364,-0.0429815,0.04571264,-0.319103,0.3617533,0.8941033,1
244.0162807,0.2859052,-0.3160409,1.423322,0.07835288,0.2253202,0.1309839,0.9622551,0.06495366,0.2532814,0.09584862,0.9604387,-0.06955595,0.07607735,0.0116794,-0.04859609,1.003434,-0.04008376,0.04845825,-0.3163502,0.3626549,0.9259311,1
244.0867433,0.2857157,-0.3158189,1.423181,0.07983,0.2294916,0.1381751,0.9601399,0.06495366,0.2532814,0.09584862,0.9604387,-0.02557495,0.005219078,-0.004202627,-0.07968595,1.021364,-0.007978031,0.04852403,-0.3211224,0.3599277,0.9460115,1
244.1569934,0.2856376,-0.3156158,1.423082,0.08067958,0.2341155,0.1435087,0.9581681,0.06861389,0.2607065,0.1111895,0.9565361,-0.013358,0.01132755,-0.001759239,-0.04839376,0.9929,-0.0251855,0.04385709,-0.3209364,0.3626679,0.9364538,1
244.2263698,0.2856097,-0.3153979,1.423025,0.08105404,0.2396831,0.1462225,0.9563479,0.07082742,0.2663234,0.121029,0.9536284,-0.05489562,0.001553995,0.04833024,-0.0291016,0.9155536,-0.01099685,0.04475945,-0.3228785,0.3644848,0.9349751,1
244.2963235,0.2855202,-0.3151291,1.4229,0.08150829,0.2452809,0.1482699,0.954573,0.07301678,0.2784421,0.1324957,0.9484637,-0.1343058,-0.0656392,0.03000482,-0.07262344,1.010721,-0.1434685,0.04669997,-0.3267722,0.3599338,0.8797957,1
244.3668211,0.2853931,-0.3148256,1.422714,0.08177736,0.2501981,0.1521457,0.9526622,0.07312886,0.2846187,0.134598,0.9463232,-0.1159803,-0.06075242,0.0361133,-0.06633415,1.010756,-0.04785161,0.04489656,-0.3267021,0.3572103,0.8830326,1
244.4362947,0.2851906,-0.314539,1.422573,0.0822039,0.2552271,0.1563361,0.9506107,0.07282512,0.2926411,0.1371042,0.9435358,-0.02924003,0.01865772,-0.01397618,-0.07328009,1.009309,-0.02228842,0.04398189,-0.3218986,0.3553926,0.9167447,1
244.5072416,0.2848884,-0.3141668,1.422117,0.08268233,0.2595692,0.1596219,0.9488459,0.07450416,0.2996864,0.1382793,0.9410185,-0.03901359,0.03698314,-0.004202627,-0.0739324,1.012345,-0.08352889,0.04300951,-0.3247193,0.3590334,0.9404292,1
244.5765915,0.2846124,-0.3139096,1.421721,0.08247707,0.263866,0.1609154,0.9474591,0.07450416,0.2996864,0.1382793,0.9410185,-0.03412681,-0.004554478,-0.000537541,-0.04830773,0.9781603,0.07038351,0.0458291,-0.3286464,0.3572083,0.9458671,1
244.6471476,0.2843001,-0.3137012,1.42132,0.08181075,0.2688807,0.1590088,0.9464283,0.0738105,0.3067614,0.1389094,0.9386979,0.002524022,0.001553995,0.04344346,-0.08658987,1.056792,0.05146017,0.04580859,-0.3238773,0.3572072,0.9321328,1
244.7163947,0.2839733,-0.3135392,1.420783,0.08039385,0.2736725,0.1549192,0.9458542,0.06933338,0.3184102,0.1339347,0.9358787,-0.1220888,-0.02898837,-0.009089405,-0.06504582,1.014377,-0.08279908,0.03841391,-0.3235847,0.3572261,0.844138,1
244.7874815,0.2836151,-0.3134163,1.420176,0.07899221,0.2779226,0.1509656,0.9453722,0.0668261,0.3254496,0.1283023,0.9344277,-0.02557495,0.01132755,-0.01519788,-0.0816358,1.015118,-0.0373843,0.04680968,-0.3277333,0.353568,0.8596108,1
244.8564531,0.2831758,-0.3133655,1.419582,0.07826709,0.2817679,0.1486284,0.9446644,0.0668261,0.3254496,0.1283023,0.9344277,0.01474097,-0.009441256,-0.02374974,-0.04786541,0.9887378,-0.05903949,0.03931217,-0.324573,0.3590429,0.8953359,1
244.9264914,0.282644,-0.3133705,1.41891,0.07808626,0.2853458,0.1474841,0.9437844,0.06494299,0.332172,0.1231937,0.9328812,-0.01580139,-0.002111089,-0.01275449,-0.08088934,1.016787,-0.0391269,0.04855962,-0.3258925,0.3590194,0.9294981,1
244.9964371,0.282055,-0.3133866,1.418091,0.07749961,0.2883858,0.1458791,0.9431579,0.06400086,0.3378278,0.119642,0.9313764,-0.02801834,0.003997383,-0.01397618,-0.05524325,1.009167,-0.04116584,0.04485818,-0.3247924,0.3590287,0.9346384,1
245.0663779,0.2814698,-0.3134208,1.417225,0.07661541,0.2911718,0.1428758,0.9428339,0.06287958,0.3433125,0.1170087,0.9297802,-0.02313156,0.005219078,-0.01275449,-0.07421476,1.015508,-0.05088868,0.04674113,-0.3258215,0.3572053,0.9481303,1
245.1364166,0.2808441,-0.313471,1.416358,0.07535101,0.2944337,0.1383809,0.9425932,0.06110453,0.3490969,0.1144852,0.9280574,-0.02313156,-0.005776173,-0.01397618,-0.06238204,1.013636,-0.04591735,0.04299852,-0.325672,0.3599431,0.943965,1
245.2071459,0.2802574,-0.3135978,1.415699,0.07427061,0.298136,0.133747,0.942184,0.05966924,0.3535018,0.1105878,0.9269553,-0.0145797,-0.0216582,-0.0103111,-0.07125431,1.016957,-0.04795316,0.04391876,-0.3247548,0.3599405,0.9417284,1
245.2770461,0.2796419,-0.3136953,1.414862,0.07336146,0.3012567,0.1304106,0.9417301,0.05966924,0.3535018,0.1105878,0.9269553,-0.02924003,-0.005776173,-0.01153279,-0.06879967,1.014294,-0.04299344,0.04304657,-0.3228148,0.3563047,0.9348465,1
245.3464577,0.2790208,-0.3138239,1.414006,0.07283225,0.3043763,0.1276561,0.9411453,0.05806138,0.360583,0.1048752,0.9249918,-0.03779189,-0.008219562,-0.01764126,-0.06066176,1.013177,-0.04148277,0.045825,-0.3276926,0.3572081,0.9370062,1
245.4171636,0.27846,-0.3139907,1.413286,0.07251628,0.307689,0.1245857,0.9405037,0.05911077,0.3656499,0.103898,0.9230444,-0.02801834,-0.006997867,-0.0103111,-0.07248696,1.018224,-0.04649988,0.04484998,-0.3228848,0.3590282,0.9396388,1
245.4866688,0.2779086,-0.3141812,1.412669,0.07209142,0.3115687,0.1210799,0.9397167,0.05978726,0.3703512,0.1031176,0.9212122,-0.02190987,-0.01799312,-0.007867711,-0.06484724,1.015666,-0.04398659,0.05041518,-0.3240591,0.3581048,0.9304249,1
245.5571064,0.2773865,-0.3143466,1.41199,0.07167149,0.3149709,0.118303,0.938968,0.06005235,0.3750594,0.1015356,0.9194643,-0.02435326,0.006440773,-0.01641957,-0.07597665,1.007161,-0.03946748,0.04491443,-0.3238428,0.3553907,0.9345737,1
245.6267402,0.2768857,-0.3144501,1.411248,0.07103796,0.3187646,0.1157863,0.9380492,0.05913033,0.3789175,0.09833118,0.9182898,-0.04634375,-0.005776173,-0.01153279,-0.05793793,1.016021,-0.04372898,0.04019534,-0.3255602,0.3617691,0.9513453,1
245.6970165,0.2764215,-0.3145306,1.410655,0.07028059,0.3229277,0.1130763,0.9370123,0.05913033,0.3789175,0.09833118,0.9182898,-0.0365702,0.005219078,-0.0103111,-0.07743952,1.012257,-0.04372257,0.04571396,-0.3229172,0.3626636,0.9483904,1
245.7663482,0.2760433,-0.3145875,1.410258,0.06895952,0.327289,0.1096804,0.9360004,0.05839078,0.3829052,0.0955894,0.9169715,-0.03412681,0.0003323,-0.01275449,-0.06189289,1.013173,-0.04345184,0.04574545,-0.3267335,0.3617551,0.9486014,1
245.8368557,0.2757012,-0.3145433,1.409723,0.06754748,0.331672,0.1056732,0.935021,0.05666674,0.3890641,0.0913317,0.9149188,-0.02801834,-0.004554478,-0.01764126,-0.07398914,1.010978,-0.04295836,0.04949495,-0.3249764,0.3581074,0.9512011,1
245.9066245,0.2753925,-0.3144624,1.409286,0.06628775,0.3361606,0.1024348,0.9338679,0.05465364,0.3941737,0.08698457,0.9132764,-0.03046173,-0.008219562,-0.01641957,-0.06312066,1.01664,-0.04178453,0.04575644,-0.3257807,0.3608454,0.9527683,1
245.9764433,0.2751157,-0.3143651,1.409081,0.06487335,0.3406246,0.0995991,0.9326555,0.0529999,0.3989777,0.08365145,0.9115974,-0.02557495,-0.01066295,-0.007867711,-0.07471849,1.016385,-0.04156357,0.04297523,-0.3237634,0.360852,0.9429799,1
246.0465695,0.27483,-0.3142017,1.408795,0.06350722,0.3457789,0.09724995,0.9310995,0.0529999,0.3989777,0.08365145,0.9115974,-0.02801834,-0.009441256,-0.01153279,-0.06781518,1.0138,-0.04200085,0.04671374,-0.322959,0.3581141,0.9359104,1
246.1163452,0.2745618,-0.3139428,1.408411,0.0624412,0.3507567,0.0958963,0.9294486,0.05139524,0.4038135,0.08079949,0.9098157,-0.02313156,0.01010586,-0.009089405,-0.07472248,1.014425,-0.04202683,0.04670685,-0.3248656,0.3590239,0.9378262,1
246.186273,0.2743715,-0.313691,1.408303,0.0607276,0.3559503,0.09384637,0.9277955,0.04873099,0.41409,0.07730592,0.905637,-0.02557495,-0.002111089,-0.01275449,-0.07077048,1.016304,-0.04179846,0.04666159,-0.3248624,0.3617522,0.9368533,1
246.256646,0.2742024,-0.3133843,1.408203,0.05883326,0.3614934,0.09075325,0.9260805,0.04873099,0.41409,0.07730592,0.905637,-0.03046173,-0.01188464,-0.006646017,-0.0700388,1.011873,-0.04320733,0.04394894,-0.3247569,0.3581216,0.9350463,1
246.3262954,0.274041,-0.3130079,1.40796,0.05620703,0.3671066,0.08650162,0.9244409,0.0464306,0.4201968,0.07451952,0.9031754,-0.02924003,-0.01066295,-0.007867711,-0.06731529,1.013217,-0.04788953,0.04766547,-0.3258581,0.3572029,0.942363,1
246.3966733,0.2739608,-0.3126379,1.407997,0.05327495,0.3726214,0.08312464,0.9227163,0.04340072,0.4259793,0.07079354,0.900914,-0.01946648,-0.009441256,0.005570929,-0.0678166,1.01156,-0.0449177,0.04485818,-0.3247924,0.3590287,0.9466604,1
246.4664486,0.2738508,-0.3122017,1.407935,0.05067219,0.3778255,0.08131173,0.9209065,0.03846458,0.434552,0.06546935,0.89744,-0.03412681,-0.006997867,-0.004202627,-0.07101457,1.015778,-0.04474063,0.04851436,-0.3258894,0.3617477,0.9495344,1
246.5364752,0.2736768,-0.3117172,1.407687,0.04904358,0.3825909,0.08098286,0.9190543,0.03547039,0.4401655,0.06336869,0.894975,-0.04634375,-0.01066295,-0.006646017,-0.06634509,1.00737,-0.04559092,0.04856241,-0.3230321,0.3581093,0.9475971,1
246.6065064,0.2735183,-0.3112287,1.407453,0.04682918,0.3871439,0.08031431,0.9173202,0.03547039,0.4401655,0.06336869,0.894975,-0.03046173,-0.005776173,0.003127541,-0.06881309,1.007677,-0.04461836,0.0402365,-0.3246095,0.3590405,0.9639137,1
246.6767456,0.2733803,-0.310807,1.407384,0.04429874,0.391917,0.07876693,0.9155514,0.03320717,0.4474958,0.0620538,0.8915122,-0.02313156,0.001553995,-0.005424321,-0.0697806,1.01575,-0.04498296,0.04481291,-0.3247893,0.361757,0.9710231,1
246.7462443,0.2732113,-0.3104278,1.407165,0.04197819,0.3966986,0.07660197,0.9137836,0.02745296,0.4578393,0.05959207,0.8866106,-0.03412681,-0.003332783,-0.001759239,-0.07028747,1.012151,-0.04124584,0.04762709,-0.3239484,0.3590213,0.9586325,1
246.8164014,0.2731059,-0.3100975,1.406965,0.03976214,0.4011979,0.07425778,0.9121102,0.02745296,0.4578393,0.05959207,0.8866106,-0.03901359,-0.006997867,-0.01153279,-0.06779782,1.016613,-0.05015157,0.04299852,-0.325672,0.3599431,0.9530935,1
246.88644,0.2730942,-0.3098615,1.406917,0.03735949,0.4057692,0.07109664,0.91044,0.02419376,0.4641684,0.06029541,0.883361,-0.03412681,-0.003332783,-0.004202627,-0.07201155,1.011148,-0.04541358,0.04396813,-0.3257118,0.3572124,0.9446703,1
246.9567615,0.2730823,-0.3097072,1.407052,0.03492057,0.4107859,0.06735919,0.9085694,0.02108607,0.4689563,0.05725766,0.8811111,-0.04267867,-0.005776173,-0.007867711,-0.06731982,1.013769,-0.04347377,0.04939343,-0.3259228,0.3644737,0.9484245,1
247.0269686,0.2730371,-0.3095665,1.407049,0.03307946,0.4155602,0.06499913,0.906637,0.02108607,0.4689563,0.05725766,0.8811111,-0.03046173,-0.000889394,-0.0103111,-0.07052469,1.011798,-0.04910576,0.0466424,-0.3239076,0.3626615,0.9491067,1
247.0965707,0.2729403,-0.3094293,1.406894,0.03260306,0.4197695,0.06476972,0.9047295,0.01918777,0.4779235,0.05437541,0.8765068,-0.03046173,-0.002111089,-0.005424321,-0.07002902,1.014771,-0.04546098,0.04114575,-0.324645,0.3599476,0.950013,1
247.1856438,0.2728448,-0.3093895,1.406894,0.0328287,0.4236749,0.06583889,0.9028218,0.01802688,0.4826312,0.05359156,0.8739965,-0.0353485,-0.01188464,-0.01397618,-0.07101804,1.014313,-0.04471951,0.05042616,-0.3231063,0.3571951,0.9452624,1
247.2431623,0.2726867,-0.3094279,1.406857,0.03315826,0.4273214,0.06693146,0.901009,0.01787251,0.487444,0.05420897,0.8712865,-0.04634375,-0.002111089,-0.002980933,-0.06682799,1.014028,-0.04175595,0.04299032,-0.3237644,0.3599426,0.9426523,1